entity_slug,facet_key,allowed,defining,reviewer,review_batch,rationale
alcoholic-beverage,form,1,1,operator-corrective-review-v2,full-ontology-resolution-v2,Explicit entity/facet policy review
alcoholic-beverage,package_form,1,0,operator-corrective-review-v2,full-ontology-resolution-v2,Explicit entity/facet policy review
alcoholic-beverage,plant_part,1,1,operator-corrective-review-v2,full-ontology-resolution-v2,Explicit entity/facet policy review
alcoholic-beverage,preparation,1,1,operator-corrective-review-v2,full-ontology-resolution-v2,Explicit entity/facet policy review
alcoholic-beverage,preservation,1,1,operator-corrective-review-v2,full-ontology-resolution-v2,Explicit entity/facet policy review
alcoholic-beverage,processing,1,1,operator-corrective-review-v2,full-ontology-resolution-v2,Explicit entity/facet policy review
alcoholic-beverage,size,1,0,operator-corrective-review-v2,full-ontology-resolution-v2,Explicit entity/facet policy review
alcoholic-beverage,state,1,1,operator-corrective-review-v2,full-ontology-resolution-v2,Explicit entity/facet policy review
almond,form,1,1,operator-corrective-review-v2,full-ontology-resolution-v2,Explicit entity/facet policy review
almond,package_form,1,0,operator-corrective-review-v2,full-ontology-resolution-v2,Explicit entity/facet policy review
almond,plant_part,1,1,operator-corrective-review-v2,full-ontology-resolution-v2,Explicit entity/facet policy review
almond,preparation,1,1,operator-corrective-review-v2,full-ontology-resolution-v2,Explicit entity/facet policy review
almond,preservation,1,1,operator-corrective-review-v2,full-ontology-resolution-v2,Explicit entity/facet policy review
almond,processing,1,1,operator-corrective-review-v2,full-ontology-resolution-v2,Explicit entity/facet policy review
almond,saltedness,1,1,operator-corrective-review-v2,full-ontology-resolution-v2,Explicit entity/facet policy review
almond,size,1,0,operator-corrective-review-v2,full-ontology-resolution-v2,Explicit entity/facet policy review
almond,state,1,1,operator-corrective-review-v2,full-ontology-resolution-v2,Explicit entity/facet policy review
almonds,form,1,1,operator-corrective-review-v2,full-ontology-resolution-v2,Explicit entity/facet policy review
almonds,package_form,1,0,operator-corrective-review-v2,full-ontology-resolution-v2,Explicit entity/facet policy review
almonds,plant_part,1,1,operator-corrective-review-v2,full-ontology-resolution-v2,Explicit entity/facet policy review
almonds,preparation,1,1,operator-corrective-review-v2,full-ontology-resolution-v2,Explicit entity/facet policy review
almonds,preservation,1,1,operator-corrective-review-v2,full-ontology-resolution-v2,Explicit entity/facet policy review
almonds,processing,1,1,operator-corrective-review-v2,full-ontology-resolution-v2,Explicit entity/facet policy review
almonds,size,1,0,operator-corrective-review-v2,full-ontology-resolution-v2,Explicit entity/facet policy review
almonds,state,1,1,operator-corrective-review-v2,full-ontology-resolution-v2,Explicit entity/facet policy review
apple-juice,form,1,1,operator-corrective-review-v2,full-ontology-resolution-v2,Explicit entity/facet policy review
apple-juice,package_form,1,0,operator-corrective-review-v2,full-ontology-resolution-v2,Explicit entity/facet policy review
apple-juice,preparation,1,1,operator-corrective-review-v2,full-ontology-resolution-v2,Explicit entity/facet policy review
apple-juice,preservation,1,1,operator-corrective-review-v2,full-ontology-resolution-v2,Explicit entity/facet policy review
apple-juice,processing,1,1,operator-corrective-review-v2,full-ontology-resolution-v2,Explicit entity/facet policy review
apple-juice,size,1,0,operator-corrective-review-v2,full-ontology-resolution-v2,Explicit entity/facet policy review
apple-juice,state,1,1,operator-corrective-review-v2,full-ontology-resolution-v2,Explicit entity/facet policy review
avocado,form,1,1,operator-corrective-review-v2,full-ontology-resolution-v2,Explicit entity/facet policy review
avocado,package_form,1,0,operator-corrective-review-v2,full-ontology-resolution-v2,Explicit entity/facet policy review
avocado,plant_part,1,1,operator-corrective-review-v2,full-ontology-resolution-v2,Explicit entity/facet policy review
avocado,preparation,1,1,operator-corrective-review-v2,full-ontology-resolution-v2,Explicit entity/facet policy review
avocado,preservation,1,1,operator-corrective-review-v2,full-ontology-resolution-v2,Explicit entity/facet policy review
avocado,processing,1,1,operator-corrective-review-v2,full-ontology-resolution-v2,Explicit entity/facet policy review
avocado,size,1,0,operator-corrective-review-v2,full-ontology-resolution-v2,Explicit entity/facet policy review
avocado,state,1,1,operator-corrective-review-v2,full-ontology-resolution-v2,Explicit entity/facet policy review
bacon,form,1,1,operator-corrective-review-v2,full-ontology-resolution-v2,Explicit entity/facet policy review
bacon,package_form,1,0,operator-corrective-review-v2,full-ontology-resolution-v2,Explicit entity/facet policy review
bacon,plant_part,1,1,operator-corrective-review-v2,full-ontology-resolution-v2,Explicit entity/facet policy review
bacon,preparation,1,1,operator-corrective-review-v2,full-ontology-resolution-v2,Explicit entity/facet policy review
bacon,preservation,1,1,operator-corrective-review-v2,full-ontology-resolution-v2,Explicit entity/facet policy review
bacon,processing,1,1,operator-corrective-review-v2,full-ontology-resolution-v2,Explicit entity/facet policy review
bacon,size,1,0,operator-corrective-review-v2,full-ontology-resolution-v2,Explicit entity/facet policy review
bacon,state,1,1,operator-corrective-review-v2,full-ontology-resolution-v2,Explicit entity/facet policy review
baguette,form,1,1,operator-corrective-review-v2,full-ontology-resolution-v2,Explicit entity/facet policy review
baguette,package_form,1,0,operator-corrective-review-v2,full-ontology-resolution-v2,Explicit entity/facet policy review
baguette,plant_part,1,1,operator-corrective-review-v2,full-ontology-resolution-v2,Explicit entity/facet policy review
baguette,preparation,1,1,operator-corrective-review-v2,full-ontology-resolution-v2,Explicit entity/facet policy review
baguette,preservation,1,1,operator-corrective-review-v2,full-ontology-resolution-v2,Explicit entity/facet policy review
baguette,processing,1,1,operator-corrective-review-v2,full-ontology-resolution-v2,Explicit entity/facet policy review
baguette,size,1,0,operator-corrective-review-v2,full-ontology-resolution-v2,Explicit entity/facet policy review
baguette,state,1,1,operator-corrective-review-v2,full-ontology-resolution-v2,Explicit entity/facet policy review
baking-powder,form,1,1,operator-corrective-review-v2,full-ontology-resolution-v2,Explicit entity/facet policy review
baking-powder,package_form,1,0,operator-corrective-review-v2,full-ontology-resolution-v2,Explicit entity/facet policy review
baking-powder,plant_part,1,1,operator-corrective-review-v2,full-ontology-resolution-v2,Explicit entity/facet policy review
baking-powder,preparation,1,1,operator-corrective-review-v2,full-ontology-resolution-v2,Explicit entity/facet policy review
baking-powder,preservation,1,1,operator-corrective-review-v2,full-ontology-resolution-v2,Explicit entity/facet policy review
baking-powder,processing,1,1,operator-corrective-review-v2,full-ontology-resolution-v2,Explicit entity/facet policy review
baking-powder,size,1,0,operator-corrective-review-v2,full-ontology-resolution-v2,Explicit entity/facet policy review
baking-powder,state,1,1,operator-corrective-review-v2,full-ontology-resolution-v2,Explicit entity/facet policy review
baking-soda,form,1,1,operator-corrective-review-v2,full-ontology-resolution-v2,Explicit entity/facet policy review
baking-soda,package_form,1,0,operator-corrective-review-v2,full-ontology-resolution-v2,Explicit entity/facet policy review
baking-soda,plant_part,1,1,operator-corrective-review-v2,full-ontology-resolution-v2,Explicit entity/facet policy review
baking-soda,preparation,1,1,operator-corrective-review-v2,full-ontology-resolution-v2,Explicit entity/facet policy review
baking-soda,preservation,1,1,operator-corrective-review-v2,full-ontology-resolution-v2,Explicit entity/facet policy review
baking-soda,processing,1,1,operator-corrective-review-v2,full-ontology-resolution-v2,Explicit entity/facet policy review
baking-soda,size,1,0,operator-corrective-review-v2,full-ontology-resolution-v2,Explicit entity/facet policy review
baking-soda,state,1,1,operator-corrective-review-v2,full-ontology-resolution-v2,Explicit entity/facet policy review
banana,form,1,1,operator-corrective-review-v2,full-ontology-resolution-v2,Explicit entity/facet policy review
banana,package_form,1,0,operator-corrective-review-v2,full-ontology-resolution-v2,Explicit entity/facet policy review
banana,plant_part,1,1,operator-corrective-review-v2,full-ontology-resolution-v2,Explicit entity/facet policy review
banana,preparation,1,1,operator-corrective-review-v2,full-ontology-resolution-v2,Explicit entity/facet policy review
banana,preservation,1,1,operator-corrective-review-v2,full-ontology-resolution-v2,Explicit entity/facet policy review
banana,processing,1,1,operator-corrective-review-v2,full-ontology-resolution-v2,Explicit entity/facet policy review
banana,size,1,0,operator-corrective-review-v2,full-ontology-resolution-v2,Explicit entity/facet policy review
banana,state,1,1,operator-corrective-review-v2,full-ontology-resolution-v2,Explicit entity/facet policy review
barbecue-sauce,form,1,1,operator-corrective-review-v2,full-ontology-resolution-v2,Explicit entity/facet policy review
barbecue-sauce,package_form,1,0,operator-corrective-review-v2,full-ontology-resolution-v2,Explicit entity/facet policy review
barbecue-sauce,plant_part,1,1,operator-corrective-review-v2,full-ontology-resolution-v2,Explicit entity/facet policy review
barbecue-sauce,preparation,1,1,operator-corrective-review-v2,full-ontology-resolution-v2,Explicit entity/facet policy review
barbecue-sauce,preservation,1,1,operator-corrective-review-v2,full-ontology-resolution-v2,Explicit entity/facet policy review
barbecue-sauce,processing,1,1,operator-corrective-review-v2,full-ontology-resolution-v2,Explicit entity/facet policy review
barbecue-sauce,size,1,0,operator-corrective-review-v2,full-ontology-resolution-v2,Explicit entity/facet policy review
barbecue-sauce,state,1,1,operator-corrective-review-v2,full-ontology-resolution-v2,Explicit entity/facet policy review
basil,form,1,1,operator-corrective-review-v2,full-ontology-resolution-v2,Explicit entity/facet policy review
basil,package_form,1,0,operator-corrective-review-v2,full-ontology-resolution-v2,Explicit entity/facet policy review
basil,plant_part,1,1,operator-corrective-review-v2,full-ontology-resolution-v2,Explicit entity/facet policy review
basil,preparation,1,1,operator-corrective-review-v2,full-ontology-resolution-v2,Explicit entity/facet policy review
basil,preservation,1,1,operator-corrective-review-v2,full-ontology-resolution-v2,Explicit entity/facet policy review
basil,processing,1,1,operator-corrective-review-v2,full-ontology-resolution-v2,Explicit entity/facet policy review
basil,size,1,0,operator-corrective-review-v2,full-ontology-resolution-v2,Explicit entity/facet policy review
basil,state,1,1,operator-corrective-review-v2,full-ontology-resolution-v2,Explicit entity/facet policy review
bay-leaf,form,1,1,operator-corrective-review-v2,full-ontology-resolution-v2,Explicit entity/facet policy review
bay-leaf,package_form,1,0,operator-corrective-review-v2,full-ontology-resolution-v2,Explicit entity/facet policy review
bay-leaf,plant_part,1,1,operator-corrective-review-v2,full-ontology-resolution-v2,Explicit entity/facet policy review
bay-leaf,preparation,1,1,operator-corrective-review-v2,full-ontology-resolution-v2,Explicit entity/facet policy review
bay-leaf,preservation,1,1,operator-corrective-review-v2,full-ontology-resolution-v2,Explicit entity/facet policy review
bay-leaf,processing,1,1,operator-corrective-review-v2,full-ontology-resolution-v2,Explicit entity/facet policy review
bay-leaf,size,1,0,operator-corrective-review-v2,full-ontology-resolution-v2,Explicit entity/facet policy review
bay-leaf,state,1,1,operator-corrective-review-v2,full-ontology-resolution-v2,Explicit entity/facet policy review
bean,form,1,1,operator-corrective-review-v2,full-ontology-resolution-v2,Explicit entity/facet policy review
bean,package_form,1,0,operator-corrective-review-v2,full-ontology-resolution-v2,Explicit entity/facet policy review
bean,plant_part,1,1,operator-corrective-review-v2,full-ontology-resolution-v2,Explicit entity/facet policy review
bean,preparation,1,1,operator-corrective-review-v2,full-ontology-resolution-v2,Explicit entity/facet policy review
bean,preservation,1,1,operator-corrective-review-v2,full-ontology-resolution-v2,Explicit entity/facet policy review
bean,processing,1,1,operator-corrective-review-v2,full-ontology-resolution-v2,Explicit entity/facet policy review
bean,size,1,0,operator-corrective-review-v2,full-ontology-resolution-v2,Explicit entity/facet policy review
bean,state,1,1,operator-corrective-review-v2,full-ontology-resolution-v2,Explicit entity/facet policy review
beef,bone,1,1,operator-corrective-review-v2,full-ontology-resolution-v2,Explicit entity/facet policy review
beef,cut,1,1,operator-corrective-review-v2,full-ontology-resolution-v2,Explicit entity/facet policy review
beef,form,1,1,operator-corrective-review-v2,full-ontology-resolution-v2,Explicit entity/facet policy review
beef,package_form,1,0,operator-corrective-review-v2,full-ontology-resolution-v2,Explicit entity/facet policy review
beef,plant_part,1,1,operator-corrective-review-v2,full-ontology-resolution-v2,Explicit entity/facet policy review
beef,preparation,1,1,operator-corrective-review-v2,full-ontology-resolution-v2,Explicit entity/facet policy review
beef,preservation,1,1,operator-corrective-review-v2,full-ontology-resolution-v2,Explicit entity/facet policy review
beef,processing,1,1,operator-corrective-review-v2,full-ontology-resolution-v2,Explicit entity/facet policy review
beef,size,1,0,operator-corrective-review-v2,full-ontology-resolution-v2,Explicit entity/facet policy review
beef,skin,1,1,operator-corrective-review-v2,full-ontology-resolution-v2,Explicit entity/facet policy review
beef,species,1,1,operator-corrective-review-v2,full-ontology-resolution-v2,Explicit entity/facet policy review
beef,state,1,1,operator-corrective-review-v2,full-ontology-resolution-v2,Explicit entity/facet policy review
bell-pepper,form,1,1,operator-corrective-review-v2,full-ontology-resolution-v2,Explicit entity/facet policy review
bell-pepper,package_form,1,0,operator-corrective-review-v2,full-ontology-resolution-v2,Explicit entity/facet policy review
bell-pepper,plant_part,1,1,operator-corrective-review-v2,full-ontology-resolution-v2,Explicit entity/facet policy review
bell-pepper,preparation,1,1,operator-corrective-review-v2,full-ontology-resolution-v2,Explicit entity/facet policy review
bell-pepper,preservation,1,1,operator-corrective-review-v2,full-ontology-resolution-v2,Explicit entity/facet policy review
bell-pepper,processing,1,1,operator-corrective-review-v2,full-ontology-resolution-v2,Explicit entity/facet policy review
bell-pepper,size,1,0,operator-corrective-review-v2,full-ontology-resolution-v2,Explicit entity/facet policy review
bell-pepper,state,1,1,operator-corrective-review-v2,full-ontology-resolution-v2,Explicit entity/facet policy review
bell-pepper,variety,1,1,operator-corrective-review-v2,full-ontology-resolution-v2,Explicit entity/facet policy review
bibimbap,form,1,1,operator-corrective-review-v2,full-ontology-resolution-v2,Explicit entity/facet policy review
bibimbap,package_form,1,0,operator-corrective-review-v2,full-ontology-resolution-v2,Explicit entity/facet policy review
bibimbap,plant_part,1,1,operator-corrective-review-v2,full-ontology-resolution-v2,Explicit entity/facet policy review
bibimbap,preparation,1,1,operator-corrective-review-v2,full-ontology-resolution-v2,Explicit entity/facet policy review
bibimbap,preservation,1,1,operator-corrective-review-v2,full-ontology-resolution-v2,Explicit entity/facet policy review
bibimbap,processing,1,1,operator-corrective-review-v2,full-ontology-resolution-v2,Explicit entity/facet policy review
bibimbap,size,1,0,operator-corrective-review-v2,full-ontology-resolution-v2,Explicit entity/facet policy review
bibimbap,state,1,1,operator-corrective-review-v2,full-ontology-resolution-v2,Explicit entity/facet policy review
bitters,form,1,1,operator-corrective-review-v2,full-ontology-resolution-v2,Explicit entity/facet policy review
bitters,package_form,1,0,operator-corrective-review-v2,full-ontology-resolution-v2,Explicit entity/facet policy review
bitters,plant_part,1,1,operator-corrective-review-v2,full-ontology-resolution-v2,Explicit entity/facet policy review
bitters,preparation,1,1,operator-corrective-review-v2,full-ontology-resolution-v2,Explicit entity/facet policy review
bitters,preservation,1,1,operator-corrective-review-v2,full-ontology-resolution-v2,Explicit entity/facet policy review
bitters,processing,1,1,operator-corrective-review-v2,full-ontology-resolution-v2,Explicit entity/facet policy review
bitters,size,1,0,operator-corrective-review-v2,full-ontology-resolution-v2,Explicit entity/facet policy review
bitters,state,1,1,operator-corrective-review-v2,full-ontology-resolution-v2,Explicit entity/facet policy review
black-bean,form,1,1,operator-corrective-review-v2,full-ontology-resolution-v2,Explicit entity/facet policy review
black-bean,package_form,1,0,operator-corrective-review-v2,full-ontology-resolution-v2,Explicit entity/facet policy review
black-bean,plant_part,1,1,operator-corrective-review-v2,full-ontology-resolution-v2,Explicit entity/facet policy review
black-bean,preparation,1,1,operator-corrective-review-v2,full-ontology-resolution-v2,Explicit entity/facet policy review
black-bean,preservation,1,1,operator-corrective-review-v2,full-ontology-resolution-v2,Explicit entity/facet policy review
black-bean,processing,1,1,operator-corrective-review-v2,full-ontology-resolution-v2,Explicit entity/facet policy review
black-bean,size,1,0,operator-corrective-review-v2,full-ontology-resolution-v2,Explicit entity/facet policy review
black-bean,state,1,1,operator-corrective-review-v2,full-ontology-resolution-v2,Explicit entity/facet policy review
black-bean-salad,form,1,1,operator-corrective-review-v2,full-ontology-resolution-v2,Explicit entity/facet policy review
black-bean-salad,package_form,1,0,operator-corrective-review-v2,full-ontology-resolution-v2,Explicit entity/facet policy review
black-bean-salad,preparation,1,1,operator-corrective-review-v2,full-ontology-resolution-v2,Explicit entity/facet policy review
black-bean-salad,preservation,1,1,operator-corrective-review-v2,full-ontology-resolution-v2,Explicit entity/facet policy review
black-bean-salad,processing,1,1,operator-corrective-review-v2,full-ontology-resolution-v2,Explicit entity/facet policy review
black-bean-salad,size,1,0,operator-corrective-review-v2,full-ontology-resolution-v2,Explicit entity/facet policy review
black-bean-salad,state,1,1,operator-corrective-review-v2,full-ontology-resolution-v2,Explicit entity/facet policy review
black-bean-sauce,form,1,1,operator-corrective-review-v2,full-ontology-resolution-v2,Explicit entity/facet policy review
black-bean-sauce,package_form,1,0,operator-corrective-review-v2,full-ontology-resolution-v2,Explicit entity/facet policy review
black-bean-sauce,plant_part,1,1,operator-corrective-review-v2,full-ontology-resolution-v2,Explicit entity/facet policy review
black-bean-sauce,preparation,1,1,operator-corrective-review-v2,full-ontology-resolution-v2,Explicit entity/facet policy review
black-bean-sauce,preservation,1,1,operator-corrective-review-v2,full-ontology-resolution-v2,Explicit entity/facet policy review
black-bean-sauce,processing,1,1,operator-corrective-review-v2,full-ontology-resolution-v2,Explicit entity/facet policy review
black-bean-sauce,size,1,0,operator-corrective-review-v2,full-ontology-resolution-v2,Explicit entity/facet policy review
black-bean-sauce,state,1,1,operator-corrective-review-v2,full-ontology-resolution-v2,Explicit entity/facet policy review
black-beans,form,1,1,operator-corrective-review-v2,full-ontology-resolution-v2,Explicit entity/facet policy review
black-beans,package_form,1,0,operator-corrective-review-v2,full-ontology-resolution-v2,Explicit entity/facet policy review
black-beans,plant_part,1,1,operator-corrective-review-v2,full-ontology-resolution-v2,Explicit entity/facet policy review
black-beans,preparation,1,1,operator-corrective-review-v2,full-ontology-resolution-v2,Explicit entity/facet policy review
black-beans,preservation,1,1,operator-corrective-review-v2,full-ontology-resolution-v2,Explicit entity/facet policy review
black-beans,processing,1,1,operator-corrective-review-v2,full-ontology-resolution-v2,Explicit entity/facet policy review
black-beans,size,1,0,operator-corrective-review-v2,full-ontology-resolution-v2,Explicit entity/facet policy review
black-beans,state,1,1,operator-corrective-review-v2,full-ontology-resolution-v2,Explicit entity/facet policy review
blueberry,form,1,1,operator-corrective-review-v2,full-ontology-resolution-v2,Explicit entity/facet policy review
blueberry,package_form,1,0,operator-corrective-review-v2,full-ontology-resolution-v2,Explicit entity/facet policy review
blueberry,plant_part,1,1,operator-corrective-review-v2,full-ontology-resolution-v2,Explicit entity/facet policy review
blueberry,preparation,1,1,operator-corrective-review-v2,full-ontology-resolution-v2,Explicit entity/facet policy review
blueberry,preservation,1,1,operator-corrective-review-v2,full-ontology-resolution-v2,Explicit entity/facet policy review
blueberry,processing,1,1,operator-corrective-review-v2,full-ontology-resolution-v2,Explicit entity/facet policy review
blueberry,size,1,0,operator-corrective-review-v2,full-ontology-resolution-v2,Explicit entity/facet policy review
blueberry,state,1,1,operator-corrective-review-v2,full-ontology-resolution-v2,Explicit entity/facet policy review
bread,form,1,1,operator-corrective-review-v2,full-ontology-resolution-v2,Explicit entity/facet policy review
bread,package_form,1,0,operator-corrective-review-v2,full-ontology-resolution-v2,Explicit entity/facet policy review
bread,plant_part,1,1,operator-corrective-review-v2,full-ontology-resolution-v2,Explicit entity/facet policy review
bread,preparation,1,1,operator-corrective-review-v2,full-ontology-resolution-v2,Explicit entity/facet policy review
bread,preservation,1,1,operator-corrective-review-v2,full-ontology-resolution-v2,Explicit entity/facet policy review
bread,processing,1,1,operator-corrective-review-v2,full-ontology-resolution-v2,Explicit entity/facet policy review
bread,size,1,0,operator-corrective-review-v2,full-ontology-resolution-v2,Explicit entity/facet policy review
bread,state,1,1,operator-corrective-review-v2,full-ontology-resolution-v2,Explicit entity/facet policy review
breadcrumbs,form,1,1,operator-corrective-review-v2,full-ontology-resolution-v2,Explicit entity/facet policy review
breadcrumbs,package_form,1,0,operator-corrective-review-v2,full-ontology-resolution-v2,Explicit entity/facet policy review
breadcrumbs,plant_part,1,1,operator-corrective-review-v2,full-ontology-resolution-v2,Explicit entity/facet policy review
breadcrumbs,preparation,1,1,operator-corrective-review-v2,full-ontology-resolution-v2,Explicit entity/facet policy review
breadcrumbs,preservation,1,1,operator-corrective-review-v2,full-ontology-resolution-v2,Explicit entity/facet policy review
breadcrumbs,processing,1,1,operator-corrective-review-v2,full-ontology-resolution-v2,Explicit entity/facet policy review
breadcrumbs,size,1,0,operator-corrective-review-v2,full-ontology-resolution-v2,Explicit entity/facet policy review
breadcrumbs,state,1,1,operator-corrective-review-v2,full-ontology-resolution-v2,Explicit entity/facet policy review
brie,cream_class,1,1,operator-corrective-review-v2,full-ontology-resolution-v2,Explicit entity/facet policy review
brie,fat_content,1,1,operator-corrective-review-v2,full-ontology-resolution-v2,Explicit entity/facet policy review
brie,form,1,1,operator-corrective-review-v2,full-ontology-resolution-v2,Explicit entity/facet policy review
brie,package_form,1,0,operator-corrective-review-v2,full-ontology-resolution-v2,Explicit entity/facet policy review
brie,plant_part,1,1,operator-corrective-review-v2,full-ontology-resolution-v2,Explicit entity/facet policy review
brie,preparation,1,1,operator-corrective-review-v2,full-ontology-resolution-v2,Explicit entity/facet policy review
brie,preservation,1,1,operator-corrective-review-v2,full-ontology-resolution-v2,Explicit entity/facet policy review
brie,processing,1,1,operator-corrective-review-v2,full-ontology-resolution-v2,Explicit entity/facet policy review
brie,size,1,0,operator-corrective-review-v2,full-ontology-resolution-v2,Explicit entity/facet policy review
brie,state,1,1,operator-corrective-review-v2,full-ontology-resolution-v2,Explicit entity/facet policy review
broccoli,form,1,1,operator-corrective-review-v2,full-ontology-resolution-v2,Explicit entity/facet policy review
broccoli,package_form,1,0,operator-corrective-review-v2,full-ontology-resolution-v2,Explicit entity/facet policy review
broccoli,plant_part,1,1,operator-corrective-review-v2,full-ontology-resolution-v2,Explicit entity/facet policy review
broccoli,preparation,1,1,operator-corrective-review-v2,full-ontology-resolution-v2,Explicit entity/facet policy review
broccoli,preservation,1,1,operator-corrective-review-v2,full-ontology-resolution-v2,Explicit entity/facet policy review
broccoli,processing,1,1,operator-corrective-review-v2,full-ontology-resolution-v2,Explicit entity/facet policy review
broccoli,size,1,0,operator-corrective-review-v2,full-ontology-resolution-v2,Explicit entity/facet policy review
broccoli,state,1,1,operator-corrective-review-v2,full-ontology-resolution-v2,Explicit entity/facet policy review
brown-mustard,form,1,1,operator-corrective-review-v2,full-ontology-resolution-v2,Explicit entity/facet policy review
brown-mustard,package_form,1,0,operator-corrective-review-v2,full-ontology-resolution-v2,Explicit entity/facet policy review
brown-mustard,plant_part,1,1,operator-corrective-review-v2,full-ontology-resolution-v2,Explicit entity/facet policy review
brown-mustard,preparation,1,1,operator-corrective-review-v2,full-ontology-resolution-v2,Explicit entity/facet policy review
brown-mustard,preservation,1,1,operator-corrective-review-v2,full-ontology-resolution-v2,Explicit entity/facet policy review
brown-mustard,processing,1,1,operator-corrective-review-v2,full-ontology-resolution-v2,Explicit entity/facet policy review
brown-mustard,size,1,0,operator-corrective-review-v2,full-ontology-resolution-v2,Explicit entity/facet policy review
brown-mustard,state,1,1,operator-corrective-review-v2,full-ontology-resolution-v2,Explicit entity/facet policy review
buns,form,1,1,operator-corrective-review-v2,full-ontology-resolution-v2,Explicit entity/facet policy review
buns,package_form,1,0,operator-corrective-review-v2,full-ontology-resolution-v2,Explicit entity/facet policy review
buns,plant_part,1,1,operator-corrective-review-v2,full-ontology-resolution-v2,Explicit entity/facet policy review
buns,preparation,1,1,operator-corrective-review-v2,full-ontology-resolution-v2,Explicit entity/facet policy review
buns,preservation,1,1,operator-corrective-review-v2,full-ontology-resolution-v2,Explicit entity/facet policy review
buns,processing,1,1,operator-corrective-review-v2,full-ontology-resolution-v2,Explicit entity/facet policy review
buns,size,1,0,operator-corrective-review-v2,full-ontology-resolution-v2,Explicit entity/facet policy review
buns,state,1,1,operator-corrective-review-v2,full-ontology-resolution-v2,Explicit entity/facet policy review
butter,form,1,1,operator-corrective-review-v2,full-ontology-resolution-v2,Explicit entity/facet policy review
butter,package_form,1,0,operator-corrective-review-v2,full-ontology-resolution-v2,Explicit entity/facet policy review
butter,plant_part,1,1,operator-corrective-review-v2,full-ontology-resolution-v2,Explicit entity/facet policy review
butter,preparation,1,1,operator-corrective-review-v2,full-ontology-resolution-v2,Explicit entity/facet policy review
butter,preservation,1,1,operator-corrective-review-v2,full-ontology-resolution-v2,Explicit entity/facet policy review
butter,processing,1,1,operator-corrective-review-v2,full-ontology-resolution-v2,Explicit entity/facet policy review
butter,saltedness,1,1,operator-corrective-review-v2,full-ontology-resolution-v2,Explicit entity/facet policy review
butter,size,1,0,operator-corrective-review-v2,full-ontology-resolution-v2,Explicit entity/facet policy review
butter,state,1,1,operator-corrective-review-v2,full-ontology-resolution-v2,Explicit entity/facet policy review
buttermilk,cream_class,1,1,operator-corrective-review-v2,full-ontology-resolution-v2,Explicit entity/facet policy review
buttermilk,fat_content,1,1,operator-corrective-review-v2,full-ontology-resolution-v2,Explicit entity/facet policy review
buttermilk,form,1,1,operator-corrective-review-v2,full-ontology-resolution-v2,Explicit entity/facet policy review
buttermilk,package_form,1,0,operator-corrective-review-v2,full-ontology-resolution-v2,Explicit entity/facet policy review
buttermilk,plant_part,1,1,operator-corrective-review-v2,full-ontology-resolution-v2,Explicit entity/facet policy review
buttermilk,preparation,1,1,operator-corrective-review-v2,full-ontology-resolution-v2,Explicit entity/facet policy review
buttermilk,preservation,1,1,operator-corrective-review-v2,full-ontology-resolution-v2,Explicit entity/facet policy review
buttermilk,processing,1,1,operator-corrective-review-v2,full-ontology-resolution-v2,Explicit entity/facet policy review
buttermilk,size,1,0,operator-corrective-review-v2,full-ontology-resolution-v2,Explicit entity/facet policy review
buttermilk,state,1,1,operator-corrective-review-v2,full-ontology-resolution-v2,Explicit entity/facet policy review
caesar-dressing,form,1,1,operator-corrective-review-v2,full-ontology-resolution-v2,Explicit entity/facet policy review
caesar-dressing,package_form,1,0,operator-corrective-review-v2,full-ontology-resolution-v2,Explicit entity/facet policy review
caesar-dressing,plant_part,1,1,operator-corrective-review-v2,full-ontology-resolution-v2,Explicit entity/facet policy review
caesar-dressing,preparation,1,1,operator-corrective-review-v2,full-ontology-resolution-v2,Explicit entity/facet policy review
caesar-dressing,preservation,1,1,operator-corrective-review-v2,full-ontology-resolution-v2,Explicit entity/facet policy review
caesar-dressing,processing,1,1,operator-corrective-review-v2,full-ontology-resolution-v2,Explicit entity/facet policy review
caesar-dressing,size,1,0,operator-corrective-review-v2,full-ontology-resolution-v2,Explicit entity/facet policy review
caesar-dressing,state,1,1,operator-corrective-review-v2,full-ontology-resolution-v2,Explicit entity/facet policy review
cake,form,1,1,operator-corrective-review-v2,full-ontology-resolution-v2,Explicit entity/facet policy review
cake,package_form,1,0,operator-corrective-review-v2,full-ontology-resolution-v2,Explicit entity/facet policy review
cake,plant_part,1,1,operator-corrective-review-v2,full-ontology-resolution-v2,Explicit entity/facet policy review
cake,preparation,1,1,operator-corrective-review-v2,full-ontology-resolution-v2,Explicit entity/facet policy review
cake,preservation,1,1,operator-corrective-review-v2,full-ontology-resolution-v2,Explicit entity/facet policy review
cake,processing,1,1,operator-corrective-review-v2,full-ontology-resolution-v2,Explicit entity/facet policy review
cake,size,1,0,operator-corrective-review-v2,full-ontology-resolution-v2,Explicit entity/facet policy review
cake,state,1,1,operator-corrective-review-v2,full-ontology-resolution-v2,Explicit entity/facet policy review
capsicum,form,1,1,operator-corrective-review-v2,full-ontology-resolution-v2,Explicit entity/facet policy review
capsicum,package_form,1,0,operator-corrective-review-v2,full-ontology-resolution-v2,Explicit entity/facet policy review
capsicum,plant_part,1,1,operator-corrective-review-v2,full-ontology-resolution-v2,Explicit entity/facet policy review
capsicum,preparation,1,1,operator-corrective-review-v2,full-ontology-resolution-v2,Explicit entity/facet policy review
capsicum,preservation,1,1,operator-corrective-review-v2,full-ontology-resolution-v2,Explicit entity/facet policy review
capsicum,processing,1,1,operator-corrective-review-v2,full-ontology-resolution-v2,Explicit entity/facet policy review
capsicum,size,1,0,operator-corrective-review-v2,full-ontology-resolution-v2,Explicit entity/facet policy review
capsicum,state,1,1,operator-corrective-review-v2,full-ontology-resolution-v2,Explicit entity/facet policy review
capsicum,variety,1,1,operator-corrective-review-v2,full-ontology-resolution-v2,Explicit entity/facet policy review
cardamom,form,1,1,operator-corrective-review-v2,full-ontology-resolution-v2,Explicit entity/facet policy review
cardamom,package_form,1,0,operator-corrective-review-v2,full-ontology-resolution-v2,Explicit entity/facet policy review
cardamom,plant_part,1,1,operator-corrective-review-v2,full-ontology-resolution-v2,Explicit entity/facet policy review
cardamom,preparation,1,1,operator-corrective-review-v2,full-ontology-resolution-v2,Explicit entity/facet policy review
cardamom,preservation,1,1,operator-corrective-review-v2,full-ontology-resolution-v2,Explicit entity/facet policy review
cardamom,processing,1,1,operator-corrective-review-v2,full-ontology-resolution-v2,Explicit entity/facet policy review
cardamom,size,1,0,operator-corrective-review-v2,full-ontology-resolution-v2,Explicit entity/facet policy review
cardamom,state,1,1,operator-corrective-review-v2,full-ontology-resolution-v2,Explicit entity/facet policy review
carrot,form,1,1,operator-corrective-review-v2,full-ontology-resolution-v2,Explicit entity/facet policy review
carrot,package_form,1,0,operator-corrective-review-v2,full-ontology-resolution-v2,Explicit entity/facet policy review
carrot,plant_part,1,1,operator-corrective-review-v2,full-ontology-resolution-v2,Explicit entity/facet policy review
carrot,preparation,1,1,operator-corrective-review-v2,full-ontology-resolution-v2,Explicit entity/facet policy review
carrot,preservation,1,1,operator-corrective-review-v2,full-ontology-resolution-v2,Explicit entity/facet policy review
carrot,processing,1,1,operator-corrective-review-v2,full-ontology-resolution-v2,Explicit entity/facet policy review
carrot,size,1,0,operator-corrective-review-v2,full-ontology-resolution-v2,Explicit entity/facet policy review
carrot,state,1,1,operator-corrective-review-v2,full-ontology-resolution-v2,Explicit entity/facet policy review
cauliflower,form,1,1,operator-corrective-review-v2,full-ontology-resolution-v2,Explicit entity/facet policy review
cauliflower,package_form,1,0,operator-corrective-review-v2,full-ontology-resolution-v2,Explicit entity/facet policy review
cauliflower,plant_part,1,1,operator-corrective-review-v2,full-ontology-resolution-v2,Explicit entity/facet policy review
cauliflower,preparation,1,1,operator-corrective-review-v2,full-ontology-resolution-v2,Explicit entity/facet policy review
cauliflower,preservation,1,1,operator-corrective-review-v2,full-ontology-resolution-v2,Explicit entity/facet policy review
cauliflower,processing,1,1,operator-corrective-review-v2,full-ontology-resolution-v2,Explicit entity/facet policy review
cauliflower,size,1,0,operator-corrective-review-v2,full-ontology-resolution-v2,Explicit entity/facet policy review
cauliflower,state,1,1,operator-corrective-review-v2,full-ontology-resolution-v2,Explicit entity/facet policy review
cayenne-pepper,form,1,1,operator-corrective-review-v2,full-ontology-resolution-v2,Explicit entity/facet policy review
cayenne-pepper,package_form,1,0,operator-corrective-review-v2,full-ontology-resolution-v2,Explicit entity/facet policy review
cayenne-pepper,plant_part,1,1,operator-corrective-review-v2,full-ontology-resolution-v2,Explicit entity/facet policy review
cayenne-pepper,preparation,1,1,operator-corrective-review-v2,full-ontology-resolution-v2,Explicit entity/facet policy review
cayenne-pepper,preservation,1,1,operator-corrective-review-v2,full-ontology-resolution-v2,Explicit entity/facet policy review
cayenne-pepper,processing,1,1,operator-corrective-review-v2,full-ontology-resolution-v2,Explicit entity/facet policy review
cayenne-pepper,size,1,0,operator-corrective-review-v2,full-ontology-resolution-v2,Explicit entity/facet policy review
cayenne-pepper,state,1,1,operator-corrective-review-v2,full-ontology-resolution-v2,Explicit entity/facet policy review
celery,form,1,1,operator-corrective-review-v2,full-ontology-resolution-v2,Explicit entity/facet policy review
celery,package_form,1,0,operator-corrective-review-v2,full-ontology-resolution-v2,Explicit entity/facet policy review
celery,plant_part,1,1,operator-corrective-review-v2,full-ontology-resolution-v2,Explicit entity/facet policy review
celery,preparation,1,1,operator-corrective-review-v2,full-ontology-resolution-v2,Explicit entity/facet policy review
celery,preservation,1,1,operator-corrective-review-v2,full-ontology-resolution-v2,Explicit entity/facet policy review
celery,processing,1,1,operator-corrective-review-v2,full-ontology-resolution-v2,Explicit entity/facet policy review
celery,size,1,0,operator-corrective-review-v2,full-ontology-resolution-v2,Explicit entity/facet policy review
celery,state,1,1,operator-corrective-review-v2,full-ontology-resolution-v2,Explicit entity/facet policy review
cereal,form,1,1,operator-corrective-review-v2,full-ontology-resolution-v2,Explicit entity/facet policy review
cereal,package_form,1,0,operator-corrective-review-v2,full-ontology-resolution-v2,Explicit entity/facet policy review
cereal,plant_part,1,1,operator-corrective-review-v2,full-ontology-resolution-v2,Explicit entity/facet policy review
cereal,preparation,1,1,operator-corrective-review-v2,full-ontology-resolution-v2,Explicit entity/facet policy review
cereal,preservation,1,1,operator-corrective-review-v2,full-ontology-resolution-v2,Explicit entity/facet policy review
cereal,processing,1,1,operator-corrective-review-v2,full-ontology-resolution-v2,Explicit entity/facet policy review
cereal,size,1,0,operator-corrective-review-v2,full-ontology-resolution-v2,Explicit entity/facet policy review
cereal,state,1,1,operator-corrective-review-v2,full-ontology-resolution-v2,Explicit entity/facet policy review
cheddar,form,1,1,operator-corrective-review-v2,full-ontology-resolution-v2,Explicit entity/facet policy review
cheddar,package_form,1,0,operator-corrective-review-v2,full-ontology-resolution-v2,Explicit entity/facet policy review
cheddar,plant_part,1,1,operator-corrective-review-v2,full-ontology-resolution-v2,Explicit entity/facet policy review
cheddar,preparation,1,1,operator-corrective-review-v2,full-ontology-resolution-v2,Explicit entity/facet policy review
cheddar,preservation,1,1,operator-corrective-review-v2,full-ontology-resolution-v2,Explicit entity/facet policy review
cheddar,processing,1,1,operator-corrective-review-v2,full-ontology-resolution-v2,Explicit entity/facet policy review
cheddar,size,1,0,operator-corrective-review-v2,full-ontology-resolution-v2,Explicit entity/facet policy review
cheddar,state,1,1,operator-corrective-review-v2,full-ontology-resolution-v2,Explicit entity/facet policy review
cheese,form,1,1,operator-corrective-review-v2,full-ontology-resolution-v2,Explicit entity/facet policy review
cheese,package_form,1,0,operator-corrective-review-v2,full-ontology-resolution-v2,Explicit entity/facet policy review
cheese,plant_part,1,1,operator-corrective-review-v2,full-ontology-resolution-v2,Explicit entity/facet policy review
cheese,preparation,1,1,operator-corrective-review-v2,full-ontology-resolution-v2,Explicit entity/facet policy review
cheese,preservation,1,1,operator-corrective-review-v2,full-ontology-resolution-v2,Explicit entity/facet policy review
cheese,processing,1,1,operator-corrective-review-v2,full-ontology-resolution-v2,Explicit entity/facet policy review
cheese,size,1,0,operator-corrective-review-v2,full-ontology-resolution-v2,Explicit entity/facet policy review
cheese,state,1,1,operator-corrective-review-v2,full-ontology-resolution-v2,Explicit entity/facet policy review
cheese-soup,form,1,1,operator-corrective-review-v2,full-ontology-resolution-v2,Explicit entity/facet policy review
cheese-soup,package_form,1,0,operator-corrective-review-v2,full-ontology-resolution-v2,Explicit entity/facet policy review
cheese-soup,preparation,1,1,operator-corrective-review-v2,full-ontology-resolution-v2,Explicit entity/facet policy review
cheese-soup,preservation,1,1,operator-corrective-review-v2,full-ontology-resolution-v2,Explicit entity/facet policy review
cheese-soup,processing,1,1,operator-corrective-review-v2,full-ontology-resolution-v2,Explicit entity/facet policy review
cheese-soup,size,1,0,operator-corrective-review-v2,full-ontology-resolution-v2,Explicit entity/facet policy review
cheese-soup,state,1,1,operator-corrective-review-v2,full-ontology-resolution-v2,Explicit entity/facet policy review
cherry,form,1,1,operator-corrective-review-v2,full-ontology-resolution-v2,Explicit entity/facet policy review
cherry,package_form,1,0,operator-corrective-review-v2,full-ontology-resolution-v2,Explicit entity/facet policy review
cherry,plant_part,1,1,operator-corrective-review-v2,full-ontology-resolution-v2,Explicit entity/facet policy review
cherry,preparation,1,1,operator-corrective-review-v2,full-ontology-resolution-v2,Explicit entity/facet policy review
cherry,preservation,1,1,operator-corrective-review-v2,full-ontology-resolution-v2,Explicit entity/facet policy review
cherry,processing,1,1,operator-corrective-review-v2,full-ontology-resolution-v2,Explicit entity/facet policy review
cherry,size,1,0,operator-corrective-review-v2,full-ontology-resolution-v2,Explicit entity/facet policy review
cherry,state,1,1,operator-corrective-review-v2,full-ontology-resolution-v2,Explicit entity/facet policy review
cherry-pie,form,1,1,operator-corrective-review-v2,full-ontology-resolution-v2,Explicit entity/facet policy review
cherry-pie,package_form,1,0,operator-corrective-review-v2,full-ontology-resolution-v2,Explicit entity/facet policy review
cherry-pie,plant_part,1,1,operator-corrective-review-v2,full-ontology-resolution-v2,Explicit entity/facet policy review
cherry-pie,preparation,1,1,operator-corrective-review-v2,full-ontology-resolution-v2,Explicit entity/facet policy review
cherry-pie,preservation,1,1,operator-corrective-review-v2,full-ontology-resolution-v2,Explicit entity/facet policy review
cherry-pie,processing,1,1,operator-corrective-review-v2,full-ontology-resolution-v2,Explicit entity/facet policy review
cherry-pie,size,1,0,operator-corrective-review-v2,full-ontology-resolution-v2,Explicit entity/facet policy review
cherry-pie,state,1,1,operator-corrective-review-v2,full-ontology-resolution-v2,Explicit entity/facet policy review
chicken,bone,1,1,operator-corrective-review-v2,full-ontology-resolution-v2,Explicit entity/facet policy review
chicken,cut,1,1,operator-corrective-review-v2,full-ontology-resolution-v2,Explicit entity/facet policy review
chicken,form,1,1,operator-corrective-review-v2,full-ontology-resolution-v2,Explicit entity/facet policy review
chicken,package_form,1,0,operator-corrective-review-v2,full-ontology-resolution-v2,Explicit entity/facet policy review
chicken,plant_part,1,1,operator-corrective-review-v2,full-ontology-resolution-v2,Explicit entity/facet policy review
chicken,preparation,1,1,operator-corrective-review-v2,full-ontology-resolution-v2,Explicit entity/facet policy review
chicken,preservation,1,1,operator-corrective-review-v2,full-ontology-resolution-v2,Explicit entity/facet policy review
chicken,processing,1,1,operator-corrective-review-v2,full-ontology-resolution-v2,Explicit entity/facet policy review
chicken,size,1,0,operator-corrective-review-v2,full-ontology-resolution-v2,Explicit entity/facet policy review
chicken,skin,1,1,operator-corrective-review-v2,full-ontology-resolution-v2,Explicit entity/facet policy review
chicken,species,1,1,operator-corrective-review-v2,full-ontology-resolution-v2,Explicit entity/facet policy review
chicken,state,1,1,operator-corrective-review-v2,full-ontology-resolution-v2,Explicit entity/facet policy review
chicken-sauce,form,1,1,operator-corrective-review-v2,full-ontology-resolution-v2,Explicit entity/facet policy review
chicken-sauce,package_form,1,0,operator-corrective-review-v2,full-ontology-resolution-v2,Explicit entity/facet policy review
chicken-sauce,plant_part,1,1,operator-corrective-review-v2,full-ontology-resolution-v2,Explicit entity/facet policy review
chicken-sauce,preparation,1,1,operator-corrective-review-v2,full-ontology-resolution-v2,Explicit entity/facet policy review
chicken-sauce,preservation,1,1,operator-corrective-review-v2,full-ontology-resolution-v2,Explicit entity/facet policy review
chicken-sauce,processing,1,1,operator-corrective-review-v2,full-ontology-resolution-v2,Explicit entity/facet policy review
chicken-sauce,size,1,0,operator-corrective-review-v2,full-ontology-resolution-v2,Explicit entity/facet policy review
chicken-sauce,state,1,1,operator-corrective-review-v2,full-ontology-resolution-v2,Explicit entity/facet policy review
chili-garlic-sauce,form,1,1,operator-corrective-review-v2,full-ontology-resolution-v2,Explicit entity/facet policy review
chili-garlic-sauce,package_form,1,0,operator-corrective-review-v2,full-ontology-resolution-v2,Explicit entity/facet policy review
chili-garlic-sauce,plant_part,1,1,operator-corrective-review-v2,full-ontology-resolution-v2,Explicit entity/facet policy review
chili-garlic-sauce,preparation,1,1,operator-corrective-review-v2,full-ontology-resolution-v2,Explicit entity/facet policy review
chili-garlic-sauce,preservation,1,1,operator-corrective-review-v2,full-ontology-resolution-v2,Explicit entity/facet policy review
chili-garlic-sauce,processing,1,1,operator-corrective-review-v2,full-ontology-resolution-v2,Explicit entity/facet policy review
chili-garlic-sauce,size,1,0,operator-corrective-review-v2,full-ontology-resolution-v2,Explicit entity/facet policy review
chili-garlic-sauce,state,1,1,operator-corrective-review-v2,full-ontology-resolution-v2,Explicit entity/facet policy review
chili-paste,form,1,1,operator-corrective-review-v2,full-ontology-resolution-v2,Explicit entity/facet policy review
chili-paste,package_form,1,0,operator-corrective-review-v2,full-ontology-resolution-v2,Explicit entity/facet policy review
chili-paste,plant_part,1,1,operator-corrective-review-v2,full-ontology-resolution-v2,Explicit entity/facet policy review
chili-paste,preparation,1,1,operator-corrective-review-v2,full-ontology-resolution-v2,Explicit entity/facet policy review
chili-paste,preservation,1,1,operator-corrective-review-v2,full-ontology-resolution-v2,Explicit entity/facet policy review
chili-paste,processing,1,1,operator-corrective-review-v2,full-ontology-resolution-v2,Explicit entity/facet policy review
chili-paste,size,1,0,operator-corrective-review-v2,full-ontology-resolution-v2,Explicit entity/facet policy review
chili-paste,state,1,1,operator-corrective-review-v2,full-ontology-resolution-v2,Explicit entity/facet policy review
chili-pepper,form,1,1,operator-corrective-review-v2,full-ontology-resolution-v2,Explicit entity/facet policy review
chili-pepper,package_form,1,0,operator-corrective-review-v2,full-ontology-resolution-v2,Explicit entity/facet policy review
chili-pepper,plant_part,1,1,operator-corrective-review-v2,full-ontology-resolution-v2,Explicit entity/facet policy review
chili-pepper,preparation,1,1,operator-corrective-review-v2,full-ontology-resolution-v2,Explicit entity/facet policy review
chili-pepper,preservation,1,1,operator-corrective-review-v2,full-ontology-resolution-v2,Explicit entity/facet policy review
chili-pepper,processing,1,1,operator-corrective-review-v2,full-ontology-resolution-v2,Explicit entity/facet policy review
chili-pepper,size,1,0,operator-corrective-review-v2,full-ontology-resolution-v2,Explicit entity/facet policy review
chili-pepper,state,1,1,operator-corrective-review-v2,full-ontology-resolution-v2,Explicit entity/facet policy review
chilli-pepper,form,1,1,operator-corrective-review-v2,full-ontology-resolution-v2,Explicit entity/facet policy review
chilli-pepper,package_form,1,0,operator-corrective-review-v2,full-ontology-resolution-v2,Explicit entity/facet policy review
chilli-pepper,plant_part,1,1,operator-corrective-review-v2,full-ontology-resolution-v2,Explicit entity/facet policy review
chilli-pepper,preparation,1,1,operator-corrective-review-v2,full-ontology-resolution-v2,Explicit entity/facet policy review
chilli-pepper,preservation,1,1,operator-corrective-review-v2,full-ontology-resolution-v2,Explicit entity/facet policy review
chilli-pepper,processing,1,1,operator-corrective-review-v2,full-ontology-resolution-v2,Explicit entity/facet policy review
chilli-pepper,size,1,0,operator-corrective-review-v2,full-ontology-resolution-v2,Explicit entity/facet policy review
chilli-pepper,state,1,1,operator-corrective-review-v2,full-ontology-resolution-v2,Explicit entity/facet policy review
chilli-pepper,variety,1,1,operator-corrective-review-v2,full-ontology-resolution-v2,Explicit entity/facet policy review
chimichurri-sauce,form,1,1,operator-corrective-review-v2,full-ontology-resolution-v2,Explicit entity/facet policy review
chimichurri-sauce,package_form,1,0,operator-corrective-review-v2,full-ontology-resolution-v2,Explicit entity/facet policy review
chimichurri-sauce,plant_part,1,1,operator-corrective-review-v2,full-ontology-resolution-v2,Explicit entity/facet policy review
chimichurri-sauce,preparation,1,1,operator-corrective-review-v2,full-ontology-resolution-v2,Explicit entity/facet policy review
chimichurri-sauce,preservation,1,1,operator-corrective-review-v2,full-ontology-resolution-v2,Explicit entity/facet policy review
chimichurri-sauce,processing,1,1,operator-corrective-review-v2,full-ontology-resolution-v2,Explicit entity/facet policy review
chimichurri-sauce,size,1,0,operator-corrective-review-v2,full-ontology-resolution-v2,Explicit entity/facet policy review
chimichurri-sauce,state,1,1,operator-corrective-review-v2,full-ontology-resolution-v2,Explicit entity/facet policy review
chips,form,1,1,operator-corrective-review-v2,full-ontology-resolution-v2,Explicit entity/facet policy review
chips,package_form,1,0,operator-corrective-review-v2,full-ontology-resolution-v2,Explicit entity/facet policy review
chips,plant_part,1,1,operator-corrective-review-v2,full-ontology-resolution-v2,Explicit entity/facet policy review
chips,preparation,1,1,operator-corrective-review-v2,full-ontology-resolution-v2,Explicit entity/facet policy review
chips,preservation,1,1,operator-corrective-review-v2,full-ontology-resolution-v2,Explicit entity/facet policy review
chips,processing,1,1,operator-corrective-review-v2,full-ontology-resolution-v2,Explicit entity/facet policy review
chips,size,1,0,operator-corrective-review-v2,full-ontology-resolution-v2,Explicit entity/facet policy review
chips,state,1,1,operator-corrective-review-v2,full-ontology-resolution-v2,Explicit entity/facet policy review
chives,form,1,1,operator-corrective-review-v2,full-ontology-resolution-v2,Explicit entity/facet policy review
chives,package_form,1,0,operator-corrective-review-v2,full-ontology-resolution-v2,Explicit entity/facet policy review
chives,plant_part,1,1,operator-corrective-review-v2,full-ontology-resolution-v2,Explicit entity/facet policy review
chives,preparation,1,1,operator-corrective-review-v2,full-ontology-resolution-v2,Explicit entity/facet policy review
chives,preservation,1,1,operator-corrective-review-v2,full-ontology-resolution-v2,Explicit entity/facet policy review
chives,processing,1,1,operator-corrective-review-v2,full-ontology-resolution-v2,Explicit entity/facet policy review
chives,size,1,0,operator-corrective-review-v2,full-ontology-resolution-v2,Explicit entity/facet policy review
chives,state,1,1,operator-corrective-review-v2,full-ontology-resolution-v2,Explicit entity/facet policy review
chocolate,chocolate_class,1,1,operator-corrective-review-v2,full-ontology-resolution-v2,Explicit entity/facet policy review
chocolate,form,1,1,operator-corrective-review-v2,full-ontology-resolution-v2,Explicit entity/facet policy review
chocolate,package_form,1,0,operator-corrective-review-v2,full-ontology-resolution-v2,Explicit entity/facet policy review
chocolate,plant_part,1,1,operator-corrective-review-v2,full-ontology-resolution-v2,Explicit entity/facet policy review
chocolate,preparation,1,1,operator-corrective-review-v2,full-ontology-resolution-v2,Explicit entity/facet policy review
chocolate,preservation,1,1,operator-corrective-review-v2,full-ontology-resolution-v2,Explicit entity/facet policy review
chocolate,processing,1,1,operator-corrective-review-v2,full-ontology-resolution-v2,Explicit entity/facet policy review
chocolate,size,1,0,operator-corrective-review-v2,full-ontology-resolution-v2,Explicit entity/facet policy review
chocolate,state,1,1,operator-corrective-review-v2,full-ontology-resolution-v2,Explicit entity/facet policy review
chocolate,sweetening,1,1,operator-corrective-review-v2,full-ontology-resolution-v2,Explicit entity/facet policy review
cilantro,form,1,1,operator-corrective-review-v2,full-ontology-resolution-v2,Explicit entity/facet policy review
cilantro,package_form,1,0,operator-corrective-review-v2,full-ontology-resolution-v2,Explicit entity/facet policy review
cilantro,plant_part,1,1,operator-corrective-review-v2,full-ontology-resolution-v2,Explicit entity/facet policy review
cilantro,preparation,1,1,operator-corrective-review-v2,full-ontology-resolution-v2,Explicit entity/facet policy review
cilantro,preservation,1,1,operator-corrective-review-v2,full-ontology-resolution-v2,Explicit entity/facet policy review
cilantro,processing,1,1,operator-corrective-review-v2,full-ontology-resolution-v2,Explicit entity/facet policy review
cilantro,size,1,0,operator-corrective-review-v2,full-ontology-resolution-v2,Explicit entity/facet policy review
cilantro,state,1,1,operator-corrective-review-v2,full-ontology-resolution-v2,Explicit entity/facet policy review
cinnamon,form,1,1,operator-corrective-review-v2,full-ontology-resolution-v2,Explicit entity/facet policy review
cinnamon,package_form,1,0,operator-corrective-review-v2,full-ontology-resolution-v2,Explicit entity/facet policy review
cinnamon,plant_part,1,1,operator-corrective-review-v2,full-ontology-resolution-v2,Explicit entity/facet policy review
cinnamon,preparation,1,1,operator-corrective-review-v2,full-ontology-resolution-v2,Explicit entity/facet policy review
cinnamon,preservation,1,1,operator-corrective-review-v2,full-ontology-resolution-v2,Explicit entity/facet policy review
cinnamon,processing,1,1,operator-corrective-review-v2,full-ontology-resolution-v2,Explicit entity/facet policy review
cinnamon,size,1,0,operator-corrective-review-v2,full-ontology-resolution-v2,Explicit entity/facet policy review
cinnamon,state,1,1,operator-corrective-review-v2,full-ontology-resolution-v2,Explicit entity/facet policy review
clams,form,1,1,operator-corrective-review-v2,full-ontology-resolution-v2,Explicit entity/facet policy review
clams,package_form,1,0,operator-corrective-review-v2,full-ontology-resolution-v2,Explicit entity/facet policy review
clams,plant_part,1,1,operator-corrective-review-v2,full-ontology-resolution-v2,Explicit entity/facet policy review
clams,preparation,1,1,operator-corrective-review-v2,full-ontology-resolution-v2,Explicit entity/facet policy review
clams,preservation,1,1,operator-corrective-review-v2,full-ontology-resolution-v2,Explicit entity/facet policy review
clams,processing,1,1,operator-corrective-review-v2,full-ontology-resolution-v2,Explicit entity/facet policy review
clams,size,1,0,operator-corrective-review-v2,full-ontology-resolution-v2,Explicit entity/facet policy review
clams,state,1,1,operator-corrective-review-v2,full-ontology-resolution-v2,Explicit entity/facet policy review
clove-spice,form,1,1,operator-corrective-review-v2,full-ontology-resolution-v2,Explicit entity/facet policy review
clove-spice,package_form,1,0,operator-corrective-review-v2,full-ontology-resolution-v2,Explicit entity/facet policy review
clove-spice,plant_part,1,1,operator-corrective-review-v2,full-ontology-resolution-v2,Explicit entity/facet policy review
clove-spice,preparation,1,1,operator-corrective-review-v2,full-ontology-resolution-v2,Explicit entity/facet policy review
clove-spice,preservation,1,1,operator-corrective-review-v2,full-ontology-resolution-v2,Explicit entity/facet policy review
clove-spice,processing,1,1,operator-corrective-review-v2,full-ontology-resolution-v2,Explicit entity/facet policy review
clove-spice,size,1,0,operator-corrective-review-v2,full-ontology-resolution-v2,Explicit entity/facet policy review
clove-spice,state,1,1,operator-corrective-review-v2,full-ontology-resolution-v2,Explicit entity/facet policy review
cocoa-powder,form,1,1,operator-corrective-review-v2,full-ontology-resolution-v2,Explicit entity/facet policy review
cocoa-powder,package_form,1,0,operator-corrective-review-v2,full-ontology-resolution-v2,Explicit entity/facet policy review
cocoa-powder,plant_part,1,1,operator-corrective-review-v2,full-ontology-resolution-v2,Explicit entity/facet policy review
cocoa-powder,preparation,1,1,operator-corrective-review-v2,full-ontology-resolution-v2,Explicit entity/facet policy review
cocoa-powder,preservation,1,1,operator-corrective-review-v2,full-ontology-resolution-v2,Explicit entity/facet policy review
cocoa-powder,processing,1,1,operator-corrective-review-v2,full-ontology-resolution-v2,Explicit entity/facet policy review
cocoa-powder,size,1,0,operator-corrective-review-v2,full-ontology-resolution-v2,Explicit entity/facet policy review
cocoa-powder,state,1,1,operator-corrective-review-v2,full-ontology-resolution-v2,Explicit entity/facet policy review
coconut,form,1,1,operator-corrective-review-v2,full-ontology-resolution-v2,Explicit entity/facet policy review
coconut,package_form,1,0,operator-corrective-review-v2,full-ontology-resolution-v2,Explicit entity/facet policy review
coconut,plant_part,1,1,operator-corrective-review-v2,full-ontology-resolution-v2,Explicit entity/facet policy review
coconut,preparation,1,1,operator-corrective-review-v2,full-ontology-resolution-v2,Explicit entity/facet policy review
coconut,preservation,1,1,operator-corrective-review-v2,full-ontology-resolution-v2,Explicit entity/facet policy review
coconut,processing,1,1,operator-corrective-review-v2,full-ontology-resolution-v2,Explicit entity/facet policy review
coconut,size,1,0,operator-corrective-review-v2,full-ontology-resolution-v2,Explicit entity/facet policy review
coconut,state,1,1,operator-corrective-review-v2,full-ontology-resolution-v2,Explicit entity/facet policy review
coconut-milk,form,1,1,operator-corrective-review-v2,full-ontology-resolution-v2,Explicit entity/facet policy review
coconut-milk,package_form,1,0,operator-corrective-review-v2,full-ontology-resolution-v2,Explicit entity/facet policy review
coconut-milk,plant_part,1,1,operator-corrective-review-v2,full-ontology-resolution-v2,Explicit entity/facet policy review
coconut-milk,preparation,1,1,operator-corrective-review-v2,full-ontology-resolution-v2,Explicit entity/facet policy review
coconut-milk,preservation,1,1,operator-corrective-review-v2,full-ontology-resolution-v2,Explicit entity/facet policy review
coconut-milk,processing,1,1,operator-corrective-review-v2,full-ontology-resolution-v2,Explicit entity/facet policy review
coconut-milk,size,1,0,operator-corrective-review-v2,full-ontology-resolution-v2,Explicit entity/facet policy review
coconut-milk,state,1,1,operator-corrective-review-v2,full-ontology-resolution-v2,Explicit entity/facet policy review
coconut-milk,sweetening,1,1,operator-corrective-review-v2,full-ontology-resolution-v2,Explicit entity/facet policy review
coconut-milk,variety,1,1,operator-corrective-review-v2,full-ontology-resolution-v2,Explicit entity/facet policy review
coffee,form,1,1,operator-corrective-review-v2,full-ontology-resolution-v2,Explicit entity/facet policy review
coffee,package_form,1,0,operator-corrective-review-v2,full-ontology-resolution-v2,Explicit entity/facet policy review
coffee,plant_part,1,1,operator-corrective-review-v2,full-ontology-resolution-v2,Explicit entity/facet policy review
coffee,preparation,1,1,operator-corrective-review-v2,full-ontology-resolution-v2,Explicit entity/facet policy review
coffee,preservation,1,1,operator-corrective-review-v2,full-ontology-resolution-v2,Explicit entity/facet policy review
coffee,processing,1,1,operator-corrective-review-v2,full-ontology-resolution-v2,Explicit entity/facet policy review
coffee,size,1,0,operator-corrective-review-v2,full-ontology-resolution-v2,Explicit entity/facet policy review
coffee,state,1,1,operator-corrective-review-v2,full-ontology-resolution-v2,Explicit entity/facet policy review
coffee-creamer,form,1,1,operator-corrective-review-v2,full-ontology-resolution-v2,Explicit entity/facet policy review
coffee-creamer,package_form,1,0,operator-corrective-review-v2,full-ontology-resolution-v2,Explicit entity/facet policy review
coffee-creamer,plant_part,1,1,operator-corrective-review-v2,full-ontology-resolution-v2,Explicit entity/facet policy review
coffee-creamer,preparation,1,1,operator-corrective-review-v2,full-ontology-resolution-v2,Explicit entity/facet policy review
coffee-creamer,preservation,1,1,operator-corrective-review-v2,full-ontology-resolution-v2,Explicit entity/facet policy review
coffee-creamer,processing,1,1,operator-corrective-review-v2,full-ontology-resolution-v2,Explicit entity/facet policy review
coffee-creamer,size,1,0,operator-corrective-review-v2,full-ontology-resolution-v2,Explicit entity/facet policy review
coffee-creamer,state,1,1,operator-corrective-review-v2,full-ontology-resolution-v2,Explicit entity/facet policy review
coffee-pod,form,1,1,operator-corrective-review-v2,full-ontology-resolution-v2,Explicit entity/facet policy review
coffee-pod,package_form,1,0,operator-corrective-review-v2,full-ontology-resolution-v2,Explicit entity/facet policy review
coffee-pod,preparation,1,1,operator-corrective-review-v2,full-ontology-resolution-v2,Explicit entity/facet policy review
coffee-pod,preservation,1,1,operator-corrective-review-v2,full-ontology-resolution-v2,Explicit entity/facet policy review
coffee-pod,processing,1,1,operator-corrective-review-v2,full-ontology-resolution-v2,Explicit entity/facet policy review
coffee-pod,size,1,0,operator-corrective-review-v2,full-ontology-resolution-v2,Explicit entity/facet policy review
coffee-pod,state,1,1,operator-corrective-review-v2,full-ontology-resolution-v2,Explicit entity/facet policy review
condensed-milk,form,1,1,operator-corrective-review-v2,full-ontology-resolution-v2,Explicit entity/facet policy review
condensed-milk,package_form,1,0,operator-corrective-review-v2,full-ontology-resolution-v2,Explicit entity/facet policy review
condensed-milk,plant_part,1,1,operator-corrective-review-v2,full-ontology-resolution-v2,Explicit entity/facet policy review
condensed-milk,preparation,1,1,operator-corrective-review-v2,full-ontology-resolution-v2,Explicit entity/facet policy review
condensed-milk,preservation,1,1,operator-corrective-review-v2,full-ontology-resolution-v2,Explicit entity/facet policy review
condensed-milk,processing,1,1,operator-corrective-review-v2,full-ontology-resolution-v2,Explicit entity/facet policy review
condensed-milk,size,1,0,operator-corrective-review-v2,full-ontology-resolution-v2,Explicit entity/facet policy review
condensed-milk,state,1,1,operator-corrective-review-v2,full-ontology-resolution-v2,Explicit entity/facet policy review
condensed-milk,sweetening,1,1,operator-corrective-review-v2,full-ontology-resolution-v2,Explicit entity/facet policy review
cookies,form,1,1,operator-corrective-review-v2,full-ontology-resolution-v2,Explicit entity/facet policy review
cookies,package_form,1,0,operator-corrective-review-v2,full-ontology-resolution-v2,Explicit entity/facet policy review
cookies,plant_part,1,1,operator-corrective-review-v2,full-ontology-resolution-v2,Explicit entity/facet policy review
cookies,preparation,1,1,operator-corrective-review-v2,full-ontology-resolution-v2,Explicit entity/facet policy review
cookies,preservation,1,1,operator-corrective-review-v2,full-ontology-resolution-v2,Explicit entity/facet policy review
cookies,processing,1,1,operator-corrective-review-v2,full-ontology-resolution-v2,Explicit entity/facet policy review
cookies,size,1,0,operator-corrective-review-v2,full-ontology-resolution-v2,Explicit entity/facet policy review
cookies,state,1,1,operator-corrective-review-v2,full-ontology-resolution-v2,Explicit entity/facet policy review
cooking-spray,form,1,1,operator-corrective-review-v2,full-ontology-resolution-v2,Explicit entity/facet policy review
cooking-spray,package_form,1,0,operator-corrective-review-v2,full-ontology-resolution-v2,Explicit entity/facet policy review
cooking-spray,preparation,1,1,operator-corrective-review-v2,full-ontology-resolution-v2,Explicit entity/facet policy review
cooking-spray,preservation,1,1,operator-corrective-review-v2,full-ontology-resolution-v2,Explicit entity/facet policy review
cooking-spray,processing,1,1,operator-corrective-review-v2,full-ontology-resolution-v2,Explicit entity/facet policy review
cooking-spray,size,1,0,operator-corrective-review-v2,full-ontology-resolution-v2,Explicit entity/facet policy review
cooking-spray,state,1,1,operator-corrective-review-v2,full-ontology-resolution-v2,Explicit entity/facet policy review
cooking-wine,form,1,1,operator-corrective-review-v2,full-ontology-resolution-v2,Explicit entity/facet policy review
cooking-wine,package_form,1,0,operator-corrective-review-v2,full-ontology-resolution-v2,Explicit entity/facet policy review
cooking-wine,plant_part,1,1,operator-corrective-review-v2,full-ontology-resolution-v2,Explicit entity/facet policy review
cooking-wine,preparation,1,1,operator-corrective-review-v2,full-ontology-resolution-v2,Explicit entity/facet policy review
cooking-wine,preservation,1,1,operator-corrective-review-v2,full-ontology-resolution-v2,Explicit entity/facet policy review
cooking-wine,processing,1,1,operator-corrective-review-v2,full-ontology-resolution-v2,Explicit entity/facet policy review
cooking-wine,size,1,0,operator-corrective-review-v2,full-ontology-resolution-v2,Explicit entity/facet policy review
cooking-wine,state,1,1,operator-corrective-review-v2,full-ontology-resolution-v2,Explicit entity/facet policy review
cooking-wine,wine_color,1,1,operator-corrective-review-v2,full-ontology-resolution-v2,Explicit entity/facet policy review
cooking-wine,wine_sweetness,1,1,operator-corrective-review-v2,full-ontology-resolution-v2,Explicit entity/facet policy review
coriander,form,1,1,operator-corrective-review-v2,full-ontology-resolution-v2,Explicit entity/facet policy review
coriander,package_form,1,0,operator-corrective-review-v2,full-ontology-resolution-v2,Explicit entity/facet policy review
coriander,plant_part,1,1,operator-corrective-review-v2,full-ontology-resolution-v2,Explicit entity/facet policy review
coriander,preparation,1,1,operator-corrective-review-v2,full-ontology-resolution-v2,Explicit entity/facet policy review
coriander,preservation,1,1,operator-corrective-review-v2,full-ontology-resolution-v2,Explicit entity/facet policy review
coriander,processing,1,1,operator-corrective-review-v2,full-ontology-resolution-v2,Explicit entity/facet policy review
coriander,size,1,0,operator-corrective-review-v2,full-ontology-resolution-v2,Explicit entity/facet policy review
coriander,state,1,1,operator-corrective-review-v2,full-ontology-resolution-v2,Explicit entity/facet policy review
coriander-seed,form,1,1,operator-corrective-review-v2,full-ontology-resolution-v2,Explicit entity/facet policy review
coriander-seed,package_form,1,0,operator-corrective-review-v2,full-ontology-resolution-v2,Explicit entity/facet policy review
coriander-seed,plant_part,1,1,operator-corrective-review-v2,full-ontology-resolution-v2,Explicit entity/facet policy review
coriander-seed,preparation,1,1,operator-corrective-review-v2,full-ontology-resolution-v2,Explicit entity/facet policy review
coriander-seed,preservation,1,1,operator-corrective-review-v2,full-ontology-resolution-v2,Explicit entity/facet policy review
coriander-seed,processing,1,1,operator-corrective-review-v2,full-ontology-resolution-v2,Explicit entity/facet policy review
coriander-seed,size,1,0,operator-corrective-review-v2,full-ontology-resolution-v2,Explicit entity/facet policy review
coriander-seed,state,1,1,operator-corrective-review-v2,full-ontology-resolution-v2,Explicit entity/facet policy review
corn,form,1,1,operator-corrective-review-v2,full-ontology-resolution-v2,Explicit entity/facet policy review
corn,package_form,1,0,operator-corrective-review-v2,full-ontology-resolution-v2,Explicit entity/facet policy review
corn,plant_part,1,1,operator-corrective-review-v2,full-ontology-resolution-v2,Explicit entity/facet policy review
corn,preparation,1,1,operator-corrective-review-v2,full-ontology-resolution-v2,Explicit entity/facet policy review
corn,preservation,1,1,operator-corrective-review-v2,full-ontology-resolution-v2,Explicit entity/facet policy review
corn,processing,1,1,operator-corrective-review-v2,full-ontology-resolution-v2,Explicit entity/facet policy review
corn,size,1,0,operator-corrective-review-v2,full-ontology-resolution-v2,Explicit entity/facet policy review
corn,state,1,1,operator-corrective-review-v2,full-ontology-resolution-v2,Explicit entity/facet policy review
cornstarch,form,1,1,operator-corrective-review-v2,full-ontology-resolution-v2,Explicit entity/facet policy review
cornstarch,package_form,1,0,operator-corrective-review-v2,full-ontology-resolution-v2,Explicit entity/facet policy review
cornstarch,plant_part,1,1,operator-corrective-review-v2,full-ontology-resolution-v2,Explicit entity/facet policy review
cornstarch,preparation,1,1,operator-corrective-review-v2,full-ontology-resolution-v2,Explicit entity/facet policy review
cornstarch,preservation,1,1,operator-corrective-review-v2,full-ontology-resolution-v2,Explicit entity/facet policy review
cornstarch,processing,1,1,operator-corrective-review-v2,full-ontology-resolution-v2,Explicit entity/facet policy review
cornstarch,refinement,1,1,operator-corrective-review-v2,full-ontology-resolution-v2,Explicit entity/facet policy review
cornstarch,size,1,0,operator-corrective-review-v2,full-ontology-resolution-v2,Explicit entity/facet policy review
cornstarch,state,1,1,operator-corrective-review-v2,full-ontology-resolution-v2,Explicit entity/facet policy review
couscous,form,1,1,operator-corrective-review-v2,full-ontology-resolution-v2,Explicit entity/facet policy review
couscous,package_form,1,0,operator-corrective-review-v2,full-ontology-resolution-v2,Explicit entity/facet policy review
couscous,plant_part,1,1,operator-corrective-review-v2,full-ontology-resolution-v2,Explicit entity/facet policy review
couscous,preparation,1,1,operator-corrective-review-v2,full-ontology-resolution-v2,Explicit entity/facet policy review
couscous,preservation,1,1,operator-corrective-review-v2,full-ontology-resolution-v2,Explicit entity/facet policy review
couscous,processing,1,1,operator-corrective-review-v2,full-ontology-resolution-v2,Explicit entity/facet policy review
couscous,size,1,0,operator-corrective-review-v2,full-ontology-resolution-v2,Explicit entity/facet policy review
couscous,state,1,1,operator-corrective-review-v2,full-ontology-resolution-v2,Explicit entity/facet policy review
cream,cream_class,1,1,operator-corrective-review-v2,full-ontology-resolution-v2,Explicit entity/facet policy review
cream,fat_content,1,1,operator-corrective-review-v2,full-ontology-resolution-v2,Explicit entity/facet policy review
cream,filtration,1,1,operator-corrective-review-v2,full-ontology-resolution-v2,Explicit entity/facet policy review
cream,form,1,1,operator-corrective-review-v2,full-ontology-resolution-v2,Explicit entity/facet policy review
cream,package_form,1,0,operator-corrective-review-v2,full-ontology-resolution-v2,Explicit entity/facet policy review
cream,plant_part,1,1,operator-corrective-review-v2,full-ontology-resolution-v2,Explicit entity/facet policy review
cream,preparation,1,1,operator-corrective-review-v2,full-ontology-resolution-v2,Explicit entity/facet policy review
cream,preservation,1,1,operator-corrective-review-v2,full-ontology-resolution-v2,Explicit entity/facet policy review
cream,processing,1,1,operator-corrective-review-v2,full-ontology-resolution-v2,Explicit entity/facet policy review
cream,size,1,0,operator-corrective-review-v2,full-ontology-resolution-v2,Explicit entity/facet policy review
cream,state,1,1,operator-corrective-review-v2,full-ontology-resolution-v2,Explicit entity/facet policy review
cream-cheese,form,1,1,operator-corrective-review-v2,full-ontology-resolution-v2,Explicit entity/facet policy review
cream-cheese,package_form,1,0,operator-corrective-review-v2,full-ontology-resolution-v2,Explicit entity/facet policy review
cream-cheese,plant_part,1,1,operator-corrective-review-v2,full-ontology-resolution-v2,Explicit entity/facet policy review
cream-cheese,preparation,1,1,operator-corrective-review-v2,full-ontology-resolution-v2,Explicit entity/facet policy review
cream-cheese,preservation,1,1,operator-corrective-review-v2,full-ontology-resolution-v2,Explicit entity/facet policy review
cream-cheese,processing,1,1,operator-corrective-review-v2,full-ontology-resolution-v2,Explicit entity/facet policy review
cream-cheese,size,1,0,operator-corrective-review-v2,full-ontology-resolution-v2,Explicit entity/facet policy review
cream-cheese,state,1,1,operator-corrective-review-v2,full-ontology-resolution-v2,Explicit entity/facet policy review
creamer,form,1,1,operator-corrective-review-v2,full-ontology-resolution-v2,Explicit entity/facet policy review
creamer,package_form,1,0,operator-corrective-review-v2,full-ontology-resolution-v2,Explicit entity/facet policy review
creamer,plant_part,1,1,operator-corrective-review-v2,full-ontology-resolution-v2,Explicit entity/facet policy review
creamer,preparation,1,1,operator-corrective-review-v2,full-ontology-resolution-v2,Explicit entity/facet policy review
creamer,preservation,1,1,operator-corrective-review-v2,full-ontology-resolution-v2,Explicit entity/facet policy review
creamer,processing,1,1,operator-corrective-review-v2,full-ontology-resolution-v2,Explicit entity/facet policy review
creamer,size,1,0,operator-corrective-review-v2,full-ontology-resolution-v2,Explicit entity/facet policy review
creamer,state,1,1,operator-corrective-review-v2,full-ontology-resolution-v2,Explicit entity/facet policy review
creme-fraiche,cream_class,1,1,operator-corrective-review-v2,full-ontology-resolution-v2,Explicit entity/facet policy review
creme-fraiche,fat_content,1,1,operator-corrective-review-v2,full-ontology-resolution-v2,Explicit entity/facet policy review
creme-fraiche,form,1,1,operator-corrective-review-v2,full-ontology-resolution-v2,Explicit entity/facet policy review
creme-fraiche,package_form,1,0,operator-corrective-review-v2,full-ontology-resolution-v2,Explicit entity/facet policy review
creme-fraiche,plant_part,1,1,operator-corrective-review-v2,full-ontology-resolution-v2,Explicit entity/facet policy review
creme-fraiche,preparation,1,1,operator-corrective-review-v2,full-ontology-resolution-v2,Explicit entity/facet policy review
creme-fraiche,preservation,1,1,operator-corrective-review-v2,full-ontology-resolution-v2,Explicit entity/facet policy review
creme-fraiche,processing,1,1,operator-corrective-review-v2,full-ontology-resolution-v2,Explicit entity/facet policy review
creme-fraiche,size,1,0,operator-corrective-review-v2,full-ontology-resolution-v2,Explicit entity/facet policy review
creme-fraiche,state,1,1,operator-corrective-review-v2,full-ontology-resolution-v2,Explicit entity/facet policy review
cucumber,form,1,1,operator-corrective-review-v2,full-ontology-resolution-v2,Explicit entity/facet policy review
cucumber,package_form,1,0,operator-corrective-review-v2,full-ontology-resolution-v2,Explicit entity/facet policy review
cucumber,plant_part,1,1,operator-corrective-review-v2,full-ontology-resolution-v2,Explicit entity/facet policy review
cucumber,preparation,1,1,operator-corrective-review-v2,full-ontology-resolution-v2,Explicit entity/facet policy review
cucumber,preservation,1,1,operator-corrective-review-v2,full-ontology-resolution-v2,Explicit entity/facet policy review
cucumber,processing,1,1,operator-corrective-review-v2,full-ontology-resolution-v2,Explicit entity/facet policy review
cucumber,size,1,0,operator-corrective-review-v2,full-ontology-resolution-v2,Explicit entity/facet policy review
cucumber,state,1,1,operator-corrective-review-v2,full-ontology-resolution-v2,Explicit entity/facet policy review
cumin,form,1,1,operator-corrective-review-v2,full-ontology-resolution-v2,Explicit entity/facet policy review
cumin,package_form,1,0,operator-corrective-review-v2,full-ontology-resolution-v2,Explicit entity/facet policy review
cumin,plant_part,1,1,operator-corrective-review-v2,full-ontology-resolution-v2,Explicit entity/facet policy review
cumin,preparation,1,1,operator-corrective-review-v2,full-ontology-resolution-v2,Explicit entity/facet policy review
cumin,preservation,1,1,operator-corrective-review-v2,full-ontology-resolution-v2,Explicit entity/facet policy review
cumin,processing,1,1,operator-corrective-review-v2,full-ontology-resolution-v2,Explicit entity/facet policy review
cumin,size,1,0,operator-corrective-review-v2,full-ontology-resolution-v2,Explicit entity/facet policy review
cumin,state,1,1,operator-corrective-review-v2,full-ontology-resolution-v2,Explicit entity/facet policy review
curry-paste,form,1,1,operator-corrective-review-v2,full-ontology-resolution-v2,Explicit entity/facet policy review
curry-paste,package_form,1,0,operator-corrective-review-v2,full-ontology-resolution-v2,Explicit entity/facet policy review
curry-paste,plant_part,1,1,operator-corrective-review-v2,full-ontology-resolution-v2,Explicit entity/facet policy review
curry-paste,preparation,1,1,operator-corrective-review-v2,full-ontology-resolution-v2,Explicit entity/facet policy review
curry-paste,preservation,1,1,operator-corrective-review-v2,full-ontology-resolution-v2,Explicit entity/facet policy review
curry-paste,processing,1,1,operator-corrective-review-v2,full-ontology-resolution-v2,Explicit entity/facet policy review
curry-paste,size,1,0,operator-corrective-review-v2,full-ontology-resolution-v2,Explicit entity/facet policy review
curry-paste,state,1,1,operator-corrective-review-v2,full-ontology-resolution-v2,Explicit entity/facet policy review
curry-powder,form,1,1,operator-corrective-review-v2,full-ontology-resolution-v2,Explicit entity/facet policy review
curry-powder,package_form,1,0,operator-corrective-review-v2,full-ontology-resolution-v2,Explicit entity/facet policy review
curry-powder,plant_part,1,1,operator-corrective-review-v2,full-ontology-resolution-v2,Explicit entity/facet policy review
curry-powder,preparation,1,1,operator-corrective-review-v2,full-ontology-resolution-v2,Explicit entity/facet policy review
curry-powder,preservation,1,1,operator-corrective-review-v2,full-ontology-resolution-v2,Explicit entity/facet policy review
curry-powder,processing,1,1,operator-corrective-review-v2,full-ontology-resolution-v2,Explicit entity/facet policy review
curry-powder,size,1,0,operator-corrective-review-v2,full-ontology-resolution-v2,Explicit entity/facet policy review
curry-powder,state,1,1,operator-corrective-review-v2,full-ontology-resolution-v2,Explicit entity/facet policy review
dijon-mustard,form,1,1,operator-corrective-review-v2,full-ontology-resolution-v2,Explicit entity/facet policy review
dijon-mustard,package_form,1,0,operator-corrective-review-v2,full-ontology-resolution-v2,Explicit entity/facet policy review
dijon-mustard,plant_part,1,1,operator-corrective-review-v2,full-ontology-resolution-v2,Explicit entity/facet policy review
dijon-mustard,preparation,1,1,operator-corrective-review-v2,full-ontology-resolution-v2,Explicit entity/facet policy review
dijon-mustard,preservation,1,1,operator-corrective-review-v2,full-ontology-resolution-v2,Explicit entity/facet policy review
dijon-mustard,processing,1,1,operator-corrective-review-v2,full-ontology-resolution-v2,Explicit entity/facet policy review
dijon-mustard,size,1,0,operator-corrective-review-v2,full-ontology-resolution-v2,Explicit entity/facet policy review
dijon-mustard,state,1,1,operator-corrective-review-v2,full-ontology-resolution-v2,Explicit entity/facet policy review
dill,form,1,1,operator-corrective-review-v2,full-ontology-resolution-v2,Explicit entity/facet policy review
dill,package_form,1,0,operator-corrective-review-v2,full-ontology-resolution-v2,Explicit entity/facet policy review
dill,plant_part,1,1,operator-corrective-review-v2,full-ontology-resolution-v2,Explicit entity/facet policy review
dill,preparation,1,1,operator-corrective-review-v2,full-ontology-resolution-v2,Explicit entity/facet policy review
dill,preservation,1,1,operator-corrective-review-v2,full-ontology-resolution-v2,Explicit entity/facet policy review
dill,processing,1,1,operator-corrective-review-v2,full-ontology-resolution-v2,Explicit entity/facet policy review
dill,size,1,0,operator-corrective-review-v2,full-ontology-resolution-v2,Explicit entity/facet policy review
dill,state,1,1,operator-corrective-review-v2,full-ontology-resolution-v2,Explicit entity/facet policy review
dip,form,1,1,operator-corrective-review-v2,full-ontology-resolution-v2,Explicit entity/facet policy review
dip,package_form,1,0,operator-corrective-review-v2,full-ontology-resolution-v2,Explicit entity/facet policy review
dip,plant_part,1,1,operator-corrective-review-v2,full-ontology-resolution-v2,Explicit entity/facet policy review
dip,preparation,1,1,operator-corrective-review-v2,full-ontology-resolution-v2,Explicit entity/facet policy review
dip,preservation,1,1,operator-corrective-review-v2,full-ontology-resolution-v2,Explicit entity/facet policy review
dip,processing,1,1,operator-corrective-review-v2,full-ontology-resolution-v2,Explicit entity/facet policy review
dip,size,1,0,operator-corrective-review-v2,full-ontology-resolution-v2,Explicit entity/facet policy review
dip,state,1,1,operator-corrective-review-v2,full-ontology-resolution-v2,Explicit entity/facet policy review
duck,bone,1,1,operator-corrective-review-v2,full-ontology-resolution-v2,Explicit entity/facet policy review
duck,cut,1,1,operator-corrective-review-v2,full-ontology-resolution-v2,Explicit entity/facet policy review
duck,form,1,1,operator-corrective-review-v2,full-ontology-resolution-v2,Explicit entity/facet policy review
duck,package_form,1,0,operator-corrective-review-v2,full-ontology-resolution-v2,Explicit entity/facet policy review
duck,plant_part,1,1,operator-corrective-review-v2,full-ontology-resolution-v2,Explicit entity/facet policy review
duck,preparation,1,1,operator-corrective-review-v2,full-ontology-resolution-v2,Explicit entity/facet policy review
duck,preservation,1,1,operator-corrective-review-v2,full-ontology-resolution-v2,Explicit entity/facet policy review
duck,processing,1,1,operator-corrective-review-v2,full-ontology-resolution-v2,Explicit entity/facet policy review
duck,size,1,0,operator-corrective-review-v2,full-ontology-resolution-v2,Explicit entity/facet policy review
duck,skin,1,1,operator-corrective-review-v2,full-ontology-resolution-v2,Explicit entity/facet policy review
duck,species,1,1,operator-corrective-review-v2,full-ontology-resolution-v2,Explicit entity/facet policy review
duck,state,1,1,operator-corrective-review-v2,full-ontology-resolution-v2,Explicit entity/facet policy review
egg,egg_part,1,1,operator-corrective-review-v2,full-ontology-resolution-v2,Explicit entity/facet policy review
egg,form,1,1,operator-corrective-review-v2,full-ontology-resolution-v2,Explicit entity/facet policy review
egg,package_form,1,0,operator-corrective-review-v2,full-ontology-resolution-v2,Explicit entity/facet policy review
egg,plant_part,1,1,operator-corrective-review-v2,full-ontology-resolution-v2,Explicit entity/facet policy review
egg,preparation,1,1,operator-corrective-review-v2,full-ontology-resolution-v2,Explicit entity/facet policy review
egg,preservation,1,1,operator-corrective-review-v2,full-ontology-resolution-v2,Explicit entity/facet policy review
egg,processing,1,1,operator-corrective-review-v2,full-ontology-resolution-v2,Explicit entity/facet policy review
egg,size,1,0,operator-corrective-review-v2,full-ontology-resolution-v2,Explicit entity/facet policy review
egg,state,1,1,operator-corrective-review-v2,full-ontology-resolution-v2,Explicit entity/facet policy review
egg-white,egg_part,1,1,operator-corrective-review-v2,full-ontology-resolution-v2,Explicit entity/facet policy review
egg-white,form,1,1,operator-corrective-review-v2,full-ontology-resolution-v2,Explicit entity/facet policy review
egg-white,package_form,1,0,operator-corrective-review-v2,full-ontology-resolution-v2,Explicit entity/facet policy review
egg-white,plant_part,1,1,operator-corrective-review-v2,full-ontology-resolution-v2,Explicit entity/facet policy review
egg-white,preparation,1,1,operator-corrective-review-v2,full-ontology-resolution-v2,Explicit entity/facet policy review
egg-white,preservation,1,1,operator-corrective-review-v2,full-ontology-resolution-v2,Explicit entity/facet policy review
egg-white,processing,1,1,operator-corrective-review-v2,full-ontology-resolution-v2,Explicit entity/facet policy review
egg-white,size,1,0,operator-corrective-review-v2,full-ontology-resolution-v2,Explicit entity/facet policy review
egg-white,state,1,1,operator-corrective-review-v2,full-ontology-resolution-v2,Explicit entity/facet policy review
egg-yolk,egg_part,1,1,operator-corrective-review-v2,full-ontology-resolution-v2,Explicit entity/facet policy review
egg-yolk,form,1,1,operator-corrective-review-v2,full-ontology-resolution-v2,Explicit entity/facet policy review
egg-yolk,package_form,1,0,operator-corrective-review-v2,full-ontology-resolution-v2,Explicit entity/facet policy review
egg-yolk,plant_part,1,1,operator-corrective-review-v2,full-ontology-resolution-v2,Explicit entity/facet policy review
egg-yolk,preparation,1,1,operator-corrective-review-v2,full-ontology-resolution-v2,Explicit entity/facet policy review
egg-yolk,preservation,1,1,operator-corrective-review-v2,full-ontology-resolution-v2,Explicit entity/facet policy review
egg-yolk,processing,1,1,operator-corrective-review-v2,full-ontology-resolution-v2,Explicit entity/facet policy review
egg-yolk,size,1,0,operator-corrective-review-v2,full-ontology-resolution-v2,Explicit entity/facet policy review
egg-yolk,state,1,1,operator-corrective-review-v2,full-ontology-resolution-v2,Explicit entity/facet policy review
eggs,form,1,1,operator-corrective-review-v2,full-ontology-resolution-v2,Explicit entity/facet policy review
eggs,package_form,1,0,operator-corrective-review-v2,full-ontology-resolution-v2,Explicit entity/facet policy review
eggs,plant_part,1,1,operator-corrective-review-v2,full-ontology-resolution-v2,Explicit entity/facet policy review
eggs,preparation,1,1,operator-corrective-review-v2,full-ontology-resolution-v2,Explicit entity/facet policy review
eggs,preservation,1,1,operator-corrective-review-v2,full-ontology-resolution-v2,Explicit entity/facet policy review
eggs,processing,1,1,operator-corrective-review-v2,full-ontology-resolution-v2,Explicit entity/facet policy review
eggs,size,1,0,operator-corrective-review-v2,full-ontology-resolution-v2,Explicit entity/facet policy review
eggs,state,1,1,operator-corrective-review-v2,full-ontology-resolution-v2,Explicit entity/facet policy review
evaporated-milk,form,1,1,operator-corrective-review-v2,full-ontology-resolution-v2,Explicit entity/facet policy review
evaporated-milk,package_form,1,0,operator-corrective-review-v2,full-ontology-resolution-v2,Explicit entity/facet policy review
evaporated-milk,plant_part,1,1,operator-corrective-review-v2,full-ontology-resolution-v2,Explicit entity/facet policy review
evaporated-milk,preparation,1,1,operator-corrective-review-v2,full-ontology-resolution-v2,Explicit entity/facet policy review
evaporated-milk,preservation,1,1,operator-corrective-review-v2,full-ontology-resolution-v2,Explicit entity/facet policy review
evaporated-milk,processing,1,1,operator-corrective-review-v2,full-ontology-resolution-v2,Explicit entity/facet policy review
evaporated-milk,size,1,0,operator-corrective-review-v2,full-ontology-resolution-v2,Explicit entity/facet policy review
evaporated-milk,state,1,1,operator-corrective-review-v2,full-ontology-resolution-v2,Explicit entity/facet policy review
feta,form,1,1,operator-corrective-review-v2,full-ontology-resolution-v2,Explicit entity/facet policy review
feta,package_form,1,0,operator-corrective-review-v2,full-ontology-resolution-v2,Explicit entity/facet policy review
feta,plant_part,1,1,operator-corrective-review-v2,full-ontology-resolution-v2,Explicit entity/facet policy review
feta,preparation,1,1,operator-corrective-review-v2,full-ontology-resolution-v2,Explicit entity/facet policy review
feta,preservation,1,1,operator-corrective-review-v2,full-ontology-resolution-v2,Explicit entity/facet policy review
feta,processing,1,1,operator-corrective-review-v2,full-ontology-resolution-v2,Explicit entity/facet policy review
feta,size,1,0,operator-corrective-review-v2,full-ontology-resolution-v2,Explicit entity/facet policy review
feta,state,1,1,operator-corrective-review-v2,full-ontology-resolution-v2,Explicit entity/facet policy review
fish-sauce,form,1,1,operator-corrective-review-v2,full-ontology-resolution-v2,Explicit entity/facet policy review
fish-sauce,package_form,1,0,operator-corrective-review-v2,full-ontology-resolution-v2,Explicit entity/facet policy review
fish-sauce,plant_part,1,1,operator-corrective-review-v2,full-ontology-resolution-v2,Explicit entity/facet policy review
fish-sauce,preparation,1,1,operator-corrective-review-v2,full-ontology-resolution-v2,Explicit entity/facet policy review
fish-sauce,preservation,1,1,operator-corrective-review-v2,full-ontology-resolution-v2,Explicit entity/facet policy review
fish-sauce,processing,1,1,operator-corrective-review-v2,full-ontology-resolution-v2,Explicit entity/facet policy review
fish-sauce,size,1,0,operator-corrective-review-v2,full-ontology-resolution-v2,Explicit entity/facet policy review
fish-sauce,state,1,1,operator-corrective-review-v2,full-ontology-resolution-v2,Explicit entity/facet policy review
flavoring,form,1,1,operator-corrective-review-v2,full-ontology-resolution-v2,Explicit entity/facet policy review
flavoring,package_form,1,0,operator-corrective-review-v2,full-ontology-resolution-v2,Explicit entity/facet policy review
flavoring,plant_part,1,1,operator-corrective-review-v2,full-ontology-resolution-v2,Explicit entity/facet policy review
flavoring,preparation,1,1,operator-corrective-review-v2,full-ontology-resolution-v2,Explicit entity/facet policy review
flavoring,preservation,1,1,operator-corrective-review-v2,full-ontology-resolution-v2,Explicit entity/facet policy review
flavoring,processing,1,1,operator-corrective-review-v2,full-ontology-resolution-v2,Explicit entity/facet policy review
flavoring,size,1,0,operator-corrective-review-v2,full-ontology-resolution-v2,Explicit entity/facet policy review
flavoring,state,1,1,operator-corrective-review-v2,full-ontology-resolution-v2,Explicit entity/facet policy review
flour,form,1,1,operator-corrective-review-v2,full-ontology-resolution-v2,Explicit entity/facet policy review
flour,package_form,1,0,operator-corrective-review-v2,full-ontology-resolution-v2,Explicit entity/facet policy review
flour,plant_part,1,1,operator-corrective-review-v2,full-ontology-resolution-v2,Explicit entity/facet policy review
flour,preparation,1,1,operator-corrective-review-v2,full-ontology-resolution-v2,Explicit entity/facet policy review
flour,preservation,1,1,operator-corrective-review-v2,full-ontology-resolution-v2,Explicit entity/facet policy review
flour,processing,1,1,operator-corrective-review-v2,full-ontology-resolution-v2,Explicit entity/facet policy review
flour,refinement,1,1,operator-corrective-review-v2,full-ontology-resolution-v2,Explicit entity/facet policy review
flour,size,1,0,operator-corrective-review-v2,full-ontology-resolution-v2,Explicit entity/facet policy review
flour,state,1,1,operator-corrective-review-v2,full-ontology-resolution-v2,Explicit entity/facet policy review
foie-gras,form,1,1,operator-corrective-review-v2,full-ontology-resolution-v2,Explicit entity/facet policy review
foie-gras,package_form,1,0,operator-corrective-review-v2,full-ontology-resolution-v2,Explicit entity/facet policy review
foie-gras,plant_part,1,1,operator-corrective-review-v2,full-ontology-resolution-v2,Explicit entity/facet policy review
foie-gras,preparation,1,1,operator-corrective-review-v2,full-ontology-resolution-v2,Explicit entity/facet policy review
foie-gras,preservation,1,1,operator-corrective-review-v2,full-ontology-resolution-v2,Explicit entity/facet policy review
foie-gras,processing,1,1,operator-corrective-review-v2,full-ontology-resolution-v2,Explicit entity/facet policy review
foie-gras,size,1,0,operator-corrective-review-v2,full-ontology-resolution-v2,Explicit entity/facet policy review
foie-gras,species,1,1,operator-corrective-review-v2,full-ontology-resolution-v2,Explicit entity/facet policy review
foie-gras,state,1,1,operator-corrective-review-v2,full-ontology-resolution-v2,Explicit entity/facet policy review
food-coloring,form,1,1,operator-corrective-review-v2,full-ontology-resolution-v2,Explicit entity/facet policy review
food-coloring,package_form,1,0,operator-corrective-review-v2,full-ontology-resolution-v2,Explicit entity/facet policy review
food-coloring,plant_part,1,1,operator-corrective-review-v2,full-ontology-resolution-v2,Explicit entity/facet policy review
food-coloring,preparation,1,1,operator-corrective-review-v2,full-ontology-resolution-v2,Explicit entity/facet policy review
food-coloring,preservation,1,1,operator-corrective-review-v2,full-ontology-resolution-v2,Explicit entity/facet policy review
food-coloring,processing,1,1,operator-corrective-review-v2,full-ontology-resolution-v2,Explicit entity/facet policy review
food-coloring,size,1,0,operator-corrective-review-v2,full-ontology-resolution-v2,Explicit entity/facet policy review
food-coloring,state,1,1,operator-corrective-review-v2,full-ontology-resolution-v2,Explicit entity/facet policy review
fruit-preserve,form,1,1,operator-corrective-review-v2,full-ontology-resolution-v2,Explicit entity/facet policy review
fruit-preserve,package_form,1,0,operator-corrective-review-v2,full-ontology-resolution-v2,Explicit entity/facet policy review
fruit-preserve,plant_part,1,1,operator-corrective-review-v2,full-ontology-resolution-v2,Explicit entity/facet policy review
fruit-preserve,preparation,1,1,operator-corrective-review-v2,full-ontology-resolution-v2,Explicit entity/facet policy review
fruit-preserve,preservation,1,1,operator-corrective-review-v2,full-ontology-resolution-v2,Explicit entity/facet policy review
fruit-preserve,processing,1,1,operator-corrective-review-v2,full-ontology-resolution-v2,Explicit entity/facet policy review
fruit-preserve,size,1,0,operator-corrective-review-v2,full-ontology-resolution-v2,Explicit entity/facet policy review
fruit-preserve,state,1,1,operator-corrective-review-v2,full-ontology-resolution-v2,Explicit entity/facet policy review
garam-masala,form,1,1,operator-corrective-review-v2,full-ontology-resolution-v2,Explicit entity/facet policy review
garam-masala,package_form,1,0,operator-corrective-review-v2,full-ontology-resolution-v2,Explicit entity/facet policy review
garam-masala,plant_part,1,1,operator-corrective-review-v2,full-ontology-resolution-v2,Explicit entity/facet policy review
garam-masala,preparation,1,1,operator-corrective-review-v2,full-ontology-resolution-v2,Explicit entity/facet policy review
garam-masala,preservation,1,1,operator-corrective-review-v2,full-ontology-resolution-v2,Explicit entity/facet policy review
garam-masala,processing,1,1,operator-corrective-review-v2,full-ontology-resolution-v2,Explicit entity/facet policy review
garam-masala,size,1,0,operator-corrective-review-v2,full-ontology-resolution-v2,Explicit entity/facet policy review
garam-masala,state,1,1,operator-corrective-review-v2,full-ontology-resolution-v2,Explicit entity/facet policy review
garlic,form,1,1,operator-corrective-review-v2,full-ontology-resolution-v2,Explicit entity/facet policy review
garlic,package_form,1,0,operator-corrective-review-v2,full-ontology-resolution-v2,Explicit entity/facet policy review
garlic,plant_part,1,1,operator-corrective-review-v2,full-ontology-resolution-v2,Explicit entity/facet policy review
garlic,preparation,1,1,operator-corrective-review-v2,full-ontology-resolution-v2,Explicit entity/facet policy review
garlic,preservation,1,1,operator-corrective-review-v2,full-ontology-resolution-v2,Explicit entity/facet policy review
garlic,processing,1,1,operator-corrective-review-v2,full-ontology-resolution-v2,Explicit entity/facet policy review
garlic,size,1,0,operator-corrective-review-v2,full-ontology-resolution-v2,Explicit entity/facet policy review
garlic,state,1,1,operator-corrective-review-v2,full-ontology-resolution-v2,Explicit entity/facet policy review
gelatin,form,1,1,operator-corrective-review-v2,full-ontology-resolution-v2,Explicit entity/facet policy review
gelatin,package_form,1,0,operator-corrective-review-v2,full-ontology-resolution-v2,Explicit entity/facet policy review
gelatin,plant_part,1,1,operator-corrective-review-v2,full-ontology-resolution-v2,Explicit entity/facet policy review
gelatin,preparation,1,1,operator-corrective-review-v2,full-ontology-resolution-v2,Explicit entity/facet policy review
gelatin,preservation,1,1,operator-corrective-review-v2,full-ontology-resolution-v2,Explicit entity/facet policy review
gelatin,processing,1,1,operator-corrective-review-v2,full-ontology-resolution-v2,Explicit entity/facet policy review
gelatin,size,1,0,operator-corrective-review-v2,full-ontology-resolution-v2,Explicit entity/facet policy review
gelatin,state,1,1,operator-corrective-review-v2,full-ontology-resolution-v2,Explicit entity/facet policy review
ghee,form,1,1,operator-corrective-review-v2,full-ontology-resolution-v2,Explicit entity/facet policy review
ghee,package_form,1,0,operator-corrective-review-v2,full-ontology-resolution-v2,Explicit entity/facet policy review
ghee,plant_part,1,1,operator-corrective-review-v2,full-ontology-resolution-v2,Explicit entity/facet policy review
ghee,preparation,1,1,operator-corrective-review-v2,full-ontology-resolution-v2,Explicit entity/facet policy review
ghee,preservation,1,1,operator-corrective-review-v2,full-ontology-resolution-v2,Explicit entity/facet policy review
ghee,processing,1,1,operator-corrective-review-v2,full-ontology-resolution-v2,Explicit entity/facet policy review
ghee,size,1,0,operator-corrective-review-v2,full-ontology-resolution-v2,Explicit entity/facet policy review
ghee,state,1,1,operator-corrective-review-v2,full-ontology-resolution-v2,Explicit entity/facet policy review
ginger,form,1,1,operator-corrective-review-v2,full-ontology-resolution-v2,Explicit entity/facet policy review
ginger,package_form,1,0,operator-corrective-review-v2,full-ontology-resolution-v2,Explicit entity/facet policy review
ginger,plant_part,1,1,operator-corrective-review-v2,full-ontology-resolution-v2,Explicit entity/facet policy review
ginger,preparation,1,1,operator-corrective-review-v2,full-ontology-resolution-v2,Explicit entity/facet policy review
ginger,preservation,1,1,operator-corrective-review-v2,full-ontology-resolution-v2,Explicit entity/facet policy review
ginger,processing,1,1,operator-corrective-review-v2,full-ontology-resolution-v2,Explicit entity/facet policy review
ginger,size,1,0,operator-corrective-review-v2,full-ontology-resolution-v2,Explicit entity/facet policy review
ginger,state,1,1,operator-corrective-review-v2,full-ontology-resolution-v2,Explicit entity/facet policy review
green-onion,form,1,1,operator-corrective-review-v2,full-ontology-resolution-v2,Explicit entity/facet policy review
green-onion,package_form,1,0,operator-corrective-review-v2,full-ontology-resolution-v2,Explicit entity/facet policy review
green-onion,plant_part,1,1,operator-corrective-review-v2,full-ontology-resolution-v2,Explicit entity/facet policy review
green-onion,preparation,1,1,operator-corrective-review-v2,full-ontology-resolution-v2,Explicit entity/facet policy review
green-onion,preservation,1,1,operator-corrective-review-v2,full-ontology-resolution-v2,Explicit entity/facet policy review
green-onion,processing,1,1,operator-corrective-review-v2,full-ontology-resolution-v2,Explicit entity/facet policy review
green-onion,size,1,0,operator-corrective-review-v2,full-ontology-resolution-v2,Explicit entity/facet policy review
green-onion,state,1,1,operator-corrective-review-v2,full-ontology-resolution-v2,Explicit entity/facet policy review
grits,form,1,1,operator-corrective-review-v2,full-ontology-resolution-v2,Explicit entity/facet policy review
grits,package_form,1,0,operator-corrective-review-v2,full-ontology-resolution-v2,Explicit entity/facet policy review
grits,plant_part,1,1,operator-corrective-review-v2,full-ontology-resolution-v2,Explicit entity/facet policy review
grits,preparation,1,1,operator-corrective-review-v2,full-ontology-resolution-v2,Explicit entity/facet policy review
grits,preservation,1,1,operator-corrective-review-v2,full-ontology-resolution-v2,Explicit entity/facet policy review
grits,processing,1,1,operator-corrective-review-v2,full-ontology-resolution-v2,Explicit entity/facet policy review
grits,size,1,0,operator-corrective-review-v2,full-ontology-resolution-v2,Explicit entity/facet policy review
grits,state,1,1,operator-corrective-review-v2,full-ontology-resolution-v2,Explicit entity/facet policy review
guacamole,form,1,1,operator-corrective-review-v2,full-ontology-resolution-v2,Explicit entity/facet policy review
guacamole,package_form,1,0,operator-corrective-review-v2,full-ontology-resolution-v2,Explicit entity/facet policy review
guacamole,plant_part,1,1,operator-corrective-review-v2,full-ontology-resolution-v2,Explicit entity/facet policy review
guacamole,preparation,1,1,operator-corrective-review-v2,full-ontology-resolution-v2,Explicit entity/facet policy review
guacamole,preservation,1,1,operator-corrective-review-v2,full-ontology-resolution-v2,Explicit entity/facet policy review
guacamole,processing,1,1,operator-corrective-review-v2,full-ontology-resolution-v2,Explicit entity/facet policy review
guacamole,size,1,0,operator-corrective-review-v2,full-ontology-resolution-v2,Explicit entity/facet policy review
guacamole,state,1,1,operator-corrective-review-v2,full-ontology-resolution-v2,Explicit entity/facet policy review
half-and-half,form,1,1,operator-corrective-review-v2,full-ontology-resolution-v2,Explicit entity/facet policy review
half-and-half,package_form,1,0,operator-corrective-review-v2,full-ontology-resolution-v2,Explicit entity/facet policy review
half-and-half,plant_part,1,1,operator-corrective-review-v2,full-ontology-resolution-v2,Explicit entity/facet policy review
half-and-half,preparation,1,1,operator-corrective-review-v2,full-ontology-resolution-v2,Explicit entity/facet policy review
half-and-half,preservation,1,1,operator-corrective-review-v2,full-ontology-resolution-v2,Explicit entity/facet policy review
half-and-half,processing,1,1,operator-corrective-review-v2,full-ontology-resolution-v2,Explicit entity/facet policy review
half-and-half,size,1,0,operator-corrective-review-v2,full-ontology-resolution-v2,Explicit entity/facet policy review
half-and-half,state,1,1,operator-corrective-review-v2,full-ontology-resolution-v2,Explicit entity/facet policy review
hazelnut,form,1,1,operator-corrective-review-v2,full-ontology-resolution-v2,Explicit entity/facet policy review
hazelnut,package_form,1,0,operator-corrective-review-v2,full-ontology-resolution-v2,Explicit entity/facet policy review
hazelnut,plant_part,1,1,operator-corrective-review-v2,full-ontology-resolution-v2,Explicit entity/facet policy review
hazelnut,preparation,1,1,operator-corrective-review-v2,full-ontology-resolution-v2,Explicit entity/facet policy review
hazelnut,preservation,1,1,operator-corrective-review-v2,full-ontology-resolution-v2,Explicit entity/facet policy review
hazelnut,processing,1,1,operator-corrective-review-v2,full-ontology-resolution-v2,Explicit entity/facet policy review
hazelnut,size,1,0,operator-corrective-review-v2,full-ontology-resolution-v2,Explicit entity/facet policy review
hazelnut,state,1,1,operator-corrective-review-v2,full-ontology-resolution-v2,Explicit entity/facet policy review
hoisin-sauce,form,1,1,operator-corrective-review-v2,full-ontology-resolution-v2,Explicit entity/facet policy review
hoisin-sauce,package_form,1,0,operator-corrective-review-v2,full-ontology-resolution-v2,Explicit entity/facet policy review
hoisin-sauce,plant_part,1,1,operator-corrective-review-v2,full-ontology-resolution-v2,Explicit entity/facet policy review
hoisin-sauce,preparation,1,1,operator-corrective-review-v2,full-ontology-resolution-v2,Explicit entity/facet policy review
hoisin-sauce,preservation,1,1,operator-corrective-review-v2,full-ontology-resolution-v2,Explicit entity/facet policy review
hoisin-sauce,processing,1,1,operator-corrective-review-v2,full-ontology-resolution-v2,Explicit entity/facet policy review
hoisin-sauce,size,1,0,operator-corrective-review-v2,full-ontology-resolution-v2,Explicit entity/facet policy review
hoisin-sauce,state,1,1,operator-corrective-review-v2,full-ontology-resolution-v2,Explicit entity/facet policy review
honey,form,1,1,operator-corrective-review-v2,full-ontology-resolution-v2,Explicit entity/facet policy review
honey,package_form,1,0,operator-corrective-review-v2,full-ontology-resolution-v2,Explicit entity/facet policy review
honey,plant_part,1,1,operator-corrective-review-v2,full-ontology-resolution-v2,Explicit entity/facet policy review
honey,preparation,1,1,operator-corrective-review-v2,full-ontology-resolution-v2,Explicit entity/facet policy review
honey,preservation,1,1,operator-corrective-review-v2,full-ontology-resolution-v2,Explicit entity/facet policy review
honey,processing,1,1,operator-corrective-review-v2,full-ontology-resolution-v2,Explicit entity/facet policy review
honey,size,1,0,operator-corrective-review-v2,full-ontology-resolution-v2,Explicit entity/facet policy review
honey,state,1,1,operator-corrective-review-v2,full-ontology-resolution-v2,Explicit entity/facet policy review
jack-fruit,form,1,1,operator-corrective-review-v2,full-ontology-resolution-v2,Explicit entity/facet policy review
jack-fruit,package_form,1,0,operator-corrective-review-v2,full-ontology-resolution-v2,Explicit entity/facet policy review
jack-fruit,plant_part,1,1,operator-corrective-review-v2,full-ontology-resolution-v2,Explicit entity/facet policy review
jack-fruit,preparation,1,1,operator-corrective-review-v2,full-ontology-resolution-v2,Explicit entity/facet policy review
jack-fruit,preservation,1,1,operator-corrective-review-v2,full-ontology-resolution-v2,Explicit entity/facet policy review
jack-fruit,processing,1,1,operator-corrective-review-v2,full-ontology-resolution-v2,Explicit entity/facet policy review
jack-fruit,size,1,0,operator-corrective-review-v2,full-ontology-resolution-v2,Explicit entity/facet policy review
jack-fruit,state,1,1,operator-corrective-review-v2,full-ontology-resolution-v2,Explicit entity/facet policy review
jalapeno-pepper,form,1,1,operator-corrective-review-v2,full-ontology-resolution-v2,Explicit entity/facet policy review
jalapeno-pepper,package_form,1,0,operator-corrective-review-v2,full-ontology-resolution-v2,Explicit entity/facet policy review
jalapeno-pepper,plant_part,1,1,operator-corrective-review-v2,full-ontology-resolution-v2,Explicit entity/facet policy review
jalapeno-pepper,preparation,1,1,operator-corrective-review-v2,full-ontology-resolution-v2,Explicit entity/facet policy review
jalapeno-pepper,preservation,1,1,operator-corrective-review-v2,full-ontology-resolution-v2,Explicit entity/facet policy review
jalapeno-pepper,processing,1,1,operator-corrective-review-v2,full-ontology-resolution-v2,Explicit entity/facet policy review
jalapeno-pepper,size,1,0,operator-corrective-review-v2,full-ontology-resolution-v2,Explicit entity/facet policy review
jalapeno-pepper,state,1,1,operator-corrective-review-v2,full-ontology-resolution-v2,Explicit entity/facet policy review
jalapeno-pepper,variety,1,1,operator-corrective-review-v2,full-ontology-resolution-v2,Explicit entity/facet policy review
juice,form,1,1,operator-corrective-review-v2,full-ontology-resolution-v2,Explicit entity/facet policy review
juice,package_form,1,0,operator-corrective-review-v2,full-ontology-resolution-v2,Explicit entity/facet policy review
juice,plant_part,1,1,operator-corrective-review-v2,full-ontology-resolution-v2,Explicit entity/facet policy review
juice,preparation,1,1,operator-corrective-review-v2,full-ontology-resolution-v2,Explicit entity/facet policy review
juice,preservation,1,1,operator-corrective-review-v2,full-ontology-resolution-v2,Explicit entity/facet policy review
juice,processing,1,1,operator-corrective-review-v2,full-ontology-resolution-v2,Explicit entity/facet policy review
juice,size,1,0,operator-corrective-review-v2,full-ontology-resolution-v2,Explicit entity/facet policy review
juice,state,1,1,operator-corrective-review-v2,full-ontology-resolution-v2,Explicit entity/facet policy review
ketchup,form,1,1,operator-corrective-review-v2,full-ontology-resolution-v2,Explicit entity/facet policy review
ketchup,package_form,1,0,operator-corrective-review-v2,full-ontology-resolution-v2,Explicit entity/facet policy review
ketchup,plant_part,1,1,operator-corrective-review-v2,full-ontology-resolution-v2,Explicit entity/facet policy review
ketchup,preparation,1,1,operator-corrective-review-v2,full-ontology-resolution-v2,Explicit entity/facet policy review
ketchup,preservation,1,1,operator-corrective-review-v2,full-ontology-resolution-v2,Explicit entity/facet policy review
ketchup,processing,1,1,operator-corrective-review-v2,full-ontology-resolution-v2,Explicit entity/facet policy review
ketchup,size,1,0,operator-corrective-review-v2,full-ontology-resolution-v2,Explicit entity/facet policy review
ketchup,state,1,1,operator-corrective-review-v2,full-ontology-resolution-v2,Explicit entity/facet policy review
leek,form,1,1,operator-corrective-review-v2,full-ontology-resolution-v2,Explicit entity/facet policy review
leek,package_form,1,0,operator-corrective-review-v2,full-ontology-resolution-v2,Explicit entity/facet policy review
leek,plant_part,1,1,operator-corrective-review-v2,full-ontology-resolution-v2,Explicit entity/facet policy review
leek,preparation,1,1,operator-corrective-review-v2,full-ontology-resolution-v2,Explicit entity/facet policy review
leek,preservation,1,1,operator-corrective-review-v2,full-ontology-resolution-v2,Explicit entity/facet policy review
leek,processing,1,1,operator-corrective-review-v2,full-ontology-resolution-v2,Explicit entity/facet policy review
leek,size,1,0,operator-corrective-review-v2,full-ontology-resolution-v2,Explicit entity/facet policy review
leek,state,1,1,operator-corrective-review-v2,full-ontology-resolution-v2,Explicit entity/facet policy review
lemon,form,1,1,operator-corrective-review-v2,full-ontology-resolution-v2,Explicit entity/facet policy review
lemon,package_form,1,0,operator-corrective-review-v2,full-ontology-resolution-v2,Explicit entity/facet policy review
lemon,plant_part,1,1,operator-corrective-review-v2,full-ontology-resolution-v2,Explicit entity/facet policy review
lemon,preparation,1,1,operator-corrective-review-v2,full-ontology-resolution-v2,Explicit entity/facet policy review
lemon,preservation,1,1,operator-corrective-review-v2,full-ontology-resolution-v2,Explicit entity/facet policy review
lemon,processing,1,1,operator-corrective-review-v2,full-ontology-resolution-v2,Explicit entity/facet policy review
lemon,size,1,0,operator-corrective-review-v2,full-ontology-resolution-v2,Explicit entity/facet policy review
lemon,state,1,1,operator-corrective-review-v2,full-ontology-resolution-v2,Explicit entity/facet policy review
lemon-juice,form,1,1,operator-corrective-review-v2,full-ontology-resolution-v2,Explicit entity/facet policy review
lemon-juice,package_form,1,0,operator-corrective-review-v2,full-ontology-resolution-v2,Explicit entity/facet policy review
lemon-juice,preparation,1,1,operator-corrective-review-v2,full-ontology-resolution-v2,Explicit entity/facet policy review
lemon-juice,preservation,1,1,operator-corrective-review-v2,full-ontology-resolution-v2,Explicit entity/facet policy review
lemon-juice,processing,1,1,operator-corrective-review-v2,full-ontology-resolution-v2,Explicit entity/facet policy review
lemon-juice,size,1,0,operator-corrective-review-v2,full-ontology-resolution-v2,Explicit entity/facet policy review
lemon-juice,state,1,1,operator-corrective-review-v2,full-ontology-resolution-v2,Explicit entity/facet policy review
lime,form,1,1,operator-corrective-review-v2,full-ontology-resolution-v2,Explicit entity/facet policy review
lime,package_form,1,0,operator-corrective-review-v2,full-ontology-resolution-v2,Explicit entity/facet policy review
lime,plant_part,1,1,operator-corrective-review-v2,full-ontology-resolution-v2,Explicit entity/facet policy review
lime,preparation,1,1,operator-corrective-review-v2,full-ontology-resolution-v2,Explicit entity/facet policy review
lime,preservation,1,1,operator-corrective-review-v2,full-ontology-resolution-v2,Explicit entity/facet policy review
lime,processing,1,1,operator-corrective-review-v2,full-ontology-resolution-v2,Explicit entity/facet policy review
lime,size,1,0,operator-corrective-review-v2,full-ontology-resolution-v2,Explicit entity/facet policy review
lime,state,1,1,operator-corrective-review-v2,full-ontology-resolution-v2,Explicit entity/facet policy review
lime-juice,form,1,1,operator-corrective-review-v2,full-ontology-resolution-v2,Explicit entity/facet policy review
lime-juice,package_form,1,0,operator-corrective-review-v2,full-ontology-resolution-v2,Explicit entity/facet policy review
lime-juice,preparation,1,1,operator-corrective-review-v2,full-ontology-resolution-v2,Explicit entity/facet policy review
lime-juice,preservation,1,1,operator-corrective-review-v2,full-ontology-resolution-v2,Explicit entity/facet policy review
lime-juice,processing,1,1,operator-corrective-review-v2,full-ontology-resolution-v2,Explicit entity/facet policy review
lime-juice,size,1,0,operator-corrective-review-v2,full-ontology-resolution-v2,Explicit entity/facet policy review
lime-juice,state,1,1,operator-corrective-review-v2,full-ontology-resolution-v2,Explicit entity/facet policy review
mango,form,1,1,operator-corrective-review-v2,full-ontology-resolution-v2,Explicit entity/facet policy review
mango,package_form,1,0,operator-corrective-review-v2,full-ontology-resolution-v2,Explicit entity/facet policy review
mango,plant_part,1,1,operator-corrective-review-v2,full-ontology-resolution-v2,Explicit entity/facet policy review
mango,preparation,1,1,operator-corrective-review-v2,full-ontology-resolution-v2,Explicit entity/facet policy review
mango,preservation,1,1,operator-corrective-review-v2,full-ontology-resolution-v2,Explicit entity/facet policy review
mango,processing,1,1,operator-corrective-review-v2,full-ontology-resolution-v2,Explicit entity/facet policy review
mango,size,1,0,operator-corrective-review-v2,full-ontology-resolution-v2,Explicit entity/facet policy review
mango,state,1,1,operator-corrective-review-v2,full-ontology-resolution-v2,Explicit entity/facet policy review
maple-syrup,form,1,1,operator-corrective-review-v2,full-ontology-resolution-v2,Explicit entity/facet policy review
maple-syrup,package_form,1,0,operator-corrective-review-v2,full-ontology-resolution-v2,Explicit entity/facet policy review
maple-syrup,plant_part,1,1,operator-corrective-review-v2,full-ontology-resolution-v2,Explicit entity/facet policy review
maple-syrup,preparation,1,1,operator-corrective-review-v2,full-ontology-resolution-v2,Explicit entity/facet policy review
maple-syrup,preservation,1,1,operator-corrective-review-v2,full-ontology-resolution-v2,Explicit entity/facet policy review
maple-syrup,processing,1,1,operator-corrective-review-v2,full-ontology-resolution-v2,Explicit entity/facet policy review
maple-syrup,size,1,0,operator-corrective-review-v2,full-ontology-resolution-v2,Explicit entity/facet policy review
maple-syrup,state,1,1,operator-corrective-review-v2,full-ontology-resolution-v2,Explicit entity/facet policy review
marinara-sauce,form,1,1,operator-corrective-review-v2,full-ontology-resolution-v2,Explicit entity/facet policy review
marinara-sauce,package_form,1,0,operator-corrective-review-v2,full-ontology-resolution-v2,Explicit entity/facet policy review
marinara-sauce,plant_part,1,1,operator-corrective-review-v2,full-ontology-resolution-v2,Explicit entity/facet policy review
marinara-sauce,preparation,1,1,operator-corrective-review-v2,full-ontology-resolution-v2,Explicit entity/facet policy review
marinara-sauce,preservation,1,1,operator-corrective-review-v2,full-ontology-resolution-v2,Explicit entity/facet policy review
marinara-sauce,processing,1,1,operator-corrective-review-v2,full-ontology-resolution-v2,Explicit entity/facet policy review
marinara-sauce,size,1,0,operator-corrective-review-v2,full-ontology-resolution-v2,Explicit entity/facet policy review
marinara-sauce,state,1,1,operator-corrective-review-v2,full-ontology-resolution-v2,Explicit entity/facet policy review
marry-me-chicken,form,1,1,operator-corrective-review-v2,full-ontology-resolution-v2,Explicit entity/facet policy review
marry-me-chicken,package_form,1,0,operator-corrective-review-v2,full-ontology-resolution-v2,Explicit entity/facet policy review
marry-me-chicken,plant_part,1,1,operator-corrective-review-v2,full-ontology-resolution-v2,Explicit entity/facet policy review
marry-me-chicken,preparation,1,1,operator-corrective-review-v2,full-ontology-resolution-v2,Explicit entity/facet policy review
marry-me-chicken,preservation,1,1,operator-corrective-review-v2,full-ontology-resolution-v2,Explicit entity/facet policy review
marry-me-chicken,processing,1,1,operator-corrective-review-v2,full-ontology-resolution-v2,Explicit entity/facet policy review
marry-me-chicken,size,1,0,operator-corrective-review-v2,full-ontology-resolution-v2,Explicit entity/facet policy review
marry-me-chicken,state,1,1,operator-corrective-review-v2,full-ontology-resolution-v2,Explicit entity/facet policy review
marry-me-chicken-sauce,form,1,1,operator-corrective-review-v2,full-ontology-resolution-v2,Explicit entity/facet policy review
marry-me-chicken-sauce,package_form,1,0,operator-corrective-review-v2,full-ontology-resolution-v2,Explicit entity/facet policy review
marry-me-chicken-sauce,plant_part,1,1,operator-corrective-review-v2,full-ontology-resolution-v2,Explicit entity/facet policy review
marry-me-chicken-sauce,preparation,1,1,operator-corrective-review-v2,full-ontology-resolution-v2,Explicit entity/facet policy review
marry-me-chicken-sauce,preservation,1,1,operator-corrective-review-v2,full-ontology-resolution-v2,Explicit entity/facet policy review
marry-me-chicken-sauce,processing,1,1,operator-corrective-review-v2,full-ontology-resolution-v2,Explicit entity/facet policy review
marry-me-chicken-sauce,size,1,0,operator-corrective-review-v2,full-ontology-resolution-v2,Explicit entity/facet policy review
marry-me-chicken-sauce,state,1,1,operator-corrective-review-v2,full-ontology-resolution-v2,Explicit entity/facet policy review
mascarpone,form,1,1,operator-corrective-review-v2,full-ontology-resolution-v2,Explicit entity/facet policy review
mascarpone,package_form,1,0,operator-corrective-review-v2,full-ontology-resolution-v2,Explicit entity/facet policy review
mascarpone,plant_part,1,1,operator-corrective-review-v2,full-ontology-resolution-v2,Explicit entity/facet policy review
mascarpone,preparation,1,1,operator-corrective-review-v2,full-ontology-resolution-v2,Explicit entity/facet policy review
mascarpone,preservation,1,1,operator-corrective-review-v2,full-ontology-resolution-v2,Explicit entity/facet policy review
mascarpone,processing,1,1,operator-corrective-review-v2,full-ontology-resolution-v2,Explicit entity/facet policy review
mascarpone,size,1,0,operator-corrective-review-v2,full-ontology-resolution-v2,Explicit entity/facet policy review
mascarpone,state,1,1,operator-corrective-review-v2,full-ontology-resolution-v2,Explicit entity/facet policy review
mayonnaise,form,1,1,operator-corrective-review-v2,full-ontology-resolution-v2,Explicit entity/facet policy review
mayonnaise,package_form,1,0,operator-corrective-review-v2,full-ontology-resolution-v2,Explicit entity/facet policy review
mayonnaise,plant_part,1,1,operator-corrective-review-v2,full-ontology-resolution-v2,Explicit entity/facet policy review
mayonnaise,preparation,1,1,operator-corrective-review-v2,full-ontology-resolution-v2,Explicit entity/facet policy review
mayonnaise,preservation,1,1,operator-corrective-review-v2,full-ontology-resolution-v2,Explicit entity/facet policy review
mayonnaise,processing,1,1,operator-corrective-review-v2,full-ontology-resolution-v2,Explicit entity/facet policy review
mayonnaise,size,1,0,operator-corrective-review-v2,full-ontology-resolution-v2,Explicit entity/facet policy review
mayonnaise,state,1,1,operator-corrective-review-v2,full-ontology-resolution-v2,Explicit entity/facet policy review
mexican-salsa,form,1,1,operator-corrective-review-v2,full-ontology-resolution-v2,Explicit entity/facet policy review
mexican-salsa,package_form,1,0,operator-corrective-review-v2,full-ontology-resolution-v2,Explicit entity/facet policy review
mexican-salsa,preparation,1,1,operator-corrective-review-v2,full-ontology-resolution-v2,Explicit entity/facet policy review
mexican-salsa,preservation,1,1,operator-corrective-review-v2,full-ontology-resolution-v2,Explicit entity/facet policy review
mexican-salsa,processing,1,1,operator-corrective-review-v2,full-ontology-resolution-v2,Explicit entity/facet policy review
mexican-salsa,size,1,0,operator-corrective-review-v2,full-ontology-resolution-v2,Explicit entity/facet policy review
mexican-salsa,state,1,1,operator-corrective-review-v2,full-ontology-resolution-v2,Explicit entity/facet policy review
milk,cream_class,1,1,operator-corrective-review-v2,full-ontology-resolution-v2,Explicit entity/facet policy review
milk,fat_content,1,1,operator-corrective-review-v2,full-ontology-resolution-v2,Explicit entity/facet policy review
milk,filtration,1,1,operator-corrective-review-v2,full-ontology-resolution-v2,Explicit entity/facet policy review
milk,form,1,1,operator-corrective-review-v2,full-ontology-resolution-v2,Explicit entity/facet policy review
milk,package_form,1,0,operator-corrective-review-v2,full-ontology-resolution-v2,Explicit entity/facet policy review
milk,plant_part,1,1,operator-corrective-review-v2,full-ontology-resolution-v2,Explicit entity/facet policy review
milk,preparation,1,1,operator-corrective-review-v2,full-ontology-resolution-v2,Explicit entity/facet policy review
milk,preservation,1,1,operator-corrective-review-v2,full-ontology-resolution-v2,Explicit entity/facet policy review
milk,processing,1,1,operator-corrective-review-v2,full-ontology-resolution-v2,Explicit entity/facet policy review
milk,size,1,0,operator-corrective-review-v2,full-ontology-resolution-v2,Explicit entity/facet policy review
milk,state,1,1,operator-corrective-review-v2,full-ontology-resolution-v2,Explicit entity/facet policy review
milk,sweetening,1,1,operator-corrective-review-v2,full-ontology-resolution-v2,Explicit entity/facet policy review
milk-alternative,cream_class,1,1,operator-corrective-review-v2,full-ontology-resolution-v2,Explicit entity/facet policy review
milk-alternative,fat_content,1,1,operator-corrective-review-v2,full-ontology-resolution-v2,Explicit entity/facet policy review
milk-alternative,filtration,1,1,operator-corrective-review-v2,full-ontology-resolution-v2,Explicit entity/facet policy review
milk-alternative,form,1,1,operator-corrective-review-v2,full-ontology-resolution-v2,Explicit entity/facet policy review
milk-alternative,package_form,1,0,operator-corrective-review-v2,full-ontology-resolution-v2,Explicit entity/facet policy review
milk-alternative,plant_part,1,1,operator-corrective-review-v2,full-ontology-resolution-v2,Explicit entity/facet policy review
milk-alternative,preparation,1,1,operator-corrective-review-v2,full-ontology-resolution-v2,Explicit entity/facet policy review
milk-alternative,preservation,1,1,operator-corrective-review-v2,full-ontology-resolution-v2,Explicit entity/facet policy review
milk-alternative,processing,1,1,operator-corrective-review-v2,full-ontology-resolution-v2,Explicit entity/facet policy review
milk-alternative,size,1,0,operator-corrective-review-v2,full-ontology-resolution-v2,Explicit entity/facet policy review
milk-alternative,state,1,1,operator-corrective-review-v2,full-ontology-resolution-v2,Explicit entity/facet policy review
milk-alternative,variety,1,1,operator-corrective-review-v2,full-ontology-resolution-v2,Explicit entity/facet policy review
mint,form,1,1,operator-corrective-review-v2,full-ontology-resolution-v2,Explicit entity/facet policy review
mint,package_form,1,0,operator-corrective-review-v2,full-ontology-resolution-v2,Explicit entity/facet policy review
mint,plant_part,1,1,operator-corrective-review-v2,full-ontology-resolution-v2,Explicit entity/facet policy review
mint,preparation,1,1,operator-corrective-review-v2,full-ontology-resolution-v2,Explicit entity/facet policy review
mint,preservation,1,1,operator-corrective-review-v2,full-ontology-resolution-v2,Explicit entity/facet policy review
mint,processing,1,1,operator-corrective-review-v2,full-ontology-resolution-v2,Explicit entity/facet policy review
mint,size,1,0,operator-corrective-review-v2,full-ontology-resolution-v2,Explicit entity/facet policy review
mint,state,1,1,operator-corrective-review-v2,full-ontology-resolution-v2,Explicit entity/facet policy review
miso,form,1,1,operator-corrective-review-v2,full-ontology-resolution-v2,Explicit entity/facet policy review
miso,package_form,1,0,operator-corrective-review-v2,full-ontology-resolution-v2,Explicit entity/facet policy review
miso,plant_part,1,1,operator-corrective-review-v2,full-ontology-resolution-v2,Explicit entity/facet policy review
miso,preparation,1,1,operator-corrective-review-v2,full-ontology-resolution-v2,Explicit entity/facet policy review
miso,preservation,1,1,operator-corrective-review-v2,full-ontology-resolution-v2,Explicit entity/facet policy review
miso,processing,1,1,operator-corrective-review-v2,full-ontology-resolution-v2,Explicit entity/facet policy review
miso,size,1,0,operator-corrective-review-v2,full-ontology-resolution-v2,Explicit entity/facet policy review
miso,state,1,1,operator-corrective-review-v2,full-ontology-resolution-v2,Explicit entity/facet policy review
miso-soup,form,1,1,operator-corrective-review-v2,full-ontology-resolution-v2,Explicit entity/facet policy review
miso-soup,package_form,1,0,operator-corrective-review-v2,full-ontology-resolution-v2,Explicit entity/facet policy review
miso-soup,preparation,1,1,operator-corrective-review-v2,full-ontology-resolution-v2,Explicit entity/facet policy review
miso-soup,preservation,1,1,operator-corrective-review-v2,full-ontology-resolution-v2,Explicit entity/facet policy review
miso-soup,processing,1,1,operator-corrective-review-v2,full-ontology-resolution-v2,Explicit entity/facet policy review
miso-soup,size,1,0,operator-corrective-review-v2,full-ontology-resolution-v2,Explicit entity/facet policy review
miso-soup,state,1,1,operator-corrective-review-v2,full-ontology-resolution-v2,Explicit entity/facet policy review
molasses,form,1,1,operator-corrective-review-v2,full-ontology-resolution-v2,Explicit entity/facet policy review
molasses,package_form,1,0,operator-corrective-review-v2,full-ontology-resolution-v2,Explicit entity/facet policy review
molasses,plant_part,1,1,operator-corrective-review-v2,full-ontology-resolution-v2,Explicit entity/facet policy review
molasses,preparation,1,1,operator-corrective-review-v2,full-ontology-resolution-v2,Explicit entity/facet policy review
molasses,preservation,1,1,operator-corrective-review-v2,full-ontology-resolution-v2,Explicit entity/facet policy review
molasses,processing,1,1,operator-corrective-review-v2,full-ontology-resolution-v2,Explicit entity/facet policy review
molasses,size,1,0,operator-corrective-review-v2,full-ontology-resolution-v2,Explicit entity/facet policy review
molasses,state,1,1,operator-corrective-review-v2,full-ontology-resolution-v2,Explicit entity/facet policy review
mozzarella,form,1,1,operator-corrective-review-v2,full-ontology-resolution-v2,Explicit entity/facet policy review
mozzarella,package_form,1,0,operator-corrective-review-v2,full-ontology-resolution-v2,Explicit entity/facet policy review
mozzarella,plant_part,1,1,operator-corrective-review-v2,full-ontology-resolution-v2,Explicit entity/facet policy review
mozzarella,preparation,1,1,operator-corrective-review-v2,full-ontology-resolution-v2,Explicit entity/facet policy review
mozzarella,preservation,1,1,operator-corrective-review-v2,full-ontology-resolution-v2,Explicit entity/facet policy review
mozzarella,processing,1,1,operator-corrective-review-v2,full-ontology-resolution-v2,Explicit entity/facet policy review
mozzarella,size,1,0,operator-corrective-review-v2,full-ontology-resolution-v2,Explicit entity/facet policy review
mozzarella,state,1,1,operator-corrective-review-v2,full-ontology-resolution-v2,Explicit entity/facet policy review
multi-ingredient-soup,form,1,1,operator-corrective-review-v2,full-ontology-resolution-v2,Explicit entity/facet policy review
multi-ingredient-soup,package_form,1,0,operator-corrective-review-v2,full-ontology-resolution-v2,Explicit entity/facet policy review
multi-ingredient-soup,preparation,1,1,operator-corrective-review-v2,full-ontology-resolution-v2,Explicit entity/facet policy review
multi-ingredient-soup,preservation,1,1,operator-corrective-review-v2,full-ontology-resolution-v2,Explicit entity/facet policy review
multi-ingredient-soup,processing,1,1,operator-corrective-review-v2,full-ontology-resolution-v2,Explicit entity/facet policy review
multi-ingredient-soup,size,1,0,operator-corrective-review-v2,full-ontology-resolution-v2,Explicit entity/facet policy review
multi-ingredient-soup,state,1,1,operator-corrective-review-v2,full-ontology-resolution-v2,Explicit entity/facet policy review
mushroom,form,1,1,operator-corrective-review-v2,full-ontology-resolution-v2,Explicit entity/facet policy review
mushroom,package_form,1,0,operator-corrective-review-v2,full-ontology-resolution-v2,Explicit entity/facet policy review
mushroom,plant_part,1,1,operator-corrective-review-v2,full-ontology-resolution-v2,Explicit entity/facet policy review
mushroom,preparation,1,1,operator-corrective-review-v2,full-ontology-resolution-v2,Explicit entity/facet policy review
mushroom,preservation,1,1,operator-corrective-review-v2,full-ontology-resolution-v2,Explicit entity/facet policy review
mushroom,processing,1,1,operator-corrective-review-v2,full-ontology-resolution-v2,Explicit entity/facet policy review
mushroom,size,1,0,operator-corrective-review-v2,full-ontology-resolution-v2,Explicit entity/facet policy review
mushroom,state,1,1,operator-corrective-review-v2,full-ontology-resolution-v2,Explicit entity/facet policy review
mustard,form,1,1,operator-corrective-review-v2,full-ontology-resolution-v2,Explicit entity/facet policy review
mustard,package_form,1,0,operator-corrective-review-v2,full-ontology-resolution-v2,Explicit entity/facet policy review
mustard,plant_part,1,1,operator-corrective-review-v2,full-ontology-resolution-v2,Explicit entity/facet policy review
mustard,preparation,1,1,operator-corrective-review-v2,full-ontology-resolution-v2,Explicit entity/facet policy review
mustard,preservation,1,1,operator-corrective-review-v2,full-ontology-resolution-v2,Explicit entity/facet policy review
mustard,processing,1,1,operator-corrective-review-v2,full-ontology-resolution-v2,Explicit entity/facet policy review
mustard,size,1,0,operator-corrective-review-v2,full-ontology-resolution-v2,Explicit entity/facet policy review
mustard,state,1,1,operator-corrective-review-v2,full-ontology-resolution-v2,Explicit entity/facet policy review
nachos,form,1,1,operator-corrective-review-v2,full-ontology-resolution-v2,Explicit entity/facet policy review
nachos,package_form,1,0,operator-corrective-review-v2,full-ontology-resolution-v2,Explicit entity/facet policy review
nachos,plant_part,1,1,operator-corrective-review-v2,full-ontology-resolution-v2,Explicit entity/facet policy review
nachos,preparation,1,1,operator-corrective-review-v2,full-ontology-resolution-v2,Explicit entity/facet policy review
nachos,preservation,1,1,operator-corrective-review-v2,full-ontology-resolution-v2,Explicit entity/facet policy review
nachos,processing,1,1,operator-corrective-review-v2,full-ontology-resolution-v2,Explicit entity/facet policy review
nachos,size,1,0,operator-corrective-review-v2,full-ontology-resolution-v2,Explicit entity/facet policy review
nachos,state,1,1,operator-corrective-review-v2,full-ontology-resolution-v2,Explicit entity/facet policy review
noodle,form,1,1,operator-corrective-review-v2,full-ontology-resolution-v2,Explicit entity/facet policy review
noodle,package_form,1,0,operator-corrective-review-v2,full-ontology-resolution-v2,Explicit entity/facet policy review
noodle,plant_part,1,1,operator-corrective-review-v2,full-ontology-resolution-v2,Explicit entity/facet policy review
noodle,preparation,1,1,operator-corrective-review-v2,full-ontology-resolution-v2,Explicit entity/facet policy review
noodle,preservation,1,1,operator-corrective-review-v2,full-ontology-resolution-v2,Explicit entity/facet policy review
noodle,processing,1,1,operator-corrective-review-v2,full-ontology-resolution-v2,Explicit entity/facet policy review
noodle,size,1,0,operator-corrective-review-v2,full-ontology-resolution-v2,Explicit entity/facet policy review
noodle,state,1,1,operator-corrective-review-v2,full-ontology-resolution-v2,Explicit entity/facet policy review
noodle,variety,1,1,operator-corrective-review-v2,full-ontology-resolution-v2,Explicit entity/facet policy review
noodle-soup,form,1,1,operator-corrective-review-v2,full-ontology-resolution-v2,Explicit entity/facet policy review
noodle-soup,package_form,1,0,operator-corrective-review-v2,full-ontology-resolution-v2,Explicit entity/facet policy review
noodle-soup,preparation,1,1,operator-corrective-review-v2,full-ontology-resolution-v2,Explicit entity/facet policy review
noodle-soup,preservation,1,1,operator-corrective-review-v2,full-ontology-resolution-v2,Explicit entity/facet policy review
noodle-soup,processing,1,1,operator-corrective-review-v2,full-ontology-resolution-v2,Explicit entity/facet policy review
noodle-soup,size,1,0,operator-corrective-review-v2,full-ontology-resolution-v2,Explicit entity/facet policy review
noodle-soup,species,1,1,operator-corrective-review-v2,full-ontology-resolution-v2,Explicit entity/facet policy review
noodle-soup,state,1,1,operator-corrective-review-v2,full-ontology-resolution-v2,Explicit entity/facet policy review
noodle-soup,variety,1,1,operator-corrective-review-v2,full-ontology-resolution-v2,Explicit entity/facet policy review
noodles,form,1,1,operator-corrective-review-v2,full-ontology-resolution-v2,Explicit entity/facet policy review
noodles,package_form,1,0,operator-corrective-review-v2,full-ontology-resolution-v2,Explicit entity/facet policy review
noodles,plant_part,1,1,operator-corrective-review-v2,full-ontology-resolution-v2,Explicit entity/facet policy review
noodles,preparation,1,1,operator-corrective-review-v2,full-ontology-resolution-v2,Explicit entity/facet policy review
noodles,preservation,1,1,operator-corrective-review-v2,full-ontology-resolution-v2,Explicit entity/facet policy review
noodles,processing,1,1,operator-corrective-review-v2,full-ontology-resolution-v2,Explicit entity/facet policy review
noodles,size,1,0,operator-corrective-review-v2,full-ontology-resolution-v2,Explicit entity/facet policy review
noodles,state,1,1,operator-corrective-review-v2,full-ontology-resolution-v2,Explicit entity/facet policy review
nut-butter,form,1,1,operator-corrective-review-v2,full-ontology-resolution-v2,Explicit entity/facet policy review
nut-butter,package_form,1,0,operator-corrective-review-v2,full-ontology-resolution-v2,Explicit entity/facet policy review
nut-butter,plant_part,1,1,operator-corrective-review-v2,full-ontology-resolution-v2,Explicit entity/facet policy review
nut-butter,preparation,1,1,operator-corrective-review-v2,full-ontology-resolution-v2,Explicit entity/facet policy review
nut-butter,preservation,1,1,operator-corrective-review-v2,full-ontology-resolution-v2,Explicit entity/facet policy review
nut-butter,processing,1,1,operator-corrective-review-v2,full-ontology-resolution-v2,Explicit entity/facet policy review
nut-butter,size,1,0,operator-corrective-review-v2,full-ontology-resolution-v2,Explicit entity/facet policy review
nut-butter,state,1,1,operator-corrective-review-v2,full-ontology-resolution-v2,Explicit entity/facet policy review
nutmeg,form,1,1,operator-corrective-review-v2,full-ontology-resolution-v2,Explicit entity/facet policy review
nutmeg,package_form,1,0,operator-corrective-review-v2,full-ontology-resolution-v2,Explicit entity/facet policy review
nutmeg,plant_part,1,1,operator-corrective-review-v2,full-ontology-resolution-v2,Explicit entity/facet policy review
nutmeg,preparation,1,1,operator-corrective-review-v2,full-ontology-resolution-v2,Explicit entity/facet policy review
nutmeg,preservation,1,1,operator-corrective-review-v2,full-ontology-resolution-v2,Explicit entity/facet policy review
nutmeg,processing,1,1,operator-corrective-review-v2,full-ontology-resolution-v2,Explicit entity/facet policy review
nutmeg,size,1,0,operator-corrective-review-v2,full-ontology-resolution-v2,Explicit entity/facet policy review
nutmeg,state,1,1,operator-corrective-review-v2,full-ontology-resolution-v2,Explicit entity/facet policy review
oats,form,1,1,operator-corrective-review-v2,full-ontology-resolution-v2,Explicit entity/facet policy review
oats,package_form,1,0,operator-corrective-review-v2,full-ontology-resolution-v2,Explicit entity/facet policy review
oats,plant_part,1,1,operator-corrective-review-v2,full-ontology-resolution-v2,Explicit entity/facet policy review
oats,preparation,1,1,operator-corrective-review-v2,full-ontology-resolution-v2,Explicit entity/facet policy review
oats,preservation,1,1,operator-corrective-review-v2,full-ontology-resolution-v2,Explicit entity/facet policy review
oats,processing,1,1,operator-corrective-review-v2,full-ontology-resolution-v2,Explicit entity/facet policy review
oats,size,1,0,operator-corrective-review-v2,full-ontology-resolution-v2,Explicit entity/facet policy review
oats,state,1,1,operator-corrective-review-v2,full-ontology-resolution-v2,Explicit entity/facet policy review
oil,form,1,1,operator-corrective-review-v2,full-ontology-resolution-v2,Explicit entity/facet policy review
oil,package_form,1,0,operator-corrective-review-v2,full-ontology-resolution-v2,Explicit entity/facet policy review
oil,plant_part,1,1,operator-corrective-review-v2,full-ontology-resolution-v2,Explicit entity/facet policy review
oil,preparation,1,1,operator-corrective-review-v2,full-ontology-resolution-v2,Explicit entity/facet policy review
oil,preservation,1,1,operator-corrective-review-v2,full-ontology-resolution-v2,Explicit entity/facet policy review
oil,processing,1,1,operator-corrective-review-v2,full-ontology-resolution-v2,Explicit entity/facet policy review
oil,size,1,0,operator-corrective-review-v2,full-ontology-resolution-v2,Explicit entity/facet policy review
oil,state,1,1,operator-corrective-review-v2,full-ontology-resolution-v2,Explicit entity/facet policy review
oil,variety,1,1,operator-corrective-review-v2,full-ontology-resolution-v2,Explicit entity/facet policy review
olive,form,1,1,operator-corrective-review-v2,full-ontology-resolution-v2,Explicit entity/facet policy review
olive,package_form,1,0,operator-corrective-review-v2,full-ontology-resolution-v2,Explicit entity/facet policy review
olive,plant_part,1,1,operator-corrective-review-v2,full-ontology-resolution-v2,Explicit entity/facet policy review
olive,preparation,1,1,operator-corrective-review-v2,full-ontology-resolution-v2,Explicit entity/facet policy review
olive,preservation,1,1,operator-corrective-review-v2,full-ontology-resolution-v2,Explicit entity/facet policy review
olive,processing,1,1,operator-corrective-review-v2,full-ontology-resolution-v2,Explicit entity/facet policy review
olive,size,1,0,operator-corrective-review-v2,full-ontology-resolution-v2,Explicit entity/facet policy review
olive,state,1,1,operator-corrective-review-v2,full-ontology-resolution-v2,Explicit entity/facet policy review
onion,form,1,1,operator-corrective-review-v2,full-ontology-resolution-v2,Explicit entity/facet policy review
onion,package_form,1,0,operator-corrective-review-v2,full-ontology-resolution-v2,Explicit entity/facet policy review
onion,plant_part,1,1,operator-corrective-review-v2,full-ontology-resolution-v2,Explicit entity/facet policy review
onion,preparation,1,1,operator-corrective-review-v2,full-ontology-resolution-v2,Explicit entity/facet policy review
onion,preservation,1,1,operator-corrective-review-v2,full-ontology-resolution-v2,Explicit entity/facet policy review
onion,processing,1,1,operator-corrective-review-v2,full-ontology-resolution-v2,Explicit entity/facet policy review
onion,size,1,0,operator-corrective-review-v2,full-ontology-resolution-v2,Explicit entity/facet policy review
onion,state,1,1,operator-corrective-review-v2,full-ontology-resolution-v2,Explicit entity/facet policy review
onion,variety,1,1,operator-corrective-review-v2,full-ontology-resolution-v2,Explicit entity/facet policy review
orange,form,1,1,operator-corrective-review-v2,full-ontology-resolution-v2,Explicit entity/facet policy review
orange,package_form,1,0,operator-corrective-review-v2,full-ontology-resolution-v2,Explicit entity/facet policy review
orange,plant_part,1,1,operator-corrective-review-v2,full-ontology-resolution-v2,Explicit entity/facet policy review
orange,preparation,1,1,operator-corrective-review-v2,full-ontology-resolution-v2,Explicit entity/facet policy review
orange,preservation,1,1,operator-corrective-review-v2,full-ontology-resolution-v2,Explicit entity/facet policy review
orange,processing,1,1,operator-corrective-review-v2,full-ontology-resolution-v2,Explicit entity/facet policy review
orange,size,1,0,operator-corrective-review-v2,full-ontology-resolution-v2,Explicit entity/facet policy review
orange,state,1,1,operator-corrective-review-v2,full-ontology-resolution-v2,Explicit entity/facet policy review
orange-juice,form,1,1,operator-corrective-review-v2,full-ontology-resolution-v2,Explicit entity/facet policy review
orange-juice,package_form,1,0,operator-corrective-review-v2,full-ontology-resolution-v2,Explicit entity/facet policy review
orange-juice,preparation,1,1,operator-corrective-review-v2,full-ontology-resolution-v2,Explicit entity/facet policy review
orange-juice,preservation,1,1,operator-corrective-review-v2,full-ontology-resolution-v2,Explicit entity/facet policy review
orange-juice,processing,1,1,operator-corrective-review-v2,full-ontology-resolution-v2,Explicit entity/facet policy review
orange-juice,size,1,0,operator-corrective-review-v2,full-ontology-resolution-v2,Explicit entity/facet policy review
orange-juice,state,1,1,operator-corrective-review-v2,full-ontology-resolution-v2,Explicit entity/facet policy review
oregano,form,1,1,operator-corrective-review-v2,full-ontology-resolution-v2,Explicit entity/facet policy review
oregano,package_form,1,0,operator-corrective-review-v2,full-ontology-resolution-v2,Explicit entity/facet policy review
oregano,plant_part,1,1,operator-corrective-review-v2,full-ontology-resolution-v2,Explicit entity/facet policy review
oregano,preparation,1,1,operator-corrective-review-v2,full-ontology-resolution-v2,Explicit entity/facet policy review
oregano,preservation,1,1,operator-corrective-review-v2,full-ontology-resolution-v2,Explicit entity/facet policy review
oregano,processing,1,1,operator-corrective-review-v2,full-ontology-resolution-v2,Explicit entity/facet policy review
oregano,size,1,0,operator-corrective-review-v2,full-ontology-resolution-v2,Explicit entity/facet policy review
oregano,state,1,1,operator-corrective-review-v2,full-ontology-resolution-v2,Explicit entity/facet policy review
oyster,form,1,1,operator-corrective-review-v2,full-ontology-resolution-v2,Explicit entity/facet policy review
oyster,package_form,1,0,operator-corrective-review-v2,full-ontology-resolution-v2,Explicit entity/facet policy review
oyster,plant_part,1,1,operator-corrective-review-v2,full-ontology-resolution-v2,Explicit entity/facet policy review
oyster,preparation,1,1,operator-corrective-review-v2,full-ontology-resolution-v2,Explicit entity/facet policy review
oyster,preservation,1,1,operator-corrective-review-v2,full-ontology-resolution-v2,Explicit entity/facet policy review
oyster,processing,1,1,operator-corrective-review-v2,full-ontology-resolution-v2,Explicit entity/facet policy review
oyster,size,1,0,operator-corrective-review-v2,full-ontology-resolution-v2,Explicit entity/facet policy review
oyster,state,1,1,operator-corrective-review-v2,full-ontology-resolution-v2,Explicit entity/facet policy review
oyster-sauce,form,1,1,operator-corrective-review-v2,full-ontology-resolution-v2,Explicit entity/facet policy review
oyster-sauce,package_form,1,0,operator-corrective-review-v2,full-ontology-resolution-v2,Explicit entity/facet policy review
oyster-sauce,plant_part,1,1,operator-corrective-review-v2,full-ontology-resolution-v2,Explicit entity/facet policy review
oyster-sauce,preparation,1,1,operator-corrective-review-v2,full-ontology-resolution-v2,Explicit entity/facet policy review
oyster-sauce,preservation,1,1,operator-corrective-review-v2,full-ontology-resolution-v2,Explicit entity/facet policy review
oyster-sauce,processing,1,1,operator-corrective-review-v2,full-ontology-resolution-v2,Explicit entity/facet policy review
oyster-sauce,size,1,0,operator-corrective-review-v2,full-ontology-resolution-v2,Explicit entity/facet policy review
oyster-sauce,state,1,1,operator-corrective-review-v2,full-ontology-resolution-v2,Explicit entity/facet policy review
paprika,form,1,1,operator-corrective-review-v2,full-ontology-resolution-v2,Explicit entity/facet policy review
paprika,package_form,1,0,operator-corrective-review-v2,full-ontology-resolution-v2,Explicit entity/facet policy review
paprika,plant_part,1,1,operator-corrective-review-v2,full-ontology-resolution-v2,Explicit entity/facet policy review
paprika,preparation,1,1,operator-corrective-review-v2,full-ontology-resolution-v2,Explicit entity/facet policy review
paprika,preservation,1,1,operator-corrective-review-v2,full-ontology-resolution-v2,Explicit entity/facet policy review
paprika,processing,1,1,operator-corrective-review-v2,full-ontology-resolution-v2,Explicit entity/facet policy review
paprika,size,1,0,operator-corrective-review-v2,full-ontology-resolution-v2,Explicit entity/facet policy review
paprika,state,1,1,operator-corrective-review-v2,full-ontology-resolution-v2,Explicit entity/facet policy review
parmesan,form,1,1,operator-corrective-review-v2,full-ontology-resolution-v2,Explicit entity/facet policy review
parmesan,package_form,1,0,operator-corrective-review-v2,full-ontology-resolution-v2,Explicit entity/facet policy review
parmesan,plant_part,1,1,operator-corrective-review-v2,full-ontology-resolution-v2,Explicit entity/facet policy review
parmesan,preparation,1,1,operator-corrective-review-v2,full-ontology-resolution-v2,Explicit entity/facet policy review
parmesan,preservation,1,1,operator-corrective-review-v2,full-ontology-resolution-v2,Explicit entity/facet policy review
parmesan,processing,1,1,operator-corrective-review-v2,full-ontology-resolution-v2,Explicit entity/facet policy review
parmesan,size,1,0,operator-corrective-review-v2,full-ontology-resolution-v2,Explicit entity/facet policy review
parmesan,state,1,1,operator-corrective-review-v2,full-ontology-resolution-v2,Explicit entity/facet policy review
parsley,form,1,1,operator-corrective-review-v2,full-ontology-resolution-v2,Explicit entity/facet policy review
parsley,package_form,1,0,operator-corrective-review-v2,full-ontology-resolution-v2,Explicit entity/facet policy review
parsley,plant_part,1,1,operator-corrective-review-v2,full-ontology-resolution-v2,Explicit entity/facet policy review
parsley,preparation,1,1,operator-corrective-review-v2,full-ontology-resolution-v2,Explicit entity/facet policy review
parsley,preservation,1,1,operator-corrective-review-v2,full-ontology-resolution-v2,Explicit entity/facet policy review
parsley,processing,1,1,operator-corrective-review-v2,full-ontology-resolution-v2,Explicit entity/facet policy review
parsley,size,1,0,operator-corrective-review-v2,full-ontology-resolution-v2,Explicit entity/facet policy review
parsley,state,1,1,operator-corrective-review-v2,full-ontology-resolution-v2,Explicit entity/facet policy review
passata,form,1,1,operator-corrective-review-v2,full-ontology-resolution-v2,Explicit entity/facet policy review
passata,package_form,1,0,operator-corrective-review-v2,full-ontology-resolution-v2,Explicit entity/facet policy review
passata,preparation,1,1,operator-corrective-review-v2,full-ontology-resolution-v2,Explicit entity/facet policy review
passata,preservation,1,1,operator-corrective-review-v2,full-ontology-resolution-v2,Explicit entity/facet policy review
passata,processing,1,1,operator-corrective-review-v2,full-ontology-resolution-v2,Explicit entity/facet policy review
passata,size,1,0,operator-corrective-review-v2,full-ontology-resolution-v2,Explicit entity/facet policy review
passata,state,1,1,operator-corrective-review-v2,full-ontology-resolution-v2,Explicit entity/facet policy review
pasta,form,1,1,operator-corrective-review-v2,full-ontology-resolution-v2,Explicit entity/facet policy review
pasta,package_form,1,0,operator-corrective-review-v2,full-ontology-resolution-v2,Explicit entity/facet policy review
pasta,plant_part,1,1,operator-corrective-review-v2,full-ontology-resolution-v2,Explicit entity/facet policy review
pasta,preparation,1,1,operator-corrective-review-v2,full-ontology-resolution-v2,Explicit entity/facet policy review
pasta,preservation,1,1,operator-corrective-review-v2,full-ontology-resolution-v2,Explicit entity/facet policy review
pasta,processing,1,1,operator-corrective-review-v2,full-ontology-resolution-v2,Explicit entity/facet policy review
pasta,size,1,0,operator-corrective-review-v2,full-ontology-resolution-v2,Explicit entity/facet policy review
pasta,state,1,1,operator-corrective-review-v2,full-ontology-resolution-v2,Explicit entity/facet policy review
peanut,form,1,1,operator-corrective-review-v2,full-ontology-resolution-v2,Explicit entity/facet policy review
peanut,package_form,1,0,operator-corrective-review-v2,full-ontology-resolution-v2,Explicit entity/facet policy review
peanut,plant_part,1,1,operator-corrective-review-v2,full-ontology-resolution-v2,Explicit entity/facet policy review
peanut,preparation,1,1,operator-corrective-review-v2,full-ontology-resolution-v2,Explicit entity/facet policy review
peanut,preservation,1,1,operator-corrective-review-v2,full-ontology-resolution-v2,Explicit entity/facet policy review
peanut,processing,1,1,operator-corrective-review-v2,full-ontology-resolution-v2,Explicit entity/facet policy review
peanut,saltedness,1,1,operator-corrective-review-v2,full-ontology-resolution-v2,Explicit entity/facet policy review
peanut,size,1,0,operator-corrective-review-v2,full-ontology-resolution-v2,Explicit entity/facet policy review
peanut,state,1,1,operator-corrective-review-v2,full-ontology-resolution-v2,Explicit entity/facet policy review
peanut-butter,form,1,1,operator-corrective-review-v2,full-ontology-resolution-v2,Explicit entity/facet policy review
peanut-butter,package_form,1,0,operator-corrective-review-v2,full-ontology-resolution-v2,Explicit entity/facet policy review
peanut-butter,plant_part,1,1,operator-corrective-review-v2,full-ontology-resolution-v2,Explicit entity/facet policy review
peanut-butter,preparation,1,1,operator-corrective-review-v2,full-ontology-resolution-v2,Explicit entity/facet policy review
peanut-butter,preservation,1,1,operator-corrective-review-v2,full-ontology-resolution-v2,Explicit entity/facet policy review
peanut-butter,processing,1,1,operator-corrective-review-v2,full-ontology-resolution-v2,Explicit entity/facet policy review
peanut-butter,size,1,0,operator-corrective-review-v2,full-ontology-resolution-v2,Explicit entity/facet policy review
peanut-butter,state,1,1,operator-corrective-review-v2,full-ontology-resolution-v2,Explicit entity/facet policy review
pear,form,1,1,operator-corrective-review-v2,full-ontology-resolution-v2,Explicit entity/facet policy review
pear,package_form,1,0,operator-corrective-review-v2,full-ontology-resolution-v2,Explicit entity/facet policy review
pear,plant_part,1,1,operator-corrective-review-v2,full-ontology-resolution-v2,Explicit entity/facet policy review
pear,preparation,1,1,operator-corrective-review-v2,full-ontology-resolution-v2,Explicit entity/facet policy review
pear,preservation,1,1,operator-corrective-review-v2,full-ontology-resolution-v2,Explicit entity/facet policy review
pear,processing,1,1,operator-corrective-review-v2,full-ontology-resolution-v2,Explicit entity/facet policy review
pear,size,1,0,operator-corrective-review-v2,full-ontology-resolution-v2,Explicit entity/facet policy review
pear,state,1,1,operator-corrective-review-v2,full-ontology-resolution-v2,Explicit entity/facet policy review
pear-marmalade,form,1,1,operator-corrective-review-v2,full-ontology-resolution-v2,Explicit entity/facet policy review
pear-marmalade,package_form,1,0,operator-corrective-review-v2,full-ontology-resolution-v2,Explicit entity/facet policy review
pear-marmalade,plant_part,1,1,operator-corrective-review-v2,full-ontology-resolution-v2,Explicit entity/facet policy review
pear-marmalade,preparation,1,1,operator-corrective-review-v2,full-ontology-resolution-v2,Explicit entity/facet policy review
pear-marmalade,preservation,1,1,operator-corrective-review-v2,full-ontology-resolution-v2,Explicit entity/facet policy review
pear-marmalade,processing,1,1,operator-corrective-review-v2,full-ontology-resolution-v2,Explicit entity/facet policy review
pear-marmalade,size,1,0,operator-corrective-review-v2,full-ontology-resolution-v2,Explicit entity/facet policy review
pear-marmalade,state,1,1,operator-corrective-review-v2,full-ontology-resolution-v2,Explicit entity/facet policy review
pepper-jack-cheese,form,1,1,operator-corrective-review-v2,full-ontology-resolution-v2,Explicit entity/facet policy review
pepper-jack-cheese,package_form,1,0,operator-corrective-review-v2,full-ontology-resolution-v2,Explicit entity/facet policy review
pepper-jack-cheese,plant_part,1,1,operator-corrective-review-v2,full-ontology-resolution-v2,Explicit entity/facet policy review
pepper-jack-cheese,preparation,1,1,operator-corrective-review-v2,full-ontology-resolution-v2,Explicit entity/facet policy review
pepper-jack-cheese,preservation,1,1,operator-corrective-review-v2,full-ontology-resolution-v2,Explicit entity/facet policy review
pepper-jack-cheese,processing,1,1,operator-corrective-review-v2,full-ontology-resolution-v2,Explicit entity/facet policy review
pepper-jack-cheese,size,1,0,operator-corrective-review-v2,full-ontology-resolution-v2,Explicit entity/facet policy review
pepper-jack-cheese,state,1,1,operator-corrective-review-v2,full-ontology-resolution-v2,Explicit entity/facet policy review
pepperoni-pizza,form,1,1,operator-corrective-review-v2,full-ontology-resolution-v2,Explicit entity/facet policy review
pepperoni-pizza,package_form,1,0,operator-corrective-review-v2,full-ontology-resolution-v2,Explicit entity/facet policy review
pepperoni-pizza,preparation,1,1,operator-corrective-review-v2,full-ontology-resolution-v2,Explicit entity/facet policy review
pepperoni-pizza,preservation,1,1,operator-corrective-review-v2,full-ontology-resolution-v2,Explicit entity/facet policy review
pepperoni-pizza,processing,1,1,operator-corrective-review-v2,full-ontology-resolution-v2,Explicit entity/facet policy review
pepperoni-pizza,size,1,0,operator-corrective-review-v2,full-ontology-resolution-v2,Explicit entity/facet policy review
pepperoni-pizza,state,1,1,operator-corrective-review-v2,full-ontology-resolution-v2,Explicit entity/facet policy review
pickle-chips,form,1,1,operator-corrective-review-v2,full-ontology-resolution-v2,Explicit entity/facet policy review
pickle-chips,package_form,1,0,operator-corrective-review-v2,full-ontology-resolution-v2,Explicit entity/facet policy review
pickle-chips,plant_part,1,1,operator-corrective-review-v2,full-ontology-resolution-v2,Explicit entity/facet policy review
pickle-chips,preparation,1,1,operator-corrective-review-v2,full-ontology-resolution-v2,Explicit entity/facet policy review
pickle-chips,preservation,1,1,operator-corrective-review-v2,full-ontology-resolution-v2,Explicit entity/facet policy review
pickle-chips,processing,1,1,operator-corrective-review-v2,full-ontology-resolution-v2,Explicit entity/facet policy review
pickle-chips,size,1,0,operator-corrective-review-v2,full-ontology-resolution-v2,Explicit entity/facet policy review
pickle-chips,state,1,1,operator-corrective-review-v2,full-ontology-resolution-v2,Explicit entity/facet policy review
pickled-peppers,form,1,1,operator-corrective-review-v2,full-ontology-resolution-v2,Explicit entity/facet policy review
pickled-peppers,package_form,1,0,operator-corrective-review-v2,full-ontology-resolution-v2,Explicit entity/facet policy review
pickled-peppers,plant_part,1,1,operator-corrective-review-v2,full-ontology-resolution-v2,Explicit entity/facet policy review
pickled-peppers,preparation,1,1,operator-corrective-review-v2,full-ontology-resolution-v2,Explicit entity/facet policy review
pickled-peppers,preservation,1,1,operator-corrective-review-v2,full-ontology-resolution-v2,Explicit entity/facet policy review
pickled-peppers,processing,1,1,operator-corrective-review-v2,full-ontology-resolution-v2,Explicit entity/facet policy review
pickled-peppers,size,1,0,operator-corrective-review-v2,full-ontology-resolution-v2,Explicit entity/facet policy review
pickled-peppers,state,1,1,operator-corrective-review-v2,full-ontology-resolution-v2,Explicit entity/facet policy review
pickles,form,1,1,operator-corrective-review-v2,full-ontology-resolution-v2,Explicit entity/facet policy review
pickles,package_form,1,0,operator-corrective-review-v2,full-ontology-resolution-v2,Explicit entity/facet policy review
pickles,plant_part,1,1,operator-corrective-review-v2,full-ontology-resolution-v2,Explicit entity/facet policy review
pickles,preparation,1,1,operator-corrective-review-v2,full-ontology-resolution-v2,Explicit entity/facet policy review
pickles,preservation,1,1,operator-corrective-review-v2,full-ontology-resolution-v2,Explicit entity/facet policy review
pickles,processing,1,1,operator-corrective-review-v2,full-ontology-resolution-v2,Explicit entity/facet policy review
pickles,size,1,0,operator-corrective-review-v2,full-ontology-resolution-v2,Explicit entity/facet policy review
pickles,state,1,1,operator-corrective-review-v2,full-ontology-resolution-v2,Explicit entity/facet policy review
pie,form,1,1,operator-corrective-review-v2,full-ontology-resolution-v2,Explicit entity/facet policy review
pie,package_form,1,0,operator-corrective-review-v2,full-ontology-resolution-v2,Explicit entity/facet policy review
pie,plant_part,1,1,operator-corrective-review-v2,full-ontology-resolution-v2,Explicit entity/facet policy review
pie,preparation,1,1,operator-corrective-review-v2,full-ontology-resolution-v2,Explicit entity/facet policy review
pie,preservation,1,1,operator-corrective-review-v2,full-ontology-resolution-v2,Explicit entity/facet policy review
pie,processing,1,1,operator-corrective-review-v2,full-ontology-resolution-v2,Explicit entity/facet policy review
pie,size,1,0,operator-corrective-review-v2,full-ontology-resolution-v2,Explicit entity/facet policy review
pie,state,1,1,operator-corrective-review-v2,full-ontology-resolution-v2,Explicit entity/facet policy review
pine-nut,form,1,1,operator-corrective-review-v2,full-ontology-resolution-v2,Explicit entity/facet policy review
pine-nut,package_form,1,0,operator-corrective-review-v2,full-ontology-resolution-v2,Explicit entity/facet policy review
pine-nut,plant_part,1,1,operator-corrective-review-v2,full-ontology-resolution-v2,Explicit entity/facet policy review
pine-nut,preparation,1,1,operator-corrective-review-v2,full-ontology-resolution-v2,Explicit entity/facet policy review
pine-nut,preservation,1,1,operator-corrective-review-v2,full-ontology-resolution-v2,Explicit entity/facet policy review
pine-nut,processing,1,1,operator-corrective-review-v2,full-ontology-resolution-v2,Explicit entity/facet policy review
pine-nut,size,1,0,operator-corrective-review-v2,full-ontology-resolution-v2,Explicit entity/facet policy review
pine-nut,state,1,1,operator-corrective-review-v2,full-ontology-resolution-v2,Explicit entity/facet policy review
pineapple,form,1,1,operator-corrective-review-v2,full-ontology-resolution-v2,Explicit entity/facet policy review
pineapple,package_form,1,0,operator-corrective-review-v2,full-ontology-resolution-v2,Explicit entity/facet policy review
pineapple,plant_part,1,1,operator-corrective-review-v2,full-ontology-resolution-v2,Explicit entity/facet policy review
pineapple,preparation,1,1,operator-corrective-review-v2,full-ontology-resolution-v2,Explicit entity/facet policy review
pineapple,preservation,1,1,operator-corrective-review-v2,full-ontology-resolution-v2,Explicit entity/facet policy review
pineapple,processing,1,1,operator-corrective-review-v2,full-ontology-resolution-v2,Explicit entity/facet policy review
pineapple,size,1,0,operator-corrective-review-v2,full-ontology-resolution-v2,Explicit entity/facet policy review
pineapple,state,1,1,operator-corrective-review-v2,full-ontology-resolution-v2,Explicit entity/facet policy review
pineapple-juice,form,1,1,operator-corrective-review-v2,full-ontology-resolution-v2,Explicit entity/facet policy review
pineapple-juice,package_form,1,0,operator-corrective-review-v2,full-ontology-resolution-v2,Explicit entity/facet policy review
pineapple-juice,preparation,1,1,operator-corrective-review-v2,full-ontology-resolution-v2,Explicit entity/facet policy review
pineapple-juice,preservation,1,1,operator-corrective-review-v2,full-ontology-resolution-v2,Explicit entity/facet policy review
pineapple-juice,processing,1,1,operator-corrective-review-v2,full-ontology-resolution-v2,Explicit entity/facet policy review
pineapple-juice,size,1,0,operator-corrective-review-v2,full-ontology-resolution-v2,Explicit entity/facet policy review
pineapple-juice,state,1,1,operator-corrective-review-v2,full-ontology-resolution-v2,Explicit entity/facet policy review
piper-pepper,form,1,1,operator-corrective-review-v2,full-ontology-resolution-v2,Explicit entity/facet policy review
piper-pepper,package_form,1,0,operator-corrective-review-v2,full-ontology-resolution-v2,Explicit entity/facet policy review
piper-pepper,plant_part,1,1,operator-corrective-review-v2,full-ontology-resolution-v2,Explicit entity/facet policy review
piper-pepper,preparation,1,1,operator-corrective-review-v2,full-ontology-resolution-v2,Explicit entity/facet policy review
piper-pepper,preservation,1,1,operator-corrective-review-v2,full-ontology-resolution-v2,Explicit entity/facet policy review
piper-pepper,processing,1,1,operator-corrective-review-v2,full-ontology-resolution-v2,Explicit entity/facet policy review
piper-pepper,size,1,0,operator-corrective-review-v2,full-ontology-resolution-v2,Explicit entity/facet policy review
piper-pepper,state,1,1,operator-corrective-review-v2,full-ontology-resolution-v2,Explicit entity/facet policy review
piper-pepper,variety,1,1,operator-corrective-review-v2,full-ontology-resolution-v2,Explicit entity/facet policy review
plant-based-burger-patty,form,1,1,operator-corrective-review-v2,full-ontology-resolution-v2,Explicit entity/facet policy review
plant-based-burger-patty,package_form,1,0,operator-corrective-review-v2,full-ontology-resolution-v2,Explicit entity/facet policy review
plant-based-burger-patty,plant_part,1,1,operator-corrective-review-v2,full-ontology-resolution-v2,Explicit entity/facet policy review
plant-based-burger-patty,preparation,1,1,operator-corrective-review-v2,full-ontology-resolution-v2,Explicit entity/facet policy review
plant-based-burger-patty,preservation,1,1,operator-corrective-review-v2,full-ontology-resolution-v2,Explicit entity/facet policy review
plant-based-burger-patty,processing,1,1,operator-corrective-review-v2,full-ontology-resolution-v2,Explicit entity/facet policy review
plant-based-burger-patty,size,1,0,operator-corrective-review-v2,full-ontology-resolution-v2,Explicit entity/facet policy review
plant-based-burger-patty,state,1,1,operator-corrective-review-v2,full-ontology-resolution-v2,Explicit entity/facet policy review
plant-based-milk,form,1,1,operator-corrective-review-v2,full-ontology-resolution-v2,Explicit entity/facet policy review
plant-based-milk,package_form,1,0,operator-corrective-review-v2,full-ontology-resolution-v2,Explicit entity/facet policy review
plant-based-milk,plant_part,1,1,operator-corrective-review-v2,full-ontology-resolution-v2,Explicit entity/facet policy review
plant-based-milk,preparation,1,1,operator-corrective-review-v2,full-ontology-resolution-v2,Explicit entity/facet policy review
plant-based-milk,preservation,1,1,operator-corrective-review-v2,full-ontology-resolution-v2,Explicit entity/facet policy review
plant-based-milk,processing,1,1,operator-corrective-review-v2,full-ontology-resolution-v2,Explicit entity/facet policy review
plant-based-milk,size,1,0,operator-corrective-review-v2,full-ontology-resolution-v2,Explicit entity/facet policy review
plant-based-milk,state,1,1,operator-corrective-review-v2,full-ontology-resolution-v2,Explicit entity/facet policy review
pork,bone,1,1,operator-corrective-review-v2,full-ontology-resolution-v2,Explicit entity/facet policy review
pork,cut,1,1,operator-corrective-review-v2,full-ontology-resolution-v2,Explicit entity/facet policy review
pork,form,1,1,operator-corrective-review-v2,full-ontology-resolution-v2,Explicit entity/facet policy review
pork,package_form,1,0,operator-corrective-review-v2,full-ontology-resolution-v2,Explicit entity/facet policy review
pork,plant_part,1,1,operator-corrective-review-v2,full-ontology-resolution-v2,Explicit entity/facet policy review
pork,preparation,1,1,operator-corrective-review-v2,full-ontology-resolution-v2,Explicit entity/facet policy review
pork,preservation,1,1,operator-corrective-review-v2,full-ontology-resolution-v2,Explicit entity/facet policy review
pork,processing,1,1,operator-corrective-review-v2,full-ontology-resolution-v2,Explicit entity/facet policy review
pork,size,1,0,operator-corrective-review-v2,full-ontology-resolution-v2,Explicit entity/facet policy review
pork,skin,1,1,operator-corrective-review-v2,full-ontology-resolution-v2,Explicit entity/facet policy review
pork,species,1,1,operator-corrective-review-v2,full-ontology-resolution-v2,Explicit entity/facet policy review
pork,state,1,1,operator-corrective-review-v2,full-ontology-resolution-v2,Explicit entity/facet policy review
potato,form,1,1,operator-corrective-review-v2,full-ontology-resolution-v2,Explicit entity/facet policy review
potato,package_form,1,0,operator-corrective-review-v2,full-ontology-resolution-v2,Explicit entity/facet policy review
potato,plant_part,1,1,operator-corrective-review-v2,full-ontology-resolution-v2,Explicit entity/facet policy review
potato,preparation,1,1,operator-corrective-review-v2,full-ontology-resolution-v2,Explicit entity/facet policy review
potato,preservation,1,1,operator-corrective-review-v2,full-ontology-resolution-v2,Explicit entity/facet policy review
potato,processing,1,1,operator-corrective-review-v2,full-ontology-resolution-v2,Explicit entity/facet policy review
potato,size,1,0,operator-corrective-review-v2,full-ontology-resolution-v2,Explicit entity/facet policy review
potato,state,1,1,operator-corrective-review-v2,full-ontology-resolution-v2,Explicit entity/facet policy review
quinoa,form,1,1,operator-corrective-review-v2,full-ontology-resolution-v2,Explicit entity/facet policy review
quinoa,package_form,1,0,operator-corrective-review-v2,full-ontology-resolution-v2,Explicit entity/facet policy review
quinoa,plant_part,1,1,operator-corrective-review-v2,full-ontology-resolution-v2,Explicit entity/facet policy review
quinoa,preparation,1,1,operator-corrective-review-v2,full-ontology-resolution-v2,Explicit entity/facet policy review
quinoa,preservation,1,1,operator-corrective-review-v2,full-ontology-resolution-v2,Explicit entity/facet policy review
quinoa,processing,1,1,operator-corrective-review-v2,full-ontology-resolution-v2,Explicit entity/facet policy review
quinoa,size,1,0,operator-corrective-review-v2,full-ontology-resolution-v2,Explicit entity/facet policy review
quinoa,state,1,1,operator-corrective-review-v2,full-ontology-resolution-v2,Explicit entity/facet policy review
ranch-dressing,form,1,1,operator-corrective-review-v2,full-ontology-resolution-v2,Explicit entity/facet policy review
ranch-dressing,package_form,1,0,operator-corrective-review-v2,full-ontology-resolution-v2,Explicit entity/facet policy review
ranch-dressing,plant_part,1,1,operator-corrective-review-v2,full-ontology-resolution-v2,Explicit entity/facet policy review
ranch-dressing,preparation,1,1,operator-corrective-review-v2,full-ontology-resolution-v2,Explicit entity/facet policy review
ranch-dressing,preservation,1,1,operator-corrective-review-v2,full-ontology-resolution-v2,Explicit entity/facet policy review
ranch-dressing,processing,1,1,operator-corrective-review-v2,full-ontology-resolution-v2,Explicit entity/facet policy review
ranch-dressing,size,1,0,operator-corrective-review-v2,full-ontology-resolution-v2,Explicit entity/facet policy review
ranch-dressing,state,1,1,operator-corrective-review-v2,full-ontology-resolution-v2,Explicit entity/facet policy review
rice,form,1,1,operator-corrective-review-v2,full-ontology-resolution-v2,Explicit entity/facet policy review
rice,package_form,1,0,operator-corrective-review-v2,full-ontology-resolution-v2,Explicit entity/facet policy review
rice,plant_part,1,1,operator-corrective-review-v2,full-ontology-resolution-v2,Explicit entity/facet policy review
rice,preparation,1,1,operator-corrective-review-v2,full-ontology-resolution-v2,Explicit entity/facet policy review
rice,preservation,1,1,operator-corrective-review-v2,full-ontology-resolution-v2,Explicit entity/facet policy review
rice,processing,1,1,operator-corrective-review-v2,full-ontology-resolution-v2,Explicit entity/facet policy review
rice,size,1,0,operator-corrective-review-v2,full-ontology-resolution-v2,Explicit entity/facet policy review
rice,state,1,1,operator-corrective-review-v2,full-ontology-resolution-v2,Explicit entity/facet policy review
rice,variety,1,1,operator-corrective-review-v2,full-ontology-resolution-v2,Explicit entity/facet policy review
rosemary,form,1,1,operator-corrective-review-v2,full-ontology-resolution-v2,Explicit entity/facet policy review
rosemary,package_form,1,0,operator-corrective-review-v2,full-ontology-resolution-v2,Explicit entity/facet policy review
rosemary,plant_part,1,1,operator-corrective-review-v2,full-ontology-resolution-v2,Explicit entity/facet policy review
rosemary,preparation,1,1,operator-corrective-review-v2,full-ontology-resolution-v2,Explicit entity/facet policy review
rosemary,preservation,1,1,operator-corrective-review-v2,full-ontology-resolution-v2,Explicit entity/facet policy review
rosemary,processing,1,1,operator-corrective-review-v2,full-ontology-resolution-v2,Explicit entity/facet policy review
rosemary,size,1,0,operator-corrective-review-v2,full-ontology-resolution-v2,Explicit entity/facet policy review
rosemary,state,1,1,operator-corrective-review-v2,full-ontology-resolution-v2,Explicit entity/facet policy review
salad-dressing,form,1,1,operator-corrective-review-v2,full-ontology-resolution-v2,Explicit entity/facet policy review
salad-dressing,package_form,1,0,operator-corrective-review-v2,full-ontology-resolution-v2,Explicit entity/facet policy review
salad-dressing,preparation,1,1,operator-corrective-review-v2,full-ontology-resolution-v2,Explicit entity/facet policy review
salad-dressing,preservation,1,1,operator-corrective-review-v2,full-ontology-resolution-v2,Explicit entity/facet policy review
salad-dressing,processing,1,1,operator-corrective-review-v2,full-ontology-resolution-v2,Explicit entity/facet policy review
salad-dressing,size,1,0,operator-corrective-review-v2,full-ontology-resolution-v2,Explicit entity/facet policy review
salad-dressing,state,1,1,operator-corrective-review-v2,full-ontology-resolution-v2,Explicit entity/facet policy review
salsa,form,1,1,operator-corrective-review-v2,full-ontology-resolution-v2,Explicit entity/facet policy review
salsa,package_form,1,0,operator-corrective-review-v2,full-ontology-resolution-v2,Explicit entity/facet policy review
salsa,plant_part,1,1,operator-corrective-review-v2,full-ontology-resolution-v2,Explicit entity/facet policy review
salsa,preparation,1,1,operator-corrective-review-v2,full-ontology-resolution-v2,Explicit entity/facet policy review
salsa,preservation,1,1,operator-corrective-review-v2,full-ontology-resolution-v2,Explicit entity/facet policy review
salsa,processing,1,1,operator-corrective-review-v2,full-ontology-resolution-v2,Explicit entity/facet policy review
salsa,size,1,0,operator-corrective-review-v2,full-ontology-resolution-v2,Explicit entity/facet policy review
salsa,state,1,1,operator-corrective-review-v2,full-ontology-resolution-v2,Explicit entity/facet policy review
salsa-verde,form,1,1,operator-corrective-review-v2,full-ontology-resolution-v2,Explicit entity/facet policy review
salsa-verde,package_form,1,0,operator-corrective-review-v2,full-ontology-resolution-v2,Explicit entity/facet policy review
salsa-verde,preparation,1,1,operator-corrective-review-v2,full-ontology-resolution-v2,Explicit entity/facet policy review
salsa-verde,preservation,1,1,operator-corrective-review-v2,full-ontology-resolution-v2,Explicit entity/facet policy review
salsa-verde,processing,1,1,operator-corrective-review-v2,full-ontology-resolution-v2,Explicit entity/facet policy review
salsa-verde,size,1,0,operator-corrective-review-v2,full-ontology-resolution-v2,Explicit entity/facet policy review
salsa-verde,state,1,1,operator-corrective-review-v2,full-ontology-resolution-v2,Explicit entity/facet policy review
salt,form,1,1,operator-corrective-review-v2,full-ontology-resolution-v2,Explicit entity/facet policy review
salt,package_form,1,0,operator-corrective-review-v2,full-ontology-resolution-v2,Explicit entity/facet policy review
salt,plant_part,1,1,operator-corrective-review-v2,full-ontology-resolution-v2,Explicit entity/facet policy review
salt,preparation,1,1,operator-corrective-review-v2,full-ontology-resolution-v2,Explicit entity/facet policy review
salt,preservation,1,1,operator-corrective-review-v2,full-ontology-resolution-v2,Explicit entity/facet policy review
salt,processing,1,1,operator-corrective-review-v2,full-ontology-resolution-v2,Explicit entity/facet policy review
salt,salt_class,1,1,operator-corrective-review-v2,full-ontology-resolution-v2,Explicit entity/facet policy review
salt,size,1,0,operator-corrective-review-v2,full-ontology-resolution-v2,Explicit entity/facet policy review
salt,state,1,1,operator-corrective-review-v2,full-ontology-resolution-v2,Explicit entity/facet policy review
santa-fe-salad,form,1,1,operator-corrective-review-v2,full-ontology-resolution-v2,Explicit entity/facet policy review
santa-fe-salad,package_form,1,0,operator-corrective-review-v2,full-ontology-resolution-v2,Explicit entity/facet policy review
santa-fe-salad,preparation,1,1,operator-corrective-review-v2,full-ontology-resolution-v2,Explicit entity/facet policy review
santa-fe-salad,preservation,1,1,operator-corrective-review-v2,full-ontology-resolution-v2,Explicit entity/facet policy review
santa-fe-salad,processing,1,1,operator-corrective-review-v2,full-ontology-resolution-v2,Explicit entity/facet policy review
santa-fe-salad,size,1,0,operator-corrective-review-v2,full-ontology-resolution-v2,Explicit entity/facet policy review
santa-fe-salad,state,1,1,operator-corrective-review-v2,full-ontology-resolution-v2,Explicit entity/facet policy review
seasoning,form,1,1,operator-corrective-review-v2,full-ontology-resolution-v2,Explicit entity/facet policy review
seasoning,package_form,1,0,operator-corrective-review-v2,full-ontology-resolution-v2,Explicit entity/facet policy review
seasoning,plant_part,1,1,operator-corrective-review-v2,full-ontology-resolution-v2,Explicit entity/facet policy review
seasoning,preparation,1,1,operator-corrective-review-v2,full-ontology-resolution-v2,Explicit entity/facet policy review
seasoning,preservation,1,1,operator-corrective-review-v2,full-ontology-resolution-v2,Explicit entity/facet policy review
seasoning,processing,1,1,operator-corrective-review-v2,full-ontology-resolution-v2,Explicit entity/facet policy review
seasoning,size,1,0,operator-corrective-review-v2,full-ontology-resolution-v2,Explicit entity/facet policy review
seasoning,state,1,1,operator-corrective-review-v2,full-ontology-resolution-v2,Explicit entity/facet policy review
seasoning-blend,form,1,1,operator-corrective-review-v2,full-ontology-resolution-v2,Explicit entity/facet policy review
seasoning-blend,package_form,1,0,operator-corrective-review-v2,full-ontology-resolution-v2,Explicit entity/facet policy review
seasoning-blend,plant_part,1,1,operator-corrective-review-v2,full-ontology-resolution-v2,Explicit entity/facet policy review
seasoning-blend,preparation,1,1,operator-corrective-review-v2,full-ontology-resolution-v2,Explicit entity/facet policy review
seasoning-blend,preservation,1,1,operator-corrective-review-v2,full-ontology-resolution-v2,Explicit entity/facet policy review
seasoning-blend,processing,1,1,operator-corrective-review-v2,full-ontology-resolution-v2,Explicit entity/facet policy review
seasoning-blend,size,1,0,operator-corrective-review-v2,full-ontology-resolution-v2,Explicit entity/facet policy review
seasoning-blend,state,1,1,operator-corrective-review-v2,full-ontology-resolution-v2,Explicit entity/facet policy review
sesame,form,1,1,operator-corrective-review-v2,full-ontology-resolution-v2,Explicit entity/facet policy review
sesame,package_form,1,0,operator-corrective-review-v2,full-ontology-resolution-v2,Explicit entity/facet policy review
sesame,plant_part,1,1,operator-corrective-review-v2,full-ontology-resolution-v2,Explicit entity/facet policy review
sesame,preparation,1,1,operator-corrective-review-v2,full-ontology-resolution-v2,Explicit entity/facet policy review
sesame,preservation,1,1,operator-corrective-review-v2,full-ontology-resolution-v2,Explicit entity/facet policy review
sesame,processing,1,1,operator-corrective-review-v2,full-ontology-resolution-v2,Explicit entity/facet policy review
sesame,size,1,0,operator-corrective-review-v2,full-ontology-resolution-v2,Explicit entity/facet policy review
sesame,state,1,1,operator-corrective-review-v2,full-ontology-resolution-v2,Explicit entity/facet policy review
sesame-seed,form,1,1,operator-corrective-review-v2,full-ontology-resolution-v2,Explicit entity/facet policy review
sesame-seed,package_form,1,0,operator-corrective-review-v2,full-ontology-resolution-v2,Explicit entity/facet policy review
sesame-seed,plant_part,1,1,operator-corrective-review-v2,full-ontology-resolution-v2,Explicit entity/facet policy review
sesame-seed,preparation,1,1,operator-corrective-review-v2,full-ontology-resolution-v2,Explicit entity/facet policy review
sesame-seed,preservation,1,1,operator-corrective-review-v2,full-ontology-resolution-v2,Explicit entity/facet policy review
sesame-seed,processing,1,1,operator-corrective-review-v2,full-ontology-resolution-v2,Explicit entity/facet policy review
sesame-seed,size,1,0,operator-corrective-review-v2,full-ontology-resolution-v2,Explicit entity/facet policy review
sesame-seed,state,1,1,operator-corrective-review-v2,full-ontology-resolution-v2,Explicit entity/facet policy review
sesame-seeds,form,1,1,operator-corrective-review-v2,full-ontology-resolution-v2,Explicit entity/facet policy review
sesame-seeds,package_form,1,0,operator-corrective-review-v2,full-ontology-resolution-v2,Explicit entity/facet policy review
sesame-seeds,plant_part,1,1,operator-corrective-review-v2,full-ontology-resolution-v2,Explicit entity/facet policy review
sesame-seeds,preparation,1,1,operator-corrective-review-v2,full-ontology-resolution-v2,Explicit entity/facet policy review
sesame-seeds,preservation,1,1,operator-corrective-review-v2,full-ontology-resolution-v2,Explicit entity/facet policy review
sesame-seeds,processing,1,1,operator-corrective-review-v2,full-ontology-resolution-v2,Explicit entity/facet policy review
sesame-seeds,size,1,0,operator-corrective-review-v2,full-ontology-resolution-v2,Explicit entity/facet policy review
sesame-seeds,state,1,1,operator-corrective-review-v2,full-ontology-resolution-v2,Explicit entity/facet policy review
shallot,form,1,1,operator-corrective-review-v2,full-ontology-resolution-v2,Explicit entity/facet policy review
shallot,package_form,1,0,operator-corrective-review-v2,full-ontology-resolution-v2,Explicit entity/facet policy review
shallot,plant_part,1,1,operator-corrective-review-v2,full-ontology-resolution-v2,Explicit entity/facet policy review
shallot,preparation,1,1,operator-corrective-review-v2,full-ontology-resolution-v2,Explicit entity/facet policy review
shallot,preservation,1,1,operator-corrective-review-v2,full-ontology-resolution-v2,Explicit entity/facet policy review
shallot,processing,1,1,operator-corrective-review-v2,full-ontology-resolution-v2,Explicit entity/facet policy review
shallot,size,1,0,operator-corrective-review-v2,full-ontology-resolution-v2,Explicit entity/facet policy review
shallot,state,1,1,operator-corrective-review-v2,full-ontology-resolution-v2,Explicit entity/facet policy review
shellfish,form,1,1,operator-corrective-review-v2,full-ontology-resolution-v2,Explicit entity/facet policy review
shellfish,package_form,1,0,operator-corrective-review-v2,full-ontology-resolution-v2,Explicit entity/facet policy review
shellfish,plant_part,1,1,operator-corrective-review-v2,full-ontology-resolution-v2,Explicit entity/facet policy review
shellfish,preparation,1,1,operator-corrective-review-v2,full-ontology-resolution-v2,Explicit entity/facet policy review
shellfish,preservation,1,1,operator-corrective-review-v2,full-ontology-resolution-v2,Explicit entity/facet policy review
shellfish,processing,1,1,operator-corrective-review-v2,full-ontology-resolution-v2,Explicit entity/facet policy review
shellfish,size,1,0,operator-corrective-review-v2,full-ontology-resolution-v2,Explicit entity/facet policy review
shellfish,state,1,1,operator-corrective-review-v2,full-ontology-resolution-v2,Explicit entity/facet policy review
smoke-roasted-salmon-bites,form,1,1,operator-corrective-review-v2,full-ontology-resolution-v2,Explicit entity/facet policy review
smoke-roasted-salmon-bites,package_form,1,0,operator-corrective-review-v2,full-ontology-resolution-v2,Explicit entity/facet policy review
smoke-roasted-salmon-bites,plant_part,1,1,operator-corrective-review-v2,full-ontology-resolution-v2,Explicit entity/facet policy review
smoke-roasted-salmon-bites,preparation,1,1,operator-corrective-review-v2,full-ontology-resolution-v2,Explicit entity/facet policy review
smoke-roasted-salmon-bites,preservation,1,1,operator-corrective-review-v2,full-ontology-resolution-v2,Explicit entity/facet policy review
smoke-roasted-salmon-bites,processing,1,1,operator-corrective-review-v2,full-ontology-resolution-v2,Explicit entity/facet policy review
smoke-roasted-salmon-bites,size,1,0,operator-corrective-review-v2,full-ontology-resolution-v2,Explicit entity/facet policy review
smoke-roasted-salmon-bites,state,1,1,operator-corrective-review-v2,full-ontology-resolution-v2,Explicit entity/facet policy review
soda,form,1,1,operator-corrective-review-v2,full-ontology-resolution-v2,Explicit entity/facet policy review
soda,package_form,1,0,operator-corrective-review-v2,full-ontology-resolution-v2,Explicit entity/facet policy review
soda,plant_part,1,1,operator-corrective-review-v2,full-ontology-resolution-v2,Explicit entity/facet policy review
soda,preparation,1,1,operator-corrective-review-v2,full-ontology-resolution-v2,Explicit entity/facet policy review
soda,preservation,1,1,operator-corrective-review-v2,full-ontology-resolution-v2,Explicit entity/facet policy review
soda,processing,1,1,operator-corrective-review-v2,full-ontology-resolution-v2,Explicit entity/facet policy review
soda,size,1,0,operator-corrective-review-v2,full-ontology-resolution-v2,Explicit entity/facet policy review
soda,state,1,1,operator-corrective-review-v2,full-ontology-resolution-v2,Explicit entity/facet policy review
sour-cream,cream_class,1,1,operator-corrective-review-v2,full-ontology-resolution-v2,Explicit entity/facet policy review
sour-cream,fat_content,1,1,operator-corrective-review-v2,full-ontology-resolution-v2,Explicit entity/facet policy review
sour-cream,form,1,1,operator-corrective-review-v2,full-ontology-resolution-v2,Explicit entity/facet policy review
sour-cream,package_form,1,0,operator-corrective-review-v2,full-ontology-resolution-v2,Explicit entity/facet policy review
sour-cream,plant_part,1,1,operator-corrective-review-v2,full-ontology-resolution-v2,Explicit entity/facet policy review
sour-cream,preparation,1,1,operator-corrective-review-v2,full-ontology-resolution-v2,Explicit entity/facet policy review
sour-cream,preservation,1,1,operator-corrective-review-v2,full-ontology-resolution-v2,Explicit entity/facet policy review
sour-cream,processing,1,1,operator-corrective-review-v2,full-ontology-resolution-v2,Explicit entity/facet policy review
sour-cream,size,1,0,operator-corrective-review-v2,full-ontology-resolution-v2,Explicit entity/facet policy review
sour-cream,state,1,1,operator-corrective-review-v2,full-ontology-resolution-v2,Explicit entity/facet policy review
soy-sauce,form,1,1,operator-corrective-review-v2,full-ontology-resolution-v2,Explicit entity/facet policy review
soy-sauce,package_form,1,0,operator-corrective-review-v2,full-ontology-resolution-v2,Explicit entity/facet policy review
soy-sauce,plant_part,1,1,operator-corrective-review-v2,full-ontology-resolution-v2,Explicit entity/facet policy review
soy-sauce,preparation,1,1,operator-corrective-review-v2,full-ontology-resolution-v2,Explicit entity/facet policy review
soy-sauce,preservation,1,1,operator-corrective-review-v2,full-ontology-resolution-v2,Explicit entity/facet policy review
soy-sauce,processing,1,1,operator-corrective-review-v2,full-ontology-resolution-v2,Explicit entity/facet policy review
soy-sauce,size,1,0,operator-corrective-review-v2,full-ontology-resolution-v2,Explicit entity/facet policy review
soy-sauce,state,1,1,operator-corrective-review-v2,full-ontology-resolution-v2,Explicit entity/facet policy review
soybean,form,1,1,operator-corrective-review-v2,full-ontology-resolution-v2,Explicit entity/facet policy review
soybean,package_form,1,0,operator-corrective-review-v2,full-ontology-resolution-v2,Explicit entity/facet policy review
soybean,plant_part,1,1,operator-corrective-review-v2,full-ontology-resolution-v2,Explicit entity/facet policy review
soybean,preparation,1,1,operator-corrective-review-v2,full-ontology-resolution-v2,Explicit entity/facet policy review
soybean,preservation,1,1,operator-corrective-review-v2,full-ontology-resolution-v2,Explicit entity/facet policy review
soybean,processing,1,1,operator-corrective-review-v2,full-ontology-resolution-v2,Explicit entity/facet policy review
soybean,size,1,0,operator-corrective-review-v2,full-ontology-resolution-v2,Explicit entity/facet policy review
soybean,state,1,1,operator-corrective-review-v2,full-ontology-resolution-v2,Explicit entity/facet policy review
spicy-brown-mustard,form,1,1,operator-corrective-review-v2,full-ontology-resolution-v2,Explicit entity/facet policy review
spicy-brown-mustard,package_form,1,0,operator-corrective-review-v2,full-ontology-resolution-v2,Explicit entity/facet policy review
spicy-brown-mustard,plant_part,1,1,operator-corrective-review-v2,full-ontology-resolution-v2,Explicit entity/facet policy review
spicy-brown-mustard,preparation,1,1,operator-corrective-review-v2,full-ontology-resolution-v2,Explicit entity/facet policy review
spicy-brown-mustard,preservation,1,1,operator-corrective-review-v2,full-ontology-resolution-v2,Explicit entity/facet policy review
spicy-brown-mustard,processing,1,1,operator-corrective-review-v2,full-ontology-resolution-v2,Explicit entity/facet policy review
spicy-brown-mustard,size,1,0,operator-corrective-review-v2,full-ontology-resolution-v2,Explicit entity/facet policy review
spicy-brown-mustard,state,1,1,operator-corrective-review-v2,full-ontology-resolution-v2,Explicit entity/facet policy review
spinach,form,1,1,operator-corrective-review-v2,full-ontology-resolution-v2,Explicit entity/facet policy review
spinach,package_form,1,0,operator-corrective-review-v2,full-ontology-resolution-v2,Explicit entity/facet policy review
spinach,plant_part,1,1,operator-corrective-review-v2,full-ontology-resolution-v2,Explicit entity/facet policy review
spinach,preparation,1,1,operator-corrective-review-v2,full-ontology-resolution-v2,Explicit entity/facet policy review
spinach,preservation,1,1,operator-corrective-review-v2,full-ontology-resolution-v2,Explicit entity/facet policy review
spinach,processing,1,1,operator-corrective-review-v2,full-ontology-resolution-v2,Explicit entity/facet policy review
spinach,size,1,0,operator-corrective-review-v2,full-ontology-resolution-v2,Explicit entity/facet policy review
spinach,state,1,1,operator-corrective-review-v2,full-ontology-resolution-v2,Explicit entity/facet policy review
sports-drink,form,1,1,operator-corrective-review-v2,full-ontology-resolution-v2,Explicit entity/facet policy review
sports-drink,package_form,1,0,operator-corrective-review-v2,full-ontology-resolution-v2,Explicit entity/facet policy review
sports-drink,plant_part,1,1,operator-corrective-review-v2,full-ontology-resolution-v2,Explicit entity/facet policy review
sports-drink,preparation,1,1,operator-corrective-review-v2,full-ontology-resolution-v2,Explicit entity/facet policy review
sports-drink,preservation,1,1,operator-corrective-review-v2,full-ontology-resolution-v2,Explicit entity/facet policy review
sports-drink,processing,1,1,operator-corrective-review-v2,full-ontology-resolution-v2,Explicit entity/facet policy review
sports-drink,size,1,0,operator-corrective-review-v2,full-ontology-resolution-v2,Explicit entity/facet policy review
sports-drink,state,1,1,operator-corrective-review-v2,full-ontology-resolution-v2,Explicit entity/facet policy review
spread,form,1,1,operator-corrective-review-v2,full-ontology-resolution-v2,Explicit entity/facet policy review
spread,package_form,1,0,operator-corrective-review-v2,full-ontology-resolution-v2,Explicit entity/facet policy review
spread,plant_part,1,1,operator-corrective-review-v2,full-ontology-resolution-v2,Explicit entity/facet policy review
spread,preparation,1,1,operator-corrective-review-v2,full-ontology-resolution-v2,Explicit entity/facet policy review
spread,preservation,1,1,operator-corrective-review-v2,full-ontology-resolution-v2,Explicit entity/facet policy review
spread,processing,1,1,operator-corrective-review-v2,full-ontology-resolution-v2,Explicit entity/facet policy review
spread,size,1,0,operator-corrective-review-v2,full-ontology-resolution-v2,Explicit entity/facet policy review
spread,state,1,1,operator-corrective-review-v2,full-ontology-resolution-v2,Explicit entity/facet policy review
spring-onion,form,1,1,operator-corrective-review-v2,full-ontology-resolution-v2,Explicit entity/facet policy review
spring-onion,package_form,1,0,operator-corrective-review-v2,full-ontology-resolution-v2,Explicit entity/facet policy review
spring-onion,plant_part,1,1,operator-corrective-review-v2,full-ontology-resolution-v2,Explicit entity/facet policy review
spring-onion,preparation,1,1,operator-corrective-review-v2,full-ontology-resolution-v2,Explicit entity/facet policy review
spring-onion,preservation,1,1,operator-corrective-review-v2,full-ontology-resolution-v2,Explicit entity/facet policy review
spring-onion,processing,1,1,operator-corrective-review-v2,full-ontology-resolution-v2,Explicit entity/facet policy review
spring-onion,size,1,0,operator-corrective-review-v2,full-ontology-resolution-v2,Explicit entity/facet policy review
spring-onion,state,1,1,operator-corrective-review-v2,full-ontology-resolution-v2,Explicit entity/facet policy review
starch,form,1,1,operator-corrective-review-v2,full-ontology-resolution-v2,Explicit entity/facet policy review
starch,package_form,1,0,operator-corrective-review-v2,full-ontology-resolution-v2,Explicit entity/facet policy review
starch,plant_part,1,1,operator-corrective-review-v2,full-ontology-resolution-v2,Explicit entity/facet policy review
starch,preparation,1,1,operator-corrective-review-v2,full-ontology-resolution-v2,Explicit entity/facet policy review
starch,preservation,1,1,operator-corrective-review-v2,full-ontology-resolution-v2,Explicit entity/facet policy review
starch,processing,1,1,operator-corrective-review-v2,full-ontology-resolution-v2,Explicit entity/facet policy review
starch,refinement,1,1,operator-corrective-review-v2,full-ontology-resolution-v2,Explicit entity/facet policy review
starch,size,1,0,operator-corrective-review-v2,full-ontology-resolution-v2,Explicit entity/facet policy review
starch,state,1,1,operator-corrective-review-v2,full-ontology-resolution-v2,Explicit entity/facet policy review
steak-sauce,form,1,1,operator-corrective-review-v2,full-ontology-resolution-v2,Explicit entity/facet policy review
steak-sauce,package_form,1,0,operator-corrective-review-v2,full-ontology-resolution-v2,Explicit entity/facet policy review
steak-sauce,plant_part,1,1,operator-corrective-review-v2,full-ontology-resolution-v2,Explicit entity/facet policy review
steak-sauce,preparation,1,1,operator-corrective-review-v2,full-ontology-resolution-v2,Explicit entity/facet policy review
steak-sauce,preservation,1,1,operator-corrective-review-v2,full-ontology-resolution-v2,Explicit entity/facet policy review
steak-sauce,processing,1,1,operator-corrective-review-v2,full-ontology-resolution-v2,Explicit entity/facet policy review
steak-sauce,size,1,0,operator-corrective-review-v2,full-ontology-resolution-v2,Explicit entity/facet policy review
steak-sauce,state,1,1,operator-corrective-review-v2,full-ontology-resolution-v2,Explicit entity/facet policy review
stock,form,1,1,operator-corrective-review-v2,full-ontology-resolution-v2,Explicit entity/facet policy review
stock,package_form,1,0,operator-corrective-review-v2,full-ontology-resolution-v2,Explicit entity/facet policy review
stock,preparation,1,1,operator-corrective-review-v2,full-ontology-resolution-v2,Explicit entity/facet policy review
stock,preservation,1,1,operator-corrective-review-v2,full-ontology-resolution-v2,Explicit entity/facet policy review
stock,processing,1,1,operator-corrective-review-v2,full-ontology-resolution-v2,Explicit entity/facet policy review
stock,size,1,0,operator-corrective-review-v2,full-ontology-resolution-v2,Explicit entity/facet policy review
stock,species,1,1,operator-corrective-review-v2,full-ontology-resolution-v2,Explicit entity/facet policy review
stock,state,1,1,operator-corrective-review-v2,full-ontology-resolution-v2,Explicit entity/facet policy review
stock,variety,1,1,operator-corrective-review-v2,full-ontology-resolution-v2,Explicit entity/facet policy review
stock-base,form,1,1,operator-corrective-review-v2,full-ontology-resolution-v2,Explicit entity/facet policy review
stock-base,package_form,1,0,operator-corrective-review-v2,full-ontology-resolution-v2,Explicit entity/facet policy review
stock-base,plant_part,1,1,operator-corrective-review-v2,full-ontology-resolution-v2,Explicit entity/facet policy review
stock-base,preparation,1,1,operator-corrective-review-v2,full-ontology-resolution-v2,Explicit entity/facet policy review
stock-base,preservation,1,1,operator-corrective-review-v2,full-ontology-resolution-v2,Explicit entity/facet policy review
stock-base,processing,1,1,operator-corrective-review-v2,full-ontology-resolution-v2,Explicit entity/facet policy review
stock-base,size,1,0,operator-corrective-review-v2,full-ontology-resolution-v2,Explicit entity/facet policy review
stock-base,species,1,1,operator-corrective-review-v2,full-ontology-resolution-v2,Explicit entity/facet policy review
stock-base,state,1,1,operator-corrective-review-v2,full-ontology-resolution-v2,Explicit entity/facet policy review
stock-base,variety,1,1,operator-corrective-review-v2,full-ontology-resolution-v2,Explicit entity/facet policy review
stock-paste,form,1,1,operator-corrective-review-v2,full-ontology-resolution-v2,Explicit entity/facet policy review
stock-paste,package_form,1,0,operator-corrective-review-v2,full-ontology-resolution-v2,Explicit entity/facet policy review
stock-paste,plant_part,1,1,operator-corrective-review-v2,full-ontology-resolution-v2,Explicit entity/facet policy review
stock-paste,preparation,1,1,operator-corrective-review-v2,full-ontology-resolution-v2,Explicit entity/facet policy review
stock-paste,preservation,1,1,operator-corrective-review-v2,full-ontology-resolution-v2,Explicit entity/facet policy review
stock-paste,processing,1,1,operator-corrective-review-v2,full-ontology-resolution-v2,Explicit entity/facet policy review
stock-paste,size,1,0,operator-corrective-review-v2,full-ontology-resolution-v2,Explicit entity/facet policy review
stock-paste,species,1,1,operator-corrective-review-v2,full-ontology-resolution-v2,Explicit entity/facet policy review
stock-paste,state,1,1,operator-corrective-review-v2,full-ontology-resolution-v2,Explicit entity/facet policy review
stock-paste,variety,1,1,operator-corrective-review-v2,full-ontology-resolution-v2,Explicit entity/facet policy review
strawberry,form,1,1,operator-corrective-review-v2,full-ontology-resolution-v2,Explicit entity/facet policy review
strawberry,package_form,1,0,operator-corrective-review-v2,full-ontology-resolution-v2,Explicit entity/facet policy review
strawberry,plant_part,1,1,operator-corrective-review-v2,full-ontology-resolution-v2,Explicit entity/facet policy review
strawberry,preparation,1,1,operator-corrective-review-v2,full-ontology-resolution-v2,Explicit entity/facet policy review
strawberry,preservation,1,1,operator-corrective-review-v2,full-ontology-resolution-v2,Explicit entity/facet policy review
strawberry,processing,1,1,operator-corrective-review-v2,full-ontology-resolution-v2,Explicit entity/facet policy review
strawberry,size,1,0,operator-corrective-review-v2,full-ontology-resolution-v2,Explicit entity/facet policy review
strawberry,state,1,1,operator-corrective-review-v2,full-ontology-resolution-v2,Explicit entity/facet policy review
sugar,form,1,1,operator-corrective-review-v2,full-ontology-resolution-v2,Explicit entity/facet policy review
sugar,package_form,1,0,operator-corrective-review-v2,full-ontology-resolution-v2,Explicit entity/facet policy review
sugar,plant_part,1,1,operator-corrective-review-v2,full-ontology-resolution-v2,Explicit entity/facet policy review
sugar,preparation,1,1,operator-corrective-review-v2,full-ontology-resolution-v2,Explicit entity/facet policy review
sugar,preservation,1,1,operator-corrective-review-v2,full-ontology-resolution-v2,Explicit entity/facet policy review
sugar,processing,1,1,operator-corrective-review-v2,full-ontology-resolution-v2,Explicit entity/facet policy review
sugar,refinement,1,1,operator-corrective-review-v2,full-ontology-resolution-v2,Explicit entity/facet policy review
sugar,size,1,0,operator-corrective-review-v2,full-ontology-resolution-v2,Explicit entity/facet policy review
sugar,state,1,1,operator-corrective-review-v2,full-ontology-resolution-v2,Explicit entity/facet policy review
sunflower-seed,form,1,1,operator-corrective-review-v2,full-ontology-resolution-v2,Explicit entity/facet policy review
sunflower-seed,package_form,1,0,operator-corrective-review-v2,full-ontology-resolution-v2,Explicit entity/facet policy review
sunflower-seed,plant_part,1,1,operator-corrective-review-v2,full-ontology-resolution-v2,Explicit entity/facet policy review
sunflower-seed,preparation,1,1,operator-corrective-review-v2,full-ontology-resolution-v2,Explicit entity/facet policy review
sunflower-seed,preservation,1,1,operator-corrective-review-v2,full-ontology-resolution-v2,Explicit entity/facet policy review
sunflower-seed,processing,1,1,operator-corrective-review-v2,full-ontology-resolution-v2,Explicit entity/facet policy review
sunflower-seed,size,1,0,operator-corrective-review-v2,full-ontology-resolution-v2,Explicit entity/facet policy review
sunflower-seed,state,1,1,operator-corrective-review-v2,full-ontology-resolution-v2,Explicit entity/facet policy review
sweet-potato,form,1,1,operator-corrective-review-v2,full-ontology-resolution-v2,Explicit entity/facet policy review
sweet-potato,package_form,1,0,operator-corrective-review-v2,full-ontology-resolution-v2,Explicit entity/facet policy review
sweet-potato,plant_part,1,1,operator-corrective-review-v2,full-ontology-resolution-v2,Explicit entity/facet policy review
sweet-potato,preparation,1,1,operator-corrective-review-v2,full-ontology-resolution-v2,Explicit entity/facet policy review
sweet-potato,preservation,1,1,operator-corrective-review-v2,full-ontology-resolution-v2,Explicit entity/facet policy review
sweet-potato,processing,1,1,operator-corrective-review-v2,full-ontology-resolution-v2,Explicit entity/facet policy review
sweet-potato,size,1,0,operator-corrective-review-v2,full-ontology-resolution-v2,Explicit entity/facet policy review
sweet-potato,state,1,1,operator-corrective-review-v2,full-ontology-resolution-v2,Explicit entity/facet policy review
swiss-cheese,form,1,1,operator-corrective-review-v2,full-ontology-resolution-v2,Explicit entity/facet policy review
swiss-cheese,package_form,1,0,operator-corrective-review-v2,full-ontology-resolution-v2,Explicit entity/facet policy review
swiss-cheese,plant_part,1,1,operator-corrective-review-v2,full-ontology-resolution-v2,Explicit entity/facet policy review
swiss-cheese,preparation,1,1,operator-corrective-review-v2,full-ontology-resolution-v2,Explicit entity/facet policy review
swiss-cheese,preservation,1,1,operator-corrective-review-v2,full-ontology-resolution-v2,Explicit entity/facet policy review
swiss-cheese,processing,1,1,operator-corrective-review-v2,full-ontology-resolution-v2,Explicit entity/facet policy review
swiss-cheese,size,1,0,operator-corrective-review-v2,full-ontology-resolution-v2,Explicit entity/facet policy review
swiss-cheese,state,1,1,operator-corrective-review-v2,full-ontology-resolution-v2,Explicit entity/facet policy review
syrup,form,1,1,operator-corrective-review-v2,full-ontology-resolution-v2,Explicit entity/facet policy review
syrup,package_form,1,0,operator-corrective-review-v2,full-ontology-resolution-v2,Explicit entity/facet policy review
syrup,plant_part,1,1,operator-corrective-review-v2,full-ontology-resolution-v2,Explicit entity/facet policy review
syrup,preparation,1,1,operator-corrective-review-v2,full-ontology-resolution-v2,Explicit entity/facet policy review
syrup,preservation,1,1,operator-corrective-review-v2,full-ontology-resolution-v2,Explicit entity/facet policy review
syrup,processing,1,1,operator-corrective-review-v2,full-ontology-resolution-v2,Explicit entity/facet policy review
syrup,size,1,0,operator-corrective-review-v2,full-ontology-resolution-v2,Explicit entity/facet policy review
syrup,state,1,1,operator-corrective-review-v2,full-ontology-resolution-v2,Explicit entity/facet policy review
tacos,form,1,1,operator-corrective-review-v2,full-ontology-resolution-v2,Explicit entity/facet policy review
tacos,package_form,1,0,operator-corrective-review-v2,full-ontology-resolution-v2,Explicit entity/facet policy review
tacos,plant_part,1,1,operator-corrective-review-v2,full-ontology-resolution-v2,Explicit entity/facet policy review
tacos,preparation,1,1,operator-corrective-review-v2,full-ontology-resolution-v2,Explicit entity/facet policy review
tacos,preservation,1,1,operator-corrective-review-v2,full-ontology-resolution-v2,Explicit entity/facet policy review
tacos,processing,1,1,operator-corrective-review-v2,full-ontology-resolution-v2,Explicit entity/facet policy review
tacos,size,1,0,operator-corrective-review-v2,full-ontology-resolution-v2,Explicit entity/facet policy review
tacos,state,1,1,operator-corrective-review-v2,full-ontology-resolution-v2,Explicit entity/facet policy review
tahini,form,1,1,operator-corrective-review-v2,full-ontology-resolution-v2,Explicit entity/facet policy review
tahini,package_form,1,0,operator-corrective-review-v2,full-ontology-resolution-v2,Explicit entity/facet policy review
tahini,preparation,1,1,operator-corrective-review-v2,full-ontology-resolution-v2,Explicit entity/facet policy review
tahini,preservation,1,1,operator-corrective-review-v2,full-ontology-resolution-v2,Explicit entity/facet policy review
tahini,processing,1,1,operator-corrective-review-v2,full-ontology-resolution-v2,Explicit entity/facet policy review
tahini,size,1,0,operator-corrective-review-v2,full-ontology-resolution-v2,Explicit entity/facet policy review
tahini,state,1,1,operator-corrective-review-v2,full-ontology-resolution-v2,Explicit entity/facet policy review
tamarind,form,1,1,operator-corrective-review-v2,full-ontology-resolution-v2,Explicit entity/facet policy review
tamarind,package_form,1,0,operator-corrective-review-v2,full-ontology-resolution-v2,Explicit entity/facet policy review
tamarind,plant_part,1,1,operator-corrective-review-v2,full-ontology-resolution-v2,Explicit entity/facet policy review
tamarind,preparation,1,1,operator-corrective-review-v2,full-ontology-resolution-v2,Explicit entity/facet policy review
tamarind,preservation,1,1,operator-corrective-review-v2,full-ontology-resolution-v2,Explicit entity/facet policy review
tamarind,processing,1,1,operator-corrective-review-v2,full-ontology-resolution-v2,Explicit entity/facet policy review
tamarind,size,1,0,operator-corrective-review-v2,full-ontology-resolution-v2,Explicit entity/facet policy review
tamarind,state,1,1,operator-corrective-review-v2,full-ontology-resolution-v2,Explicit entity/facet policy review
thyme,form,1,1,operator-corrective-review-v2,full-ontology-resolution-v2,Explicit entity/facet policy review
thyme,package_form,1,0,operator-corrective-review-v2,full-ontology-resolution-v2,Explicit entity/facet policy review
thyme,plant_part,1,1,operator-corrective-review-v2,full-ontology-resolution-v2,Explicit entity/facet policy review
thyme,preparation,1,1,operator-corrective-review-v2,full-ontology-resolution-v2,Explicit entity/facet policy review
thyme,preservation,1,1,operator-corrective-review-v2,full-ontology-resolution-v2,Explicit entity/facet policy review
thyme,processing,1,1,operator-corrective-review-v2,full-ontology-resolution-v2,Explicit entity/facet policy review
thyme,size,1,0,operator-corrective-review-v2,full-ontology-resolution-v2,Explicit entity/facet policy review
thyme,state,1,1,operator-corrective-review-v2,full-ontology-resolution-v2,Explicit entity/facet policy review
tomato,form,1,1,operator-corrective-review-v2,full-ontology-resolution-v2,Explicit entity/facet policy review
tomato,package_form,1,0,operator-corrective-review-v2,full-ontology-resolution-v2,Explicit entity/facet policy review
tomato,plant_part,1,1,operator-corrective-review-v2,full-ontology-resolution-v2,Explicit entity/facet policy review
tomato,preparation,1,1,operator-corrective-review-v2,full-ontology-resolution-v2,Explicit entity/facet policy review
tomato,preservation,1,1,operator-corrective-review-v2,full-ontology-resolution-v2,Explicit entity/facet policy review
tomato,processing,1,1,operator-corrective-review-v2,full-ontology-resolution-v2,Explicit entity/facet policy review
tomato,size,1,0,operator-corrective-review-v2,full-ontology-resolution-v2,Explicit entity/facet policy review
tomato,state,1,1,operator-corrective-review-v2,full-ontology-resolution-v2,Explicit entity/facet policy review
tomato,variety,1,1,operator-corrective-review-v2,full-ontology-resolution-v2,Explicit entity/facet policy review
tomato-paste,form,1,1,operator-corrective-review-v2,full-ontology-resolution-v2,Explicit entity/facet policy review
tomato-paste,package_form,1,0,operator-corrective-review-v2,full-ontology-resolution-v2,Explicit entity/facet policy review
tomato-paste,plant_part,1,1,operator-corrective-review-v2,full-ontology-resolution-v2,Explicit entity/facet policy review
tomato-paste,preparation,1,1,operator-corrective-review-v2,full-ontology-resolution-v2,Explicit entity/facet policy review
tomato-paste,preservation,1,1,operator-corrective-review-v2,full-ontology-resolution-v2,Explicit entity/facet policy review
tomato-paste,processing,1,1,operator-corrective-review-v2,full-ontology-resolution-v2,Explicit entity/facet policy review
tomato-paste,size,1,0,operator-corrective-review-v2,full-ontology-resolution-v2,Explicit entity/facet policy review
tomato-paste,state,1,1,operator-corrective-review-v2,full-ontology-resolution-v2,Explicit entity/facet policy review
tomato-paste,variety,1,1,operator-corrective-review-v2,full-ontology-resolution-v2,Explicit entity/facet policy review
tomato-sauce,form,1,1,operator-corrective-review-v2,full-ontology-resolution-v2,Explicit entity/facet policy review
tomato-sauce,package_form,1,0,operator-corrective-review-v2,full-ontology-resolution-v2,Explicit entity/facet policy review
tomato-sauce,plant_part,1,1,operator-corrective-review-v2,full-ontology-resolution-v2,Explicit entity/facet policy review
tomato-sauce,preparation,1,1,operator-corrective-review-v2,full-ontology-resolution-v2,Explicit entity/facet policy review
tomato-sauce,preservation,1,1,operator-corrective-review-v2,full-ontology-resolution-v2,Explicit entity/facet policy review
tomato-sauce,processing,1,1,operator-corrective-review-v2,full-ontology-resolution-v2,Explicit entity/facet policy review
tomato-sauce,size,1,0,operator-corrective-review-v2,full-ontology-resolution-v2,Explicit entity/facet policy review
tomato-sauce,state,1,1,operator-corrective-review-v2,full-ontology-resolution-v2,Explicit entity/facet policy review
tortilla-chips,form,1,1,operator-corrective-review-v2,full-ontology-resolution-v2,Explicit entity/facet policy review
tortilla-chips,package_form,1,0,operator-corrective-review-v2,full-ontology-resolution-v2,Explicit entity/facet policy review
tortilla-chips,plant_part,1,1,operator-corrective-review-v2,full-ontology-resolution-v2,Explicit entity/facet policy review
tortilla-chips,preparation,1,1,operator-corrective-review-v2,full-ontology-resolution-v2,Explicit entity/facet policy review
tortilla-chips,preservation,1,1,operator-corrective-review-v2,full-ontology-resolution-v2,Explicit entity/facet policy review
tortilla-chips,processing,1,1,operator-corrective-review-v2,full-ontology-resolution-v2,Explicit entity/facet policy review
tortilla-chips,size,1,0,operator-corrective-review-v2,full-ontology-resolution-v2,Explicit entity/facet policy review
tortilla-chips,state,1,1,operator-corrective-review-v2,full-ontology-resolution-v2,Explicit entity/facet policy review
tortilla-chips,variety,1,1,operator-corrective-review-v2,full-ontology-resolution-v2,Explicit entity/facet policy review
turmeric,form,1,1,operator-corrective-review-v2,full-ontology-resolution-v2,Explicit entity/facet policy review
turmeric,package_form,1,0,operator-corrective-review-v2,full-ontology-resolution-v2,Explicit entity/facet policy review
turmeric,plant_part,1,1,operator-corrective-review-v2,full-ontology-resolution-v2,Explicit entity/facet policy review
turmeric,preparation,1,1,operator-corrective-review-v2,full-ontology-resolution-v2,Explicit entity/facet policy review
turmeric,preservation,1,1,operator-corrective-review-v2,full-ontology-resolution-v2,Explicit entity/facet policy review
turmeric,processing,1,1,operator-corrective-review-v2,full-ontology-resolution-v2,Explicit entity/facet policy review
turmeric,size,1,0,operator-corrective-review-v2,full-ontology-resolution-v2,Explicit entity/facet policy review
turmeric,state,1,1,operator-corrective-review-v2,full-ontology-resolution-v2,Explicit entity/facet policy review
vanilla,form,1,1,operator-corrective-review-v2,full-ontology-resolution-v2,Explicit entity/facet policy review
vanilla,package_form,1,0,operator-corrective-review-v2,full-ontology-resolution-v2,Explicit entity/facet policy review
vanilla,plant_part,1,1,operator-corrective-review-v2,full-ontology-resolution-v2,Explicit entity/facet policy review
vanilla,preparation,1,1,operator-corrective-review-v2,full-ontology-resolution-v2,Explicit entity/facet policy review
vanilla,preservation,1,1,operator-corrective-review-v2,full-ontology-resolution-v2,Explicit entity/facet policy review
vanilla,processing,1,1,operator-corrective-review-v2,full-ontology-resolution-v2,Explicit entity/facet policy review
vanilla,size,1,0,operator-corrective-review-v2,full-ontology-resolution-v2,Explicit entity/facet policy review
vanilla,state,1,1,operator-corrective-review-v2,full-ontology-resolution-v2,Explicit entity/facet policy review
vanilla-extract,form,1,1,operator-corrective-review-v2,full-ontology-resolution-v2,Explicit entity/facet policy review
vanilla-extract,package_form,1,0,operator-corrective-review-v2,full-ontology-resolution-v2,Explicit entity/facet policy review
vanilla-extract,plant_part,1,1,operator-corrective-review-v2,full-ontology-resolution-v2,Explicit entity/facet policy review
vanilla-extract,preparation,1,1,operator-corrective-review-v2,full-ontology-resolution-v2,Explicit entity/facet policy review
vanilla-extract,preservation,1,1,operator-corrective-review-v2,full-ontology-resolution-v2,Explicit entity/facet policy review
vanilla-extract,processing,1,1,operator-corrective-review-v2,full-ontology-resolution-v2,Explicit entity/facet policy review
vanilla-extract,size,1,0,operator-corrective-review-v2,full-ontology-resolution-v2,Explicit entity/facet policy review
vanilla-extract,state,1,1,operator-corrective-review-v2,full-ontology-resolution-v2,Explicit entity/facet policy review
vanilla-sugar,form,1,1,operator-corrective-review-v2,full-ontology-resolution-v2,Explicit entity/facet policy review
vanilla-sugar,package_form,1,0,operator-corrective-review-v2,full-ontology-resolution-v2,Explicit entity/facet policy review
vanilla-sugar,preparation,1,1,operator-corrective-review-v2,full-ontology-resolution-v2,Explicit entity/facet policy review
vanilla-sugar,preservation,1,1,operator-corrective-review-v2,full-ontology-resolution-v2,Explicit entity/facet policy review
vanilla-sugar,processing,1,1,operator-corrective-review-v2,full-ontology-resolution-v2,Explicit entity/facet policy review
vanilla-sugar,size,1,0,operator-corrective-review-v2,full-ontology-resolution-v2,Explicit entity/facet policy review
vanilla-sugar,state,1,1,operator-corrective-review-v2,full-ontology-resolution-v2,Explicit entity/facet policy review
vegetable-soup,form,1,1,operator-corrective-review-v2,full-ontology-resolution-v2,Explicit entity/facet policy review
vegetable-soup,package_form,1,0,operator-corrective-review-v2,full-ontology-resolution-v2,Explicit entity/facet policy review
vegetable-soup,preparation,1,1,operator-corrective-review-v2,full-ontology-resolution-v2,Explicit entity/facet policy review
vegetable-soup,preservation,1,1,operator-corrective-review-v2,full-ontology-resolution-v2,Explicit entity/facet policy review
vegetable-soup,processing,1,1,operator-corrective-review-v2,full-ontology-resolution-v2,Explicit entity/facet policy review
vegetable-soup,size,1,0,operator-corrective-review-v2,full-ontology-resolution-v2,Explicit entity/facet policy review
vegetable-soup,state,1,1,operator-corrective-review-v2,full-ontology-resolution-v2,Explicit entity/facet policy review
vegetables,form,1,1,operator-corrective-review-v2,full-ontology-resolution-v2,Explicit entity/facet policy review
vegetables,package_form,1,0,operator-corrective-review-v2,full-ontology-resolution-v2,Explicit entity/facet policy review
vegetables,plant_part,1,1,operator-corrective-review-v2,full-ontology-resolution-v2,Explicit entity/facet policy review
vegetables,preparation,1,1,operator-corrective-review-v2,full-ontology-resolution-v2,Explicit entity/facet policy review
vegetables,preservation,1,1,operator-corrective-review-v2,full-ontology-resolution-v2,Explicit entity/facet policy review
vegetables,processing,1,1,operator-corrective-review-v2,full-ontology-resolution-v2,Explicit entity/facet policy review
vegetables,size,1,0,operator-corrective-review-v2,full-ontology-resolution-v2,Explicit entity/facet policy review
vegetables,state,1,1,operator-corrective-review-v2,full-ontology-resolution-v2,Explicit entity/facet policy review
vinegar,form,1,1,operator-corrective-review-v2,full-ontology-resolution-v2,Explicit entity/facet policy review
vinegar,package_form,1,0,operator-corrective-review-v2,full-ontology-resolution-v2,Explicit entity/facet policy review
vinegar,plant_part,1,1,operator-corrective-review-v2,full-ontology-resolution-v2,Explicit entity/facet policy review
vinegar,preparation,1,1,operator-corrective-review-v2,full-ontology-resolution-v2,Explicit entity/facet policy review
vinegar,preservation,1,1,operator-corrective-review-v2,full-ontology-resolution-v2,Explicit entity/facet policy review
vinegar,processing,1,1,operator-corrective-review-v2,full-ontology-resolution-v2,Explicit entity/facet policy review
vinegar,size,1,0,operator-corrective-review-v2,full-ontology-resolution-v2,Explicit entity/facet policy review
vinegar,state,1,1,operator-corrective-review-v2,full-ontology-resolution-v2,Explicit entity/facet policy review
vinegar,variety,1,1,operator-corrective-review-v2,full-ontology-resolution-v2,Explicit entity/facet policy review
walnut,form,1,1,operator-corrective-review-v2,full-ontology-resolution-v2,Explicit entity/facet policy review
walnut,package_form,1,0,operator-corrective-review-v2,full-ontology-resolution-v2,Explicit entity/facet policy review
walnut,plant_part,1,1,operator-corrective-review-v2,full-ontology-resolution-v2,Explicit entity/facet policy review
walnut,preparation,1,1,operator-corrective-review-v2,full-ontology-resolution-v2,Explicit entity/facet policy review
walnut,preservation,1,1,operator-corrective-review-v2,full-ontology-resolution-v2,Explicit entity/facet policy review
walnut,processing,1,1,operator-corrective-review-v2,full-ontology-resolution-v2,Explicit entity/facet policy review
walnut,saltedness,1,1,operator-corrective-review-v2,full-ontology-resolution-v2,Explicit entity/facet policy review
walnut,size,1,0,operator-corrective-review-v2,full-ontology-resolution-v2,Explicit entity/facet policy review
walnut,state,1,1,operator-corrective-review-v2,full-ontology-resolution-v2,Explicit entity/facet policy review
water,form,1,1,operator-corrective-review-v2,full-ontology-resolution-v2,Explicit entity/facet policy review
water,package_form,1,0,operator-corrective-review-v2,full-ontology-resolution-v2,Explicit entity/facet policy review
water,plant_part,1,1,operator-corrective-review-v2,full-ontology-resolution-v2,Explicit entity/facet policy review
water,preparation,1,1,operator-corrective-review-v2,full-ontology-resolution-v2,Explicit entity/facet policy review
water,preservation,1,1,operator-corrective-review-v2,full-ontology-resolution-v2,Explicit entity/facet policy review
water,processing,1,1,operator-corrective-review-v2,full-ontology-resolution-v2,Explicit entity/facet policy review
water,size,1,0,operator-corrective-review-v2,full-ontology-resolution-v2,Explicit entity/facet policy review
water,state,1,1,operator-corrective-review-v2,full-ontology-resolution-v2,Explicit entity/facet policy review
wheat,form,1,1,operator-corrective-review-v2,full-ontology-resolution-v2,Explicit entity/facet policy review
wheat,package_form,1,0,operator-corrective-review-v2,full-ontology-resolution-v2,Explicit entity/facet policy review
wheat,plant_part,1,1,operator-corrective-review-v2,full-ontology-resolution-v2,Explicit entity/facet policy review
wheat,preparation,1,1,operator-corrective-review-v2,full-ontology-resolution-v2,Explicit entity/facet policy review
wheat,preservation,1,1,operator-corrective-review-v2,full-ontology-resolution-v2,Explicit entity/facet policy review
wheat,processing,1,1,operator-corrective-review-v2,full-ontology-resolution-v2,Explicit entity/facet policy review
wheat,size,1,0,operator-corrective-review-v2,full-ontology-resolution-v2,Explicit entity/facet policy review
wheat,state,1,1,operator-corrective-review-v2,full-ontology-resolution-v2,Explicit entity/facet policy review
white-chocolate,form,1,1,operator-corrective-review-v2,full-ontology-resolution-v2,Explicit entity/facet policy review
white-chocolate,package_form,1,0,operator-corrective-review-v2,full-ontology-resolution-v2,Explicit entity/facet policy review
white-chocolate,plant_part,1,1,operator-corrective-review-v2,full-ontology-resolution-v2,Explicit entity/facet policy review
white-chocolate,preparation,1,1,operator-corrective-review-v2,full-ontology-resolution-v2,Explicit entity/facet policy review
white-chocolate,preservation,1,1,operator-corrective-review-v2,full-ontology-resolution-v2,Explicit entity/facet policy review
white-chocolate,processing,1,1,operator-corrective-review-v2,full-ontology-resolution-v2,Explicit entity/facet policy review
white-chocolate,size,1,0,operator-corrective-review-v2,full-ontology-resolution-v2,Explicit entity/facet policy review
white-chocolate,state,1,1,operator-corrective-review-v2,full-ontology-resolution-v2,Explicit entity/facet policy review
wine,form,1,1,operator-corrective-review-v2,full-ontology-resolution-v2,Explicit entity/facet policy review
wine,package_form,1,0,operator-corrective-review-v2,full-ontology-resolution-v2,Explicit entity/facet policy review
wine,plant_part,1,1,operator-corrective-review-v2,full-ontology-resolution-v2,Explicit entity/facet policy review
wine,preparation,1,1,operator-corrective-review-v2,full-ontology-resolution-v2,Explicit entity/facet policy review
wine,preservation,1,1,operator-corrective-review-v2,full-ontology-resolution-v2,Explicit entity/facet policy review
wine,processing,1,1,operator-corrective-review-v2,full-ontology-resolution-v2,Explicit entity/facet policy review
wine,size,1,0,operator-corrective-review-v2,full-ontology-resolution-v2,Explicit entity/facet policy review
wine,state,1,1,operator-corrective-review-v2,full-ontology-resolution-v2,Explicit entity/facet policy review
wine,variety,1,1,operator-corrective-review-v2,full-ontology-resolution-v2,Explicit entity/facet policy review
wine,wine_color,1,1,operator-corrective-review-v2,full-ontology-resolution-v2,Explicit entity/facet policy review
wine,wine_sweetness,1,1,operator-corrective-review-v2,full-ontology-resolution-v2,Explicit entity/facet policy review
worcestershire-sauce,form,1,1,operator-corrective-review-v2,full-ontology-resolution-v2,Explicit entity/facet policy review
worcestershire-sauce,package_form,1,0,operator-corrective-review-v2,full-ontology-resolution-v2,Explicit entity/facet policy review
worcestershire-sauce,plant_part,1,1,operator-corrective-review-v2,full-ontology-resolution-v2,Explicit entity/facet policy review
worcestershire-sauce,preparation,1,1,operator-corrective-review-v2,full-ontology-resolution-v2,Explicit entity/facet policy review
worcestershire-sauce,preservation,1,1,operator-corrective-review-v2,full-ontology-resolution-v2,Explicit entity/facet policy review
worcestershire-sauce,processing,1,1,operator-corrective-review-v2,full-ontology-resolution-v2,Explicit entity/facet policy review
worcestershire-sauce,size,1,0,operator-corrective-review-v2,full-ontology-resolution-v2,Explicit entity/facet policy review
worcestershire-sauce,state,1,1,operator-corrective-review-v2,full-ontology-resolution-v2,Explicit entity/facet policy review
yeast,form,1,1,operator-corrective-review-v2,full-ontology-resolution-v2,Explicit entity/facet policy review
yeast,package_form,1,0,operator-corrective-review-v2,full-ontology-resolution-v2,Explicit entity/facet policy review
yeast,plant_part,1,1,operator-corrective-review-v2,full-ontology-resolution-v2,Explicit entity/facet policy review
yeast,preparation,1,1,operator-corrective-review-v2,full-ontology-resolution-v2,Explicit entity/facet policy review
yeast,preservation,1,1,operator-corrective-review-v2,full-ontology-resolution-v2,Explicit entity/facet policy review
yeast,processing,1,1,operator-corrective-review-v2,full-ontology-resolution-v2,Explicit entity/facet policy review
yeast,size,1,0,operator-corrective-review-v2,full-ontology-resolution-v2,Explicit entity/facet policy review
yeast,state,1,1,operator-corrective-review-v2,full-ontology-resolution-v2,Explicit entity/facet policy review
yellow-mustard,form,1,1,operator-corrective-review-v2,full-ontology-resolution-v2,Explicit entity/facet policy review
yellow-mustard,package_form,1,0,operator-corrective-review-v2,full-ontology-resolution-v2,Explicit entity/facet policy review
yellow-mustard,plant_part,1,1,operator-corrective-review-v2,full-ontology-resolution-v2,Explicit entity/facet policy review
yellow-mustard,preparation,1,1,operator-corrective-review-v2,full-ontology-resolution-v2,Explicit entity/facet policy review
yellow-mustard,preservation,1,1,operator-corrective-review-v2,full-ontology-resolution-v2,Explicit entity/facet policy review
yellow-mustard,processing,1,1,operator-corrective-review-v2,full-ontology-resolution-v2,Explicit entity/facet policy review
yellow-mustard,size,1,0,operator-corrective-review-v2,full-ontology-resolution-v2,Explicit entity/facet policy review
yellow-mustard,state,1,1,operator-corrective-review-v2,full-ontology-resolution-v2,Explicit entity/facet policy review
yogurt,cream_class,1,1,operator-corrective-review-v2,full-ontology-resolution-v2,Explicit entity/facet policy review
yogurt,fat_content,1,1,operator-corrective-review-v2,full-ontology-resolution-v2,Explicit entity/facet policy review
yogurt,form,1,1,operator-corrective-review-v2,full-ontology-resolution-v2,Explicit entity/facet policy review
yogurt,package_form,1,0,operator-corrective-review-v2,full-ontology-resolution-v2,Explicit entity/facet policy review
yogurt,plant_part,1,1,operator-corrective-review-v2,full-ontology-resolution-v2,Explicit entity/facet policy review
yogurt,preparation,1,1,operator-corrective-review-v2,full-ontology-resolution-v2,Explicit entity/facet policy review
yogurt,preservation,1,1,operator-corrective-review-v2,full-ontology-resolution-v2,Explicit entity/facet policy review
yogurt,processing,1,1,operator-corrective-review-v2,full-ontology-resolution-v2,Explicit entity/facet policy review
yogurt,size,1,0,operator-corrective-review-v2,full-ontology-resolution-v2,Explicit entity/facet policy review
yogurt,state,1,1,operator-corrective-review-v2,full-ontology-resolution-v2,Explicit entity/facet policy review
zucchini,form,1,1,operator-corrective-review-v2,full-ontology-resolution-v2,Explicit entity/facet policy review
zucchini,package_form,1,0,operator-corrective-review-v2,full-ontology-resolution-v2,Explicit entity/facet policy review
zucchini,plant_part,1,1,operator-corrective-review-v2,full-ontology-resolution-v2,Explicit entity/facet policy review
zucchini,preparation,1,1,operator-corrective-review-v2,full-ontology-resolution-v2,Explicit entity/facet policy review
zucchini,preservation,1,1,operator-corrective-review-v2,full-ontology-resolution-v2,Explicit entity/facet policy review
zucchini,processing,1,1,operator-corrective-review-v2,full-ontology-resolution-v2,Explicit entity/facet policy review
zucchini,size,1,0,operator-corrective-review-v2,full-ontology-resolution-v2,Explicit entity/facet policy review
zucchini,state,1,1,operator-corrective-review-v2,full-ontology-resolution-v2,Explicit entity/facet policy review
