normalized_label,label,language,required_cohort,prior_entity_slugs,prior_mechanisms,prior_occurrences,decision,disposition_code,entity_slug,attributes_json,reviewer,review_batch,rationale,source_citation
aceite,Aceite,es,es,oil,exact_alias,14,retain,D1,oil,{},operator-corrective-review-v2,full-ontology-resolution-v2,Explicitly reviewed safe prior accepted identity,curated-ontology-v3-review-fixes/eval-ontology-audit.json
aceite de oliva,Aceite de oliva,es,es,oil,attribute_alias,63,retain,D2,oil,"{""variety"":""olive""}",operator-corrective-review-v2,full-ontology-resolution-v2,Explicitly reviewed safe prior accepted identity,curated-ontology-v3-review-fixes/eval-ontology-audit.json
acqua,Acqua,it,it,water,exact_alias,223,retain,D1,water,{},operator-corrective-review-v2,full-ontology-resolution-v2,Explicitly reviewed safe prior accepted identity,curated-ontology-v3-review-fixes/eval-ontology-audit.json
agua,Agua,es,es,water,exact_alias,70,retain,D1,water,{},operator-corrective-review-v2,full-ontology-resolution-v2,Explicitly reviewed safe prior accepted identity,curated-ontology-v3-review-fixes/eval-ontology-audit.json
all purpose flour,All Purpose Flour,en,,flour,attribute_alias,667,retain,D2,flour,"{""form"":""flour"",""refinement"":""all_purpose""}",operator-corrective-review-v2,full-ontology-resolution-v2,Explicitly reviewed safe prior accepted identity,curated-ontology-v3-review-fixes/eval-ontology-audit.json
almond,Almond,und,,almond,exact_alias,1,retain,D1,almond,{},operator-corrective-review-v2,full-ontology-resolution-v2,Explicitly reviewed safe prior accepted identity,curated-ontology-v3-review-fixes/eval-ontology-audit.json
almond flour,Almond Flour,en,,flour,attribute_alias,36,retain,D2,flour,"{""form"":""flour"",""variety"":""almond""}",operator-corrective-review-v2,full-ontology-resolution-v2,Explicitly reviewed safe prior accepted identity,curated-ontology-v3-review-fixes/eval-ontology-audit.json
almond milk,Almond Milk,en,,milk-alternative,attribute_alias,83,retain,D2,milk-alternative,"{""variety"":""almond""}",operator-corrective-review-v2,full-ontology-resolution-v2,Explicitly reviewed safe prior accepted identity,curated-ontology-v3-review-fixes/eval-ontology-audit.json
almonds,Almonds,und,,almond,attribute_alias,143,retain,D1,almond,{},operator-corrective-review-v2,full-ontology-resolution-v2,Explicitly reviewed safe prior accepted identity,curated-ontology-v3-review-fixes/eval-ontology-audit.json
apple cider vinegar,Apple Cider Vinegar,en,,vinegar,attribute_alias,290,retain,D2,vinegar,"{""variety"":""apple_cider""}",operator-corrective-review-v2,full-ontology-resolution-v2,Explicitly reviewed safe prior accepted identity,curated-ontology-v3-review-fixes/eval-ontology-audit.json
apă,Apă,ro,ro,water,exact_alias,324,retain,D1,water,{},operator-corrective-review-v2,full-ontology-resolution-v2,Explicitly reviewed safe prior accepted identity,curated-ontology-v3-review-fixes/eval-ontology-audit.json
arborio rice,Arborio rice,und,,arborio-rice,exact_alias,49,retarget,D2,rice,"{""variety"":""arborio""}",operator-corrective-review-v2,full-ontology-resolution-v2,Explicitly reviewed safe prior accepted identity,curated-ontology-v3-review-fixes/eval-ontology-audit.json
avocado,Avocado,und,,avocado,exact_alias,362,retain,D1,avocado,{},operator-corrective-review-v2,full-ontology-resolution-v2,Explicitly reviewed safe prior accepted identity,curated-ontology-v3-review-fixes/eval-ontology-audit.json
azeite,Azeite,pt,pt,oil,attribute_alias,1332,retain,D2,oil,"{""variety"":""olive""}",operator-corrective-review-v2,full-ontology-resolution-v2,Explicitly reviewed safe prior accepted identity,curated-ontology-v3-review-fixes/eval-ontology-audit.json
azeite de oliva,Azeite de oliva,pt,pt,oil,attribute_alias,17,retain,D2,oil,"{""variety"":""olive""}",operator-corrective-review-v2,full-ontology-resolution-v2,Explicitly reviewed safe prior accepted identity,curated-ontology-v3-review-fixes/eval-ontology-audit.json
azúcar,azúcar,es,es,sugar,exact_alias,9,retain,D1,sugar,{},operator-corrective-review-v2,full-ontology-resolution-v2,Explicitly reviewed safe prior accepted identity,curated-ontology-v3-review-fixes/eval-ontology-audit.json
açúcar,açúcar,pt,pt,sugar,exact_alias,368,retain,D1,sugar,{},operator-corrective-review-v2,full-ontology-resolution-v2,Explicitly reviewed safe prior accepted identity,curated-ontology-v3-review-fixes/eval-ontology-audit.json
açúcar em pó,açúcar em pó,pt,pt,sugar,attribute_alias,22,retain,D2,sugar,"{""refinement"":""powdered""}",operator-corrective-review-v2,full-ontology-resolution-v2,Explicitly reviewed safe prior accepted identity,curated-ontology-v3-review-fixes/eval-ontology-audit.json
backpulver,Backpulver,de,de,baking-powder,exact_alias,695,retain,D1,baking-powder,{},operator-corrective-review-v2,full-ontology-resolution-v2,Explicitly reviewed safe prior accepted identity,curated-ontology-v3-review-fixes/eval-ontology-audit.json
bacon,Bacon,und,,bacon,exact_alias,375,retain,D1,bacon,{},operator-corrective-review-v2,full-ontology-resolution-v2,Explicitly reviewed safe prior accepted identity,curated-ontology-v3-review-fixes/eval-ontology-audit.json
baguette,Baguette,und,,baguette,exact_alias,70,retain,D1,baguette,{},operator-corrective-review-v2,full-ontology-resolution-v2,Explicitly reviewed safe prior accepted identity,curated-ontology-v3-review-fixes/eval-ontology-audit.json
baker s flour,baker's flour,en,,flour,attribute_alias,153,retain,D2,flour,"{""form"":""flour"",""refinement"":""bread""}",operator-corrective-review-v2,full-ontology-resolution-v2,Explicitly reviewed safe prior accepted identity,curated-ontology-v3-review-fixes/eval-ontology-audit.json
baking powder,Baking powder,und,,baking-powder,attribute_alias,1058,retain,D2,baking-powder,"{""form"":""powder""}",operator-corrective-review-v2,full-ontology-resolution-v2,Explicitly reviewed safe prior accepted identity,curated-ontology-v3-review-fixes/eval-ontology-audit.json
baking soda,Baking soda,und,,baking-soda,exact_alias,299,retain,D1,baking-soda,{},operator-corrective-review-v2,full-ontology-resolution-v2,Explicitly reviewed safe prior accepted identity,curated-ontology-v3-review-fixes/eval-ontology-audit.json
balsamic vinegar,Balsamic Vinegar,en,,vinegar,attribute_alias,217,retain,D2,vinegar,"{""variety"":""balsamic""}",operator-corrective-review-v2,full-ontology-resolution-v2,Explicitly reviewed safe prior accepted identity,curated-ontology-v3-review-fixes/eval-ontology-audit.json
barbecue sauce,Barbecue sauce,und,,barbecue-sauce,exact_alias,56,retain,D1,barbecue-sauce,{},operator-corrective-review-v2,full-ontology-resolution-v2,Explicitly reviewed safe prior accepted identity,curated-ontology-v3-review-fixes/eval-ontology-audit.json
basilikum,Basilikum,de,de,basil,exact_alias,200,retain,D1,basil,{},operator-corrective-review-v2,full-ontology-resolution-v2,Explicitly reviewed safe prior accepted identity,curated-ontology-v3-review-fixes/eval-ontology-audit.json
beef,Beef,und,,beef,exact_alias,35,retain,D2,beef,"{""species"":""beef""}",operator-corrective-review-v2,full-ontology-resolution-v2,Explicitly reviewed safe prior accepted identity,curated-ontology-v3-review-fixes/eval-ontology-audit.json
beef stock,Beef stock,und,,stock,attribute_alias,26,retain,D2,stock,"{""species"":""beef"",""variety"":""beef""}",operator-corrective-review-v2,full-ontology-resolution-v2,Explicitly reviewed safe prior accepted identity,curated-ontology-v3-review-fixes/eval-ontology-audit.json
beurre,beurre,fr,fr,butter,exact_alias,71,retain,D1,butter,{},operator-corrective-review-v2,full-ontology-resolution-v2,Explicitly reviewed safe prior accepted identity,curated-ontology-v3-review-fixes/eval-ontology-audit.json
bicarbonate of soda,bicarbonate of soda,en,,baking-soda,exact_alias,274,retain,D1,baking-soda,{},operator-corrective-review-v2,full-ontology-resolution-v2,Explicitly reviewed safe prior accepted identity,curated-ontology-v3-review-fixes/eval-ontology-audit.json
black bean sauce,Black bean sauce,und,,black-bean-sauce,exact_alias,1,retain,D1,black-bean-sauce,{},operator-corrective-review-v2,full-ontology-resolution-v2,Explicitly reviewed safe prior accepted identity,curated-ontology-v3-review-fixes/eval-ontology-audit.json
black beans,Black Beans,und,,black-bean,attribute_alias,12,retain,D1,black-bean,{},operator-corrective-review-v2,full-ontology-resolution-v2,Explicitly reviewed safe prior accepted identity,curated-ontology-v3-review-fixes/eval-ontology-audit.json
black pepper,Black Pepper,en,,pepper,attribute_alias,4,retarget,D2,piper-pepper,"{""variety"":""black""}",operator-corrective-review-v2,full-ontology-resolution-v2,Explicitly reviewed safe prior accepted identity,curated-ontology-v3-review-fixes/eval-ontology-audit.json
blanched almonds,blanched almonds,en,,almond,attribute_alias,212,retain,D2,almond,"{""processing"":""blanched""}",operator-corrective-review-v2,full-ontology-resolution-v2,Explicitly reviewed safe prior accepted identity,curated-ontology-v3-review-fixes/eval-ontology-audit.json
blueberries,Blueberries,und,,blueberry,attribute_alias,42,retain,D1,blueberry,{},operator-corrective-review-v2,full-ontology-resolution-v2,Explicitly reviewed safe prior accepted identity,curated-ontology-v3-review-fixes/eval-ontology-audit.json
blueberry,Blueberry,und,,blueberry,exact_alias,4,retain,D1,blueberry,{},operator-corrective-review-v2,full-ontology-resolution-v2,Explicitly reviewed safe prior accepted identity,curated-ontology-v3-review-fixes/eval-ontology-audit.json
brauner zucker,brauner Zucker,de,de,sugar,attribute_alias,317,retain,D2,sugar,"{""refinement"":""brown""}",operator-corrective-review-v2,full-ontology-resolution-v2,Explicitly reviewed safe prior accepted identity,curated-ontology-v3-review-fixes/eval-ontology-audit.json
bread,Bread,und,,bread,exact_alias,157,retain,D1,bread,{},operator-corrective-review-v2,full-ontology-resolution-v2,Explicitly reviewed safe prior accepted identity,curated-ontology-v3-review-fixes/eval-ontology-audit.json
bread crumbs,Bread crumbs,und,,breadcrumbs,attribute_alias,34,retain,D1,breadcrumbs,{},operator-corrective-review-v2,full-ontology-resolution-v2,Explicitly reviewed safe prior accepted identity,curated-ontology-v3-review-fixes/eval-ontology-audit.json
bread flour,bread flour,en,,flour,attribute_alias,161,retain,D2,flour,"{""form"":""flour"",""refinement"":""bread""}",operator-corrective-review-v2,full-ontology-resolution-v2,Explicitly reviewed safe prior accepted identity,curated-ontology-v3-review-fixes/eval-ontology-audit.json
breadcrumbs,Breadcrumbs,und,,breadcrumbs,exact_alias,114,retain,D1,breadcrumbs,{},operator-corrective-review-v2,full-ontology-resolution-v2,Explicitly reviewed safe prior accepted identity,curated-ontology-v3-review-fixes/eval-ontology-audit.json
brie,Brie,und,,brie,exact_alias,7,retain,D1,brie,{},operator-corrective-review-v2,full-ontology-resolution-v2,Explicitly reviewed safe prior accepted identity,curated-ontology-v3-review-fixes/eval-ontology-audit.json
brown sugar,Brown sugar,und,,sugar,attribute_alias,662,retain,D2,sugar,"{""refinement"":""brown""}",operator-corrective-review-v2,full-ontology-resolution-v2,Explicitly reviewed safe prior accepted identity,curated-ontology-v3-review-fixes/eval-ontology-audit.json
burro,burro,it,it,butter,exact_alias,37,retain,D1,butter,{},operator-corrective-review-v2,full-ontology-resolution-v2,Explicitly reviewed safe prior accepted identity,curated-ontology-v3-review-fixes/eval-ontology-audit.json
butter,Butter,und,,butter,exact_alias,2807,retain,D1,butter,{},operator-corrective-review-v2,full-ontology-resolution-v2,Explicitly reviewed safe prior accepted identity,curated-ontology-v3-review-fixes/eval-ontology-audit.json
cake flour,Cake Flour,en,,flour,attribute_alias,32,retain,D2,flour,"{""form"":""flour"",""refinement"":""cake""}",operator-corrective-review-v2,full-ontology-resolution-v2,Explicitly reviewed safe prior accepted identity,curated-ontology-v3-review-fixes/eval-ontology-audit.json
cardamom,Cardamom,und,,cardamom,exact_alias,4,retain,D1,cardamom,{},operator-corrective-review-v2,full-ontology-resolution-v2,Explicitly reviewed safe prior accepted identity,curated-ontology-v3-review-fixes/eval-ontology-audit.json
cardamom pod,Cardamom Pod,en,,cardamom,attribute_alias,27,retain,D2,cardamom,"{""form"":""pod""}",operator-corrective-review-v2,full-ontology-resolution-v2,Explicitly reviewed safe prior accepted identity,curated-ontology-v3-review-fixes/eval-ontology-audit.json
carottes,carottes,fr,fr,carrot,exact_alias,45,retain,D1,carrot,{},operator-corrective-review-v2,full-ontology-resolution-v2,Explicitly reviewed safe prior accepted identity,curated-ontology-v3-review-fixes/eval-ontology-audit.json
carrot,Carrot,und,,carrot,exact_alias,495,retain,D1,carrot,{},operator-corrective-review-v2,full-ontology-resolution-v2,Explicitly reviewed safe prior accepted identity,curated-ontology-v3-review-fixes/eval-ontology-audit.json
carrots,carrots,en,,carrot,exact_alias,934,retain,D1,carrot,{},operator-corrective-review-v2,full-ontology-resolution-v2,Explicitly reviewed safe prior accepted identity,curated-ontology-v3-review-fixes/eval-ontology-audit.json
caster sugar,caster sugar,en,,sugar,attribute_alias,987,retain,D2,sugar,"{""refinement"":""caster""}",operator-corrective-review-v2,full-ontology-resolution-v2,Explicitly reviewed safe prior accepted identity,curated-ontology-v3-review-fixes/eval-ontology-audit.json
cauliflower,Cauliflower,und,,cauliflower,exact_alias,129,retain,D1,cauliflower,{},operator-corrective-review-v2,full-ontology-resolution-v2,Explicitly reviewed safe prior accepted identity,curated-ontology-v3-review-fixes/eval-ontology-audit.json
cebola,cebola,pt,pt,onion,exact_alias,806,retain,D1,onion,{},operator-corrective-review-v2,full-ontology-resolution-v2,Explicitly reviewed safe prior accepted identity,curated-ontology-v3-review-fixes/eval-ontology-audit.json
cebolla,cebolla,es,es,onion,exact_alias,15,retain,D1,onion,{},operator-corrective-review-v2,full-ontology-resolution-v2,Explicitly reviewed safe prior accepted identity,curated-ontology-v3-review-fixes/eval-ontology-audit.json
cenoura,cenoura,pt,pt,carrot,exact_alias,377,retain,D1,carrot,{},operator-corrective-review-v2,full-ontology-resolution-v2,Explicitly reviewed safe prior accepted identity,curated-ontology-v3-review-fixes/eval-ontology-audit.json
cheddar cheese,cheddar cheese,en,,cheddar,exact_alias,273,retain,D1,cheddar,{},operator-corrective-review-v2,full-ontology-resolution-v2,Explicitly reviewed safe prior accepted identity,curated-ontology-v3-review-fixes/eval-ontology-audit.json
cheese,Cheese,und,,cheese,exact_alias,16,retain,D1,cheese,{},operator-corrective-review-v2,full-ontology-resolution-v2,Explicitly reviewed safe prior accepted identity,curated-ontology-v3-review-fixes/eval-ontology-audit.json
cherry,Cherry,und,,cherry,exact_alias,1,retain,D1,cherry,{},operator-corrective-review-v2,full-ontology-resolution-v2,Explicitly reviewed safe prior accepted identity,curated-ontology-v3-review-fixes/eval-ontology-audit.json
chicken,Chicken,und,,chicken,exact_alias,33,retain,D2,chicken,"{""species"":""chicken""}",operator-corrective-review-v2,full-ontology-resolution-v2,Explicitly reviewed safe prior accepted identity,curated-ontology-v3-review-fixes/eval-ontology-audit.json
chicken breast,Chicken breast,und,,chicken,attribute_alias,40,retain,D2,chicken,"{""cut"":""breast"",""species"":""chicken""}",operator-corrective-review-v2,full-ontology-resolution-v2,Explicitly reviewed safe prior accepted identity,curated-ontology-v3-review-fixes/eval-ontology-audit.json
chicken breasts,Chicken Breasts,en,,chicken,attribute_alias,59,retain,D2,chicken,"{""cut"":""breast"",""species"":""chicken""}",operator-corrective-review-v2,full-ontology-resolution-v2,Explicitly reviewed safe prior accepted identity,curated-ontology-v3-review-fixes/eval-ontology-audit.json
chicken stock,Chicken stock,und,,stock,attribute_alias,113,retain,D2,stock,"{""species"":""chicken"",""variety"":""chicken""}",operator-corrective-review-v2,full-ontology-resolution-v2,Explicitly reviewed safe prior accepted identity,curated-ontology-v3-review-fixes/eval-ontology-audit.json
chicken stock paste,chicken stock paste,en,,stock-paste,attribute_alias,276,retain,D2,stock-paste,"{""form"":""paste"",""species"":""chicken"",""variety"":""chicken""}",operator-corrective-review-v2,full-ontology-resolution-v2,Explicitly reviewed safe prior accepted identity,curated-ontology-v3-review-fixes/eval-ontology-audit.json
chicken thigh,Chicken Thigh,en,,chicken,attribute_alias,1,retain,D2,chicken,"{""cut"":""thigh"",""species"":""chicken""}",operator-corrective-review-v2,full-ontology-resolution-v2,Explicitly reviewed safe prior accepted identity,curated-ontology-v3-review-fixes/eval-ontology-audit.json
chicken thighs,Chicken Thighs,en,,chicken,attribute_alias,12,retain,D2,chicken,"{""cut"":""thigh"",""species"":""chicken""}",operator-corrective-review-v2,full-ontology-resolution-v2,Explicitly reviewed safe prior accepted identity,curated-ontology-v3-review-fixes/eval-ontology-audit.json
chili garlic sauce,Chili garlic sauce,und,,chili-garlic-sauce,exact_alias,4,retain,D1,chili-garlic-sauce,{},operator-corrective-review-v2,full-ontology-resolution-v2,Explicitly reviewed safe prior accepted identity,curated-ontology-v3-review-fixes/eval-ontology-audit.json
chips,Chips,und,,chips,exact_alias,1,retain,D1,chips,{},operator-corrective-review-v2,full-ontology-resolution-v2,Explicitly reviewed safe prior accepted identity,curated-ontology-v3-review-fixes/eval-ontology-audit.json
cilantro,Cilantro,und,,coriander,attribute_alias,85,retain,D1,coriander,{},operator-corrective-review-v2,full-ontology-resolution-v2,Explicitly reviewed safe prior accepted identity,curated-ontology-v3-review-fixes/eval-ontology-audit.json
cilantro fresco,cilantro fresco,es,es,coriander,attribute_alias,65,retain,D2,coriander,"{""state"":""fresh""}",operator-corrective-review-v2,full-ontology-resolution-v2,Explicitly reviewed safe prior accepted identity,curated-ontology-v3-review-fixes/eval-ontology-audit.json
cipolla,cipolla,it,it,onion,exact_alias,32,retain,D1,onion,{},operator-corrective-review-v2,full-ontology-resolution-v2,Explicitly reviewed safe prior accepted identity,curated-ontology-v3-review-fixes/eval-ontology-audit.json
clams,Clams,und,,clams,exact_alias,8,retain,D1,clams,{},operator-corrective-review-v2,full-ontology-resolution-v2,Explicitly reviewed safe prior accepted identity,curated-ontology-v3-review-fixes/eval-ontology-audit.json
cocoa powder,cocoa powder,und,,cocoa-powder,attribute_alias,278,retain,D2,cocoa-powder,"{""form"":""powder""}",operator-corrective-review-v2,full-ontology-resolution-v2,Explicitly reviewed safe prior accepted identity,curated-ontology-v3-review-fixes/eval-ontology-audit.json
coconut milk,Coconut milk,und,,coconut-milk,exact_alias,361,retain,D2,coconut-milk,"{""variety"":""coconut""}",operator-corrective-review-v2,full-ontology-resolution-v2,Explicitly reviewed safe prior accepted identity,curated-ontology-v3-review-fixes/eval-ontology-audit.json
coentros,coentros,pt,pt,coriander,exact_alias,205,retain,D1,coriander,{},operator-corrective-review-v2,full-ontology-resolution-v2,Explicitly reviewed safe prior accepted identity,curated-ontology-v3-review-fixes/eval-ontology-audit.json
coentros frescos,coentros frescos,pt,pt,coriander,attribute_alias,1,retain,D2,coriander,"{""state"":""fresh""}",operator-corrective-review-v2,full-ontology-resolution-v2,Explicitly reviewed safe prior accepted identity,curated-ontology-v3-review-fixes/eval-ontology-audit.json
coffee,Coffee,und,,coffee,exact_alias,1,retain,D1,coffee,{},operator-corrective-review-v2,full-ontology-resolution-v2,Explicitly reviewed safe prior accepted identity,curated-ontology-v3-review-fixes/eval-ontology-audit.json
coffee creamer,Coffee creamer,und,,coffee-creamer,exact_alias,1,retain,D1,coffee-creamer,{},operator-corrective-review-v2,full-ontology-resolution-v2,Explicitly reviewed safe prior accepted identity,curated-ontology-v3-review-fixes/eval-ontology-audit.json
condensed milk,Condensed milk,und,,condensed-milk,exact_alias,42,retain,D1,condensed-milk,{},operator-corrective-review-v2,full-ontology-resolution-v2,Explicitly reviewed safe prior accepted identity,curated-ontology-v3-review-fixes/eval-ontology-audit.json
cookies,Cookies,und,,cookies,exact_alias,1,retain,D1,cookies,{},operator-corrective-review-v2,full-ontology-resolution-v2,Explicitly reviewed safe prior accepted identity,curated-ontology-v3-review-fixes/eval-ontology-audit.json
cooking wine,Cooking wine,und,,cooking-wine,exact_alias,1,retain,D1,cooking-wine,{},operator-corrective-review-v2,full-ontology-resolution-v2,Explicitly reviewed safe prior accepted identity,curated-ontology-v3-review-fixes/eval-ontology-audit.json
coriander,Coriander,und,,coriander,exact_alias,2,retain,D1,coriander,{},operator-corrective-review-v2,full-ontology-resolution-v2,Explicitly reviewed safe prior accepted identity,curated-ontology-v3-review-fixes/eval-ontology-audit.json
coriander leaves,coriander leaves,en,,coriander,exact_alias,24,retain,D2,coriander,"{""plant_part"":""leaf""}",operator-corrective-review-v2,full-ontology-resolution-v2,Explicitly reviewed safe prior accepted identity,curated-ontology-v3-review-fixes/eval-ontology-audit.json
coriander seed,coriander seed,und,,coriander-seed,attribute_alias,7,retain,D2,coriander-seed,"{""form"":""whole""}",operator-corrective-review-v2,full-ontology-resolution-v2,Explicitly reviewed safe prior accepted identity,curated-ontology-v3-review-fixes/eval-ontology-audit.json
coriander seeds,coriander seeds,en,,coriander-seed,attribute_alias,232,retain,D2,coriander-seed,"{""form"":""whole""}",operator-corrective-review-v2,full-ontology-resolution-v2,Explicitly reviewed safe prior accepted identity,curated-ontology-v3-review-fixes/eval-ontology-audit.json
coriandre fraîche,coriandre fraîche,fr,fr,coriander,attribute_alias,42,retain,D2,coriander,"{""state"":""fresh""}",operator-corrective-review-v2,full-ontology-resolution-v2,Explicitly reviewed safe prior accepted identity,curated-ontology-v3-review-fixes/eval-ontology-audit.json
corn starch,Corn starch,und,,corn-starch,exact_alias,135,retarget,D2,cornstarch,"{""variety"":""corn""}",operator-corrective-review-v2,full-ontology-resolution-v2,Explicitly reviewed safe prior accepted identity,curated-ontology-v3-review-fixes/eval-ontology-audit.json
cornstarch,Cornstarch,und,,cornstarch,exact_alias,124,retain,D1,cornstarch,{},operator-corrective-review-v2,full-ontology-resolution-v2,Explicitly reviewed safe prior accepted identity,curated-ontology-v3-review-fixes/eval-ontology-audit.json
courgette,courgette,en,,zucchini,exact_alias,116,retain,D1,zucchini,{},operator-corrective-review-v2,full-ontology-resolution-v2,Explicitly reviewed safe prior accepted identity,curated-ontology-v3-review-fixes/eval-ontology-audit.json
courgettes,courgettes,fr,fr,zucchini,exact_alias,196,retain,D1,zucchini,{},operator-corrective-review-v2,full-ontology-resolution-v2,Explicitly reviewed safe prior accepted identity,curated-ontology-v3-review-fixes/eval-ontology-audit.json
couscous,Couscous,und,,couscous,exact_alias,215,retain,D1,couscous,{},operator-corrective-review-v2,full-ontology-resolution-v2,Explicitly reviewed safe prior accepted identity,curated-ontology-v3-review-fixes/eval-ontology-audit.json
cream,Cream,und,,cream,exact_alias,79,retain,D1,cream,{},operator-corrective-review-v2,full-ontology-resolution-v2,Explicitly reviewed safe prior accepted identity,curated-ontology-v3-review-fixes/eval-ontology-audit.json
cream cheese,Cream cheese,und,,cream-cheese,exact_alias,465,retain,D1,cream-cheese,{},operator-corrective-review-v2,full-ontology-resolution-v2,Explicitly reviewed safe prior accepted identity,curated-ontology-v3-review-fixes/eval-ontology-audit.json
cucumber,Cucumber,und,,cucumber,exact_alias,187,retain,D1,cucumber,{},operator-corrective-review-v2,full-ontology-resolution-v2,Explicitly reviewed safe prior accepted identity,curated-ontology-v3-review-fixes/eval-ontology-audit.json
cukier puder,cukier puder,pl,pl,sugar,attribute_alias,2,retain,D2,sugar,"{""refinement"":""powdered""}",operator-corrective-review-v2,full-ontology-resolution-v2,Explicitly reviewed safe prior accepted identity,curated-ontology-v3-review-fixes/eval-ontology-audit.json
cumin seeds,cumin seeds,en,,cumin,attribute_alias,314,retain,D2,cumin,"{""form"":""whole""}",operator-corrective-review-v2,full-ontology-resolution-v2,Explicitly reviewed safe prior accepted identity,curated-ontology-v3-review-fixes/eval-ontology-audit.json
d eau,d eau,und,,water,exact_alias,2619,retain,D1,water,{},operator-corrective-review-v2,full-ontology-resolution-v2,Explicitly reviewed safe prior accepted identity,curated-ontology-v3-review-fixes/eval-ontology-audit.json
d huile,D'huile,fr,fr,oil,exact_alias,20,retain,D1,oil,{},operator-corrective-review-v2,full-ontology-resolution-v2,Explicitly reviewed safe prior accepted identity,curated-ontology-v3-review-fixes/eval-ontology-audit.json
d huile d olive,D'huile d'olive,fr,fr,oil,attribute_alias,1536,retain,D2,oil,"{""variety"":""olive""}",operator-corrective-review-v2,full-ontology-resolution-v2,Explicitly reviewed safe prior accepted identity,curated-ontology-v3-review-fixes/eval-ontology-audit.json
d oignon,d oignon,und,,onion,exact_alias,544,retain,D1,onion,{},operator-corrective-review-v2,full-ontology-resolution-v2,Explicitly reviewed safe prior accepted identity,curated-ontology-v3-review-fixes/eval-ontology-audit.json
d oignons,d oignons,und,,onion,exact_alias,424,retain,D1,onion,{},operator-corrective-review-v2,full-ontology-resolution-v2,Explicitly reviewed safe prior accepted identity,curated-ontology-v3-review-fixes/eval-ontology-audit.json
d olives,d olives,und,,olive,attribute_alias,3,retain,D1,olive,{},operator-corrective-review-v2,full-ontology-resolution-v2,Explicitly reviewed safe prior accepted identity,curated-ontology-v3-review-fixes/eval-ontology-audit.json
d orange,d orange,und,,orange,exact_alias,4,retain,D1,orange,{},operator-corrective-review-v2,full-ontology-resolution-v2,Explicitly reviewed safe prior accepted identity,curated-ontology-v3-review-fixes/eval-ontology-audit.json
d origan séché,d origan séché,und,,oregano,attribute_alias,31,retain,D1,oregano,{},operator-corrective-review-v2,full-ontology-resolution-v2,Explicitly reviewed safe prior accepted identity,curated-ontology-v3-review-fixes/eval-ontology-audit.json
d échalotes,d échalotes,und,,shallot,exact_alias,242,retain,D1,shallot,{},operator-corrective-review-v2,full-ontology-resolution-v2,Explicitly reviewed safe prior accepted identity,curated-ontology-v3-review-fixes/eval-ontology-audit.json
d œuf,d œuf,und,,egg,attribute_alias,3,retain,D1,egg,{},operator-corrective-review-v2,full-ontology-resolution-v2,Explicitly reviewed safe prior accepted identity,curated-ontology-v3-review-fixes/eval-ontology-audit.json
d œufs,d œufs,und,,egg,attribute_alias,3,retain,D1,egg,{},operator-corrective-review-v2,full-ontology-resolution-v2,Explicitly reviewed safe prior accepted identity,curated-ontology-v3-review-fixes/eval-ontology-audit.json
de aceite,de aceite,und,,oil,exact_alias,98,retain,D1,oil,{},operator-corrective-review-v2,full-ontology-resolution-v2,Explicitly reviewed safe prior accepted identity,curated-ontology-v3-review-fixes/eval-ontology-audit.json
de aceite de oliva,De aceite de oliva,es,es,oil,attribute_alias,650,retain,D2,oil,"{""variety"":""olive""}",operator-corrective-review-v2,full-ontology-resolution-v2,Explicitly reviewed safe prior accepted identity,curated-ontology-v3-review-fixes/eval-ontology-audit.json
de agua,De agua,es,es,water,exact_alias,1008,retain,D1,water,{},operator-corrective-review-v2,full-ontology-resolution-v2,Explicitly reviewed safe prior accepted identity,curated-ontology-v3-review-fixes/eval-ontology-audit.json
de azúcar,de azúcar,und,,sugar,exact_alias,576,retain,D1,sugar,{},operator-corrective-review-v2,full-ontology-resolution-v2,Explicitly reviewed safe prior accepted identity,curated-ontology-v3-review-fixes/eval-ontology-audit.json
de azúcar glas,de azúcar glas,und,,sugar,attribute_alias,60,retain,D1,sugar,{},operator-corrective-review-v2,full-ontology-resolution-v2,Explicitly reviewed safe prior accepted identity,curated-ontology-v3-review-fixes/eval-ontology-audit.json
de bacon,de bacon,und,,bacon,exact_alias,50,retain,D1,bacon,{},operator-corrective-review-v2,full-ontology-resolution-v2,Explicitly reviewed safe prior accepted identity,curated-ontology-v3-review-fixes/eval-ontology-audit.json
de baguette,de baguette,und,,baguette,exact_alias,9,retain,D1,baguette,{},operator-corrective-review-v2,full-ontology-resolution-v2,Explicitly reviewed safe prior accepted identity,curated-ontology-v3-review-fixes/eval-ontology-audit.json
de beurre,de beurre,fr,fr,butter,exact_alias,855,retain,D1,butter,{},operator-corrective-review-v2,full-ontology-resolution-v2,Explicitly reviewed safe prior accepted identity,curated-ontology-v3-review-fixes/eval-ontology-audit.json
de blueberry,de blueberry,und,,blueberry,exact_alias,2,retain,D1,blueberry,{},operator-corrective-review-v2,full-ontology-resolution-v2,Explicitly reviewed safe prior accepted identity,curated-ontology-v3-review-fixes/eval-ontology-audit.json
de brie,de brie,und,,brie,exact_alias,6,retain,D1,brie,{},operator-corrective-review-v2,full-ontology-resolution-v2,Explicitly reviewed safe prior accepted identity,curated-ontology-v3-review-fixes/eval-ontology-audit.json
de carottes,de carottes,und,,carrot,exact_alias,495,retain,D1,carrot,{},operator-corrective-review-v2,full-ontology-resolution-v2,Explicitly reviewed safe prior accepted identity,curated-ontology-v3-review-fixes/eval-ontology-audit.json
de cebolla,de cebolla,und,,onion,exact_alias,506,retain,D1,onion,{},operator-corrective-review-v2,full-ontology-resolution-v2,Explicitly reviewed safe prior accepted identity,curated-ontology-v3-review-fixes/eval-ontology-audit.json
de cilantro,de cilantro,und,,coriander,attribute_alias,23,retain,D1,coriander,{},operator-corrective-review-v2,full-ontology-resolution-v2,Explicitly reviewed safe prior accepted identity,curated-ontology-v3-review-fixes/eval-ontology-audit.json
de cilantro fresco,de cilantro fresco,und,,coriander,attribute_alias,54,retain,D1,coriander,{},operator-corrective-review-v2,full-ontology-resolution-v2,Explicitly reviewed safe prior accepted identity,curated-ontology-v3-review-fixes/eval-ontology-audit.json
de coriandre fraîche,de coriandre fraîche,fr,fr,coriander,attribute_alias,389,retain,D2,coriander,"{""state"":""fresh""}",operator-corrective-review-v2,full-ontology-resolution-v2,Explicitly reviewed safe prior accepted identity,curated-ontology-v3-review-fixes/eval-ontology-audit.json
de courgette,de courgette,und,,zucchini,exact_alias,109,retain,D1,zucchini,{},operator-corrective-review-v2,full-ontology-resolution-v2,Explicitly reviewed safe prior accepted identity,curated-ontology-v3-review-fixes/eval-ontology-audit.json
de courgettes,de courgettes,und,,zucchini,exact_alias,188,retain,D1,zucchini,{},operator-corrective-review-v2,full-ontology-resolution-v2,Explicitly reviewed safe prior accepted identity,curated-ontology-v3-review-fixes/eval-ontology-audit.json
de couscous,de couscous,und,,couscous,exact_alias,17,retain,D1,couscous,{},operator-corrective-review-v2,full-ontology-resolution-v2,Explicitly reviewed safe prior accepted identity,curated-ontology-v3-review-fixes/eval-ontology-audit.json
de dientes de ajo,de dientes de ajo,und,,garlic,attribute_alias,7,retain,D1,garlic,{},operator-corrective-review-v2,full-ontology-resolution-v2,Explicitly reviewed safe prior accepted identity,curated-ontology-v3-review-fixes/eval-ontology-audit.json
de farine,de farine,und,,flour,attribute_alias,190,retain,D1,flour,{},operator-corrective-review-v2,full-ontology-resolution-v2,Explicitly reviewed safe prior accepted identity,curated-ontology-v3-review-fixes/eval-ontology-audit.json
de farine de blé,de farine de blé,fr,fr,flour,attribute_alias,770,retain,D2,flour,"{""form"":""flour""}",operator-corrective-review-v2,full-ontology-resolution-v2,Explicitly reviewed safe prior accepted identity,curated-ontology-v3-review-fixes/eval-ontology-audit.json
de gousses d ail,de gousses d ail,und,,garlic,attribute_alias,13,retain,D1,garlic,{},operator-corrective-review-v2,full-ontology-resolution-v2,Explicitly reviewed safe prior accepted identity,curated-ontology-v3-review-fixes/eval-ontology-audit.json
de guacamole,de guacamole,und,,guacamole,exact_alias,1,retain,D1,guacamole,{},operator-corrective-review-v2,full-ontology-resolution-v2,Explicitly reviewed safe prior accepted identity,curated-ontology-v3-review-fixes/eval-ontology-audit.json
de harina,de harina,und,,flour,attribute_alias,154,retain,D1,flour,{},operator-corrective-review-v2,full-ontology-resolution-v2,Explicitly reviewed safe prior accepted identity,curated-ontology-v3-review-fixes/eval-ontology-audit.json
de harina de trigo,de harina de trigo,und,,flour,attribute_alias,142,retain,D1,flour,{},operator-corrective-review-v2,full-ontology-resolution-v2,Explicitly reviewed safe prior accepted identity,curated-ontology-v3-review-fixes/eval-ontology-audit.json
de huevos,de huevos,und,,egg,attribute_alias,1,retain,D1,egg,{},operator-corrective-review-v2,full-ontology-resolution-v2,Explicitly reviewed safe prior accepted identity,curated-ontology-v3-review-fixes/eval-ontology-audit.json
de jus de citron,de jus de citron,fr,fr,lemon-juice,exact_alias,353,retain,D1,lemon-juice,{},operator-corrective-review-v2,full-ontology-resolution-v2,Explicitly reviewed safe prior accepted identity,curated-ontology-v3-review-fixes/eval-ontology-audit.json
de ketchup,de ketchup,und,,ketchup,exact_alias,74,retain,D1,ketchup,{},operator-corrective-review-v2,full-ontology-resolution-v2,Explicitly reviewed safe prior accepted identity,curated-ontology-v3-review-fixes/eval-ontology-audit.json
de l eau,De l'eau,fr,fr,water,exact_alias,21,retain,D1,water,{},operator-corrective-review-v2,full-ontology-resolution-v2,Explicitly reviewed safe prior accepted identity,curated-ontology-v3-review-fixes/eval-ontology-audit.json
de l huile,de l huile,und,,oil,exact_alias,1,retain,D1,oil,{},operator-corrective-review-v2,full-ontology-resolution-v2,Explicitly reviewed safe prior accepted identity,curated-ontology-v3-review-fixes/eval-ontology-audit.json
de l huile d olive,de l huile d olive,und,,oil,attribute_alias,5,retain,D1,oil,{},operator-corrective-review-v2,full-ontology-resolution-v2,Explicitly reviewed safe prior accepted identity,curated-ontology-v3-review-fixes/eval-ontology-audit.json
de la baguette,de la baguette,und,,baguette,exact_alias,4,retain,D1,baguette,{},operator-corrective-review-v2,full-ontology-resolution-v2,Explicitly reviewed safe prior accepted identity,curated-ontology-v3-review-fixes/eval-ontology-audit.json
de la coriandre fraîche,de la coriandre fraîche,und,,coriander,attribute_alias,2,retain,D1,coriander,{},operator-corrective-review-v2,full-ontology-resolution-v2,Explicitly reviewed safe prior accepted identity,curated-ontology-v3-review-fixes/eval-ontology-audit.json
de lait,de lait,und,,milk,exact_alias,529,retain,D1,milk,{},operator-corrective-review-v2,full-ontology-resolution-v2,Explicitly reviewed safe prior accepted identity,curated-ontology-v3-review-fixes/eval-ontology-audit.json
de leche,de leche,und,,milk,exact_alias,243,retain,D1,milk,{},operator-corrective-review-v2,full-ontology-resolution-v2,Explicitly reviewed safe prior accepted identity,curated-ontology-v3-review-fixes/eval-ontology-audit.json
de levure boulangère fraîche,de levure boulangère fraîche,fr,fr,yeast,attribute_alias,227,retain,D2,yeast,"{""state"":""fresh""}",operator-corrective-review-v2,full-ontology-resolution-v2,Explicitly reviewed safe prior accepted identity,curated-ontology-v3-review-fixes/eval-ontology-audit.json
de levure chimique,de levure chimique,fr,fr,baking-powder,exact_alias,216,retain,D1,baking-powder,{},operator-corrective-review-v2,full-ontology-resolution-v2,Explicitly reviewed safe prior accepted identity,curated-ontology-v3-review-fixes/eval-ontology-audit.json
de lime,de lime,und,,lime,exact_alias,5,retain,D1,lime,{},operator-corrective-review-v2,full-ontology-resolution-v2,Explicitly reviewed safe prior accepted identity,curated-ontology-v3-review-fixes/eval-ontology-audit.json
de mango,de mango,und,,mango,exact_alias,10,retain,D1,mango,{},operator-corrective-review-v2,full-ontology-resolution-v2,Explicitly reviewed safe prior accepted identity,curated-ontology-v3-review-fixes/eval-ontology-audit.json
de mantequilla,de mantequilla,und,,butter,exact_alias,438,retain,D1,butter,{},operator-corrective-review-v2,full-ontology-resolution-v2,Explicitly reviewed safe prior accepted identity,curated-ontology-v3-review-fixes/eval-ontology-audit.json
de maple syrup,de maple syrup,und,,maple-syrup,exact_alias,4,retain,D1,maple-syrup,{},operator-corrective-review-v2,full-ontology-resolution-v2,Explicitly reviewed safe prior accepted identity,curated-ontology-v3-review-fixes/eval-ontology-audit.json
de mayonnaise,de mayonnaise,und,,mayonnaise,exact_alias,62,retain,D1,mayonnaise,{},operator-corrective-review-v2,full-ontology-resolution-v2,Explicitly reviewed safe prior accepted identity,curated-ontology-v3-review-fixes/eval-ontology-audit.json
de miel,de miel,fr,fr,honey,exact_alias,438,retain,D1,honey,{},operator-corrective-review-v2,full-ontology-resolution-v2,Explicitly reviewed safe prior accepted identity,curated-ontology-v3-review-fixes/eval-ontology-audit.json
de miso,de miso,und,,miso,exact_alias,2,retain,D1,miso,{},operator-corrective-review-v2,full-ontology-resolution-v2,Explicitly reviewed safe prior accepted identity,curated-ontology-v3-review-fixes/eval-ontology-audit.json
de mozzarella,de mozzarella,und,,mozzarella,exact_alias,130,retain,D1,mozzarella,{},operator-corrective-review-v2,full-ontology-resolution-v2,Explicitly reviewed safe prior accepted identity,curated-ontology-v3-review-fixes/eval-ontology-audit.json
de orégano seco,de orégano seco,und,,oregano,attribute_alias,125,retain,D1,oregano,{},operator-corrective-review-v2,full-ontology-resolution-v2,Explicitly reviewed safe prior accepted identity,curated-ontology-v3-review-fixes/eval-ontology-audit.json
de paprika,de paprika,und,,paprika,exact_alias,91,retain,D1,paprika,{},operator-corrective-review-v2,full-ontology-resolution-v2,Explicitly reviewed safe prior accepted identity,curated-ontology-v3-review-fixes/eval-ontology-audit.json
de parmesan,de parmesan,und,,parmesan,exact_alias,256,retain,D1,parmesan,{},operator-corrective-review-v2,full-ontology-resolution-v2,Explicitly reviewed safe prior accepted identity,curated-ontology-v3-review-fixes/eval-ontology-audit.json
de perejil fresco,de perejil fresco,und,,parsley,attribute_alias,133,retain,D1,parsley,{},operator-corrective-review-v2,full-ontology-resolution-v2,Explicitly reviewed safe prior accepted identity,curated-ontology-v3-review-fixes/eval-ontology-audit.json
de persil frais,de persil frais,fr,fr,parsley,attribute_alias,317,retain,D2,parsley,"{""state"":""fresh""}",operator-corrective-review-v2,full-ontology-resolution-v2,Explicitly reviewed safe prior accepted identity,curated-ontology-v3-review-fixes/eval-ontology-audit.json
de persil séché,de persil séché,und,,parsley,attribute_alias,3,retain,D1,parsley,{},operator-corrective-review-v2,full-ontology-resolution-v2,Explicitly reviewed safe prior accepted identity,curated-ontology-v3-review-fixes/eval-ontology-audit.json
de pimienta,de pimienta,und,,pepper,exact_alias,12,retarget,D1,piper-pepper,{},operator-corrective-review-v2,full-ontology-resolution-v2,Explicitly reviewed safe prior accepted identity,curated-ontology-v3-review-fixes/eval-ontology-audit.json
de pimienta blanca molida,de pimienta blanca molida,und,,pepper,attribute_alias,36,retarget,D1,piper-pepper,{},operator-corrective-review-v2,full-ontology-resolution-v2,Explicitly reviewed safe prior accepted identity,curated-ontology-v3-review-fixes/eval-ontology-audit.json
de pimienta negra molida,de pimienta negra molida,und,,pepper,attribute_alias,286,retarget,D1,piper-pepper,{},operator-corrective-review-v2,full-ontology-resolution-v2,Explicitly reviewed safe prior accepted identity,curated-ontology-v3-review-fixes/eval-ontology-audit.json
de poivre,de poivre,und,,pepper,exact_alias,19,retarget,D1,piper-pepper,{},operator-corrective-review-v2,full-ontology-resolution-v2,Explicitly reviewed safe prior accepted identity,curated-ontology-v3-review-fixes/eval-ontology-audit.json
de poivre blanc moulu,de poivre blanc moulu,und,,pepper,attribute_alias,137,retarget,D1,piper-pepper,{},operator-corrective-review-v2,full-ontology-resolution-v2,Explicitly reviewed safe prior accepted identity,curated-ontology-v3-review-fixes/eval-ontology-audit.json
de poivre moulu,De poivre moulu,fr,fr,pepper,attribute_alias,907,retarget,D2,piper-pepper,"{""form"":""ground""}",operator-corrective-review-v2,full-ontology-resolution-v2,Explicitly reviewed safe prior accepted identity,curated-ontology-v3-review-fixes/eval-ontology-audit.json
de poivre noir moulu,de poivre noir moulu,und,,pepper,attribute_alias,298,retarget,D1,piper-pepper,{},operator-corrective-review-v2,full-ontology-resolution-v2,Explicitly reviewed safe prior accepted identity,curated-ontology-v3-review-fixes/eval-ontology-audit.json
de pommes de terre,de pommes de terre,und,,potato,exact_alias,248,retain,D1,potato,{},operator-corrective-review-v2,full-ontology-resolution-v2,Explicitly reviewed safe prior accepted identity,curated-ontology-v3-review-fixes/eval-ontology-audit.json
de sal,De sal,es,es,salt,exact_alias,1223,retain,D1,salt,{},operator-corrective-review-v2,full-ontology-resolution-v2,Explicitly reviewed safe prior accepted identity,curated-ontology-v3-review-fixes/eval-ontology-audit.json
de sel,De sel,fr,fr,salt,exact_alias,2593,retain,D1,salt,{},operator-corrective-review-v2,full-ontology-resolution-v2,Explicitly reviewed safe prior accepted identity,curated-ontology-v3-review-fixes/eval-ontology-audit.json
de soda,de soda,und,,soda,exact_alias,16,retain,D1,soda,{},operator-corrective-review-v2,full-ontology-resolution-v2,Explicitly reviewed safe prior accepted identity,curated-ontology-v3-review-fixes/eval-ontology-audit.json
de sucre,de sucre,und,,sugar,exact_alias,357,retain,D1,sugar,{},operator-corrective-review-v2,full-ontology-resolution-v2,Explicitly reviewed safe prior accepted identity,curated-ontology-v3-review-fixes/eval-ontology-audit.json
de sucre en poudre,de sucre en poudre,fr,fr,sugar,attribute_alias,819,retain,D2,sugar,"{""refinement"":""granulated""}",operator-corrective-review-v2,full-ontology-resolution-v2,Explicitly reviewed safe prior accepted identity,curated-ontology-v3-review-fixes/eval-ontology-audit.json
de sucre glace,de sucre glace,fr,fr,sugar,attribute_alias,72,retain,D2,sugar,"{""refinement"":""powdered""}",operator-corrective-review-v2,full-ontology-resolution-v2,Explicitly reviewed safe prior accepted identity,curated-ontology-v3-review-fixes/eval-ontology-audit.json
de zucchini,de zucchini,und,,zucchini,exact_alias,3,retain,D1,zucchini,{},operator-corrective-review-v2,full-ontology-resolution-v2,Explicitly reviewed safe prior accepted identity,curated-ontology-v3-review-fixes/eval-ontology-audit.json
de zumo de limón,de zumo de limón,und,,lemon-juice,exact_alias,158,retain,D1,lemon-juice,{},operator-corrective-review-v2,full-ontology-resolution-v2,Explicitly reviewed safe prior accepted identity,curated-ontology-v3-review-fixes/eval-ontology-audit.json
dente de alho,dente de alho,pt,pt,garlic,attribute_alias,250,retain,D2,garlic,"{""form"":""clove""}",operator-corrective-review-v2,full-ontology-resolution-v2,Explicitly reviewed safe prior accepted identity,curated-ontology-v3-review-fixes/eval-ontology-audit.json
dentes de alho,dentes de alho,pt,pt,garlic,attribute_alias,548,retain,D2,garlic,"{""form"":""clove""}",operator-corrective-review-v2,full-ontology-resolution-v2,Explicitly reviewed safe prior accepted identity,curated-ontology-v3-review-fixes/eval-ontology-audit.json
di acqua,Di acqua,it,it,water,exact_alias,1144,retain,D1,water,{},operator-corrective-review-v2,full-ontology-resolution-v2,Explicitly reviewed safe prior accepted identity,curated-ontology-v3-review-fixes/eval-ontology-audit.json
di avocado,di avocado,und,,avocado,exact_alias,4,retain,D1,avocado,{},operator-corrective-review-v2,full-ontology-resolution-v2,Explicitly reviewed safe prior accepted identity,curated-ontology-v3-review-fixes/eval-ontology-audit.json
di baguette,di baguette,und,,baguette,exact_alias,1,retain,D1,baguette,{},operator-corrective-review-v2,full-ontology-resolution-v2,Explicitly reviewed safe prior accepted identity,curated-ontology-v3-review-fixes/eval-ontology-audit.json
di brie,di brie,und,,brie,exact_alias,1,retain,D1,brie,{},operator-corrective-review-v2,full-ontology-resolution-v2,Explicitly reviewed safe prior accepted identity,curated-ontology-v3-review-fixes/eval-ontology-audit.json
di burro,di burro,und,,butter,exact_alias,632,retain,D1,butter,{},operator-corrective-review-v2,full-ontology-resolution-v2,Explicitly reviewed safe prior accepted identity,curated-ontology-v3-review-fixes/eval-ontology-audit.json
di cipolla,di cipolla,und,,onion,exact_alias,287,retain,D1,onion,{},operator-corrective-review-v2,full-ontology-resolution-v2,Explicitly reviewed safe prior accepted identity,curated-ontology-v3-review-fixes/eval-ontology-audit.json
di couscous,di couscous,und,,couscous,exact_alias,7,retain,D1,couscous,{},operator-corrective-review-v2,full-ontology-resolution-v2,Explicitly reviewed safe prior accepted identity,curated-ontology-v3-review-fixes/eval-ontology-audit.json
di farina,di farina,und,,flour,attribute_alias,85,retain,D1,flour,{},operator-corrective-review-v2,full-ontology-resolution-v2,Explicitly reviewed safe prior accepted identity,curated-ontology-v3-review-fixes/eval-ontology-audit.json
di farina tipo 00,di farina tipo 00,it,it,flour,attribute_alias,358,retain,D2,flour,"{""form"":""flour"",""refinement"":""type_00""}",operator-corrective-review-v2,full-ontology-resolution-v2,Explicitly reviewed safe prior accepted identity,curated-ontology-v3-review-fixes/eval-ontology-audit.json
di ginger,di ginger,und,,ginger,exact_alias,1,retain,D1,ginger,{},operator-corrective-review-v2,full-ontology-resolution-v2,Explicitly reviewed safe prior accepted identity,curated-ontology-v3-review-fixes/eval-ontology-audit.json
di ketchup,di ketchup,und,,ketchup,exact_alias,35,retain,D1,ketchup,{},operator-corrective-review-v2,full-ontology-resolution-v2,Explicitly reviewed safe prior accepted identity,curated-ontology-v3-review-fixes/eval-ontology-audit.json
di latte,di latte,und,,milk,exact_alias,309,retain,D1,milk,{},operator-corrective-review-v2,full-ontology-resolution-v2,Explicitly reviewed safe prior accepted identity,curated-ontology-v3-review-fixes/eval-ontology-audit.json
di lievito di birra fresco,di lievito di birra fresco,und,,yeast,attribute_alias,222,retain,D1,yeast,{},operator-corrective-review-v2,full-ontology-resolution-v2,Explicitly reviewed safe prior accepted identity,curated-ontology-v3-review-fixes/eval-ontology-audit.json
di lime,di lime,und,,lime,exact_alias,5,retain,D1,lime,{},operator-corrective-review-v2,full-ontology-resolution-v2,Explicitly reviewed safe prior accepted identity,curated-ontology-v3-review-fixes/eval-ontology-audit.json
di mango,di mango,und,,mango,exact_alias,3,retain,D1,mango,{},operator-corrective-review-v2,full-ontology-resolution-v2,Explicitly reviewed safe prior accepted identity,curated-ontology-v3-review-fixes/eval-ontology-audit.json
di miso,di miso,und,,miso,exact_alias,6,retain,D1,miso,{},operator-corrective-review-v2,full-ontology-resolution-v2,Explicitly reviewed safe prior accepted identity,curated-ontology-v3-review-fixes/eval-ontology-audit.json
di mozzarella,di mozzarella,und,,mozzarella,exact_alias,85,retain,D1,mozzarella,{},operator-corrective-review-v2,full-ontology-resolution-v2,Explicitly reviewed safe prior accepted identity,curated-ontology-v3-review-fixes/eval-ontology-audit.json
di olio,di olio,und,,oil,exact_alias,5,retain,D1,oil,{},operator-corrective-review-v2,full-ontology-resolution-v2,Explicitly reviewed safe prior accepted identity,curated-ontology-v3-review-fixes/eval-ontology-audit.json
di olio d oliva,di olio d oliva,und,,oil,attribute_alias,3,retain,D1,oil,{},operator-corrective-review-v2,full-ontology-resolution-v2,Explicitly reviewed safe prior accepted identity,curated-ontology-v3-review-fixes/eval-ontology-audit.json
di olio extravergine di oliva,Di olio extravergine di oliva,it,it,oil,attribute_alias,533,retain,D2,oil,"{""variety"":""olive""}",operator-corrective-review-v2,full-ontology-resolution-v2,Explicitly reviewed safe prior accepted identity,curated-ontology-v3-review-fixes/eval-ontology-audit.json
di olive,di olive,und,,olive,exact_alias,6,retain,D1,olive,{},operator-corrective-review-v2,full-ontology-resolution-v2,Explicitly reviewed safe prior accepted identity,curated-ontology-v3-review-fixes/eval-ontology-audit.json
di origano secco,di origano secco,und,,oregano,attribute_alias,93,retain,D1,oregano,{},operator-corrective-review-v2,full-ontology-resolution-v2,Explicitly reviewed safe prior accepted identity,curated-ontology-v3-review-fixes/eval-ontology-audit.json
di pasta,di pasta,und,,pasta,exact_alias,10,retain,D1,pasta,{},operator-corrective-review-v2,full-ontology-resolution-v2,Explicitly reviewed safe prior accepted identity,curated-ontology-v3-review-fixes/eval-ontology-audit.json
di pepe,di pepe,und,,pepper,exact_alias,55,retarget,D1,piper-pepper,{},operator-corrective-review-v2,full-ontology-resolution-v2,Explicitly reviewed safe prior accepted identity,curated-ontology-v3-review-fixes/eval-ontology-audit.json
di pepe bianco macinato,di pepe bianco macinato,und,,pepper,attribute_alias,71,retarget,D1,piper-pepper,{},operator-corrective-review-v2,full-ontology-resolution-v2,Explicitly reviewed safe prior accepted identity,curated-ontology-v3-review-fixes/eval-ontology-audit.json
di pepe nero,di pepe nero,und,,pepper,attribute_alias,3,retarget,D1,piper-pepper,{},operator-corrective-review-v2,full-ontology-resolution-v2,Explicitly reviewed safe prior accepted identity,curated-ontology-v3-review-fixes/eval-ontology-audit.json
di pepe nero macinato,Di pepe nero macinato,it,it,pepper,attribute_alias,583,retarget,D2,piper-pepper,"{""form"":""ground"",""variety"":""black""}",operator-corrective-review-v2,full-ontology-resolution-v2,Explicitly reviewed safe prior accepted identity,curated-ontology-v3-review-fixes/eval-ontology-audit.json
di prezzemolo fresco,di prezzemolo fresco,und,,parsley,attribute_alias,157,retain,D1,parsley,{},operator-corrective-review-v2,full-ontology-resolution-v2,Explicitly reviewed safe prior accepted identity,curated-ontology-v3-review-fixes/eval-ontology-audit.json
di sale,Di sale,it,it,salt,exact_alias,1810,retain,D1,salt,{},operator-corrective-review-v2,full-ontology-resolution-v2,Explicitly reviewed safe prior accepted identity,curated-ontology-v3-review-fixes/eval-ontology-audit.json
di soda,di soda,und,,soda,exact_alias,4,retain,D1,soda,{},operator-corrective-review-v2,full-ontology-resolution-v2,Explicitly reviewed safe prior accepted identity,curated-ontology-v3-review-fixes/eval-ontology-audit.json
di spicchi di aglio,di spicchi di aglio,und,,garlic,attribute_alias,6,retain,D1,garlic,{},operator-corrective-review-v2,full-ontology-resolution-v2,Explicitly reviewed safe prior accepted identity,curated-ontology-v3-review-fixes/eval-ontology-audit.json
di spicchio di aglio,di spicchio di aglio,und,,garlic,attribute_alias,2,retain,D1,garlic,{},operator-corrective-review-v2,full-ontology-resolution-v2,Explicitly reviewed safe prior accepted identity,curated-ontology-v3-review-fixes/eval-ontology-audit.json
di succo di limone,di succo di limone,it,it,lemon-juice,exact_alias,260,retain,D1,lemon-juice,{},operator-corrective-review-v2,full-ontology-resolution-v2,Explicitly reviewed safe prior accepted identity,curated-ontology-v3-review-fixes/eval-ontology-audit.json
di tortilla chips,di tortilla chips,und,,tortilla-chips,exact_alias,2,retain,D1,tortilla-chips,{},operator-corrective-review-v2,full-ontology-resolution-v2,Explicitly reviewed safe prior accepted identity,curated-ontology-v3-review-fixes/eval-ontology-audit.json
di uova,di uova,und,,egg,attribute_alias,11,retain,D1,egg,{},operator-corrective-review-v2,full-ontology-resolution-v2,Explicitly reviewed safe prior accepted identity,curated-ontology-v3-review-fixes/eval-ontology-audit.json
di zucchero,di zucchero,und,,sugar,exact_alias,404,retain,D1,sugar,{},operator-corrective-review-v2,full-ontology-resolution-v2,Explicitly reviewed safe prior accepted identity,curated-ontology-v3-review-fixes/eval-ontology-audit.json
di zucchero a velo,di zucchero a velo,und,,sugar,attribute_alias,21,retain,D1,sugar,{},operator-corrective-review-v2,full-ontology-resolution-v2,Explicitly reviewed safe prior accepted identity,curated-ontology-v3-review-fixes/eval-ontology-audit.json
diente de ajo,diente de ajo,es,es,garlic,attribute_alias,358,retain,D2,garlic,"{""form"":""clove""}",operator-corrective-review-v2,full-ontology-resolution-v2,Explicitly reviewed safe prior accepted identity,curated-ontology-v3-review-fixes/eval-ontology-audit.json
dientes de ajo,dientes de ajo,es,es,garlic,attribute_alias,415,retain,D2,garlic,"{""form"":""clove""}",operator-corrective-review-v2,full-ontology-resolution-v2,Explicitly reviewed safe prior accepted identity,curated-ontology-v3-review-fixes/eval-ontology-audit.json
dijon mustard,Dijon mustard,und,,dijon-mustard,exact_alias,433,retain,D1,dijon-mustard,{},operator-corrective-review-v2,full-ontology-resolution-v2,Explicitly reviewed safe prior accepted identity,curated-ontology-v3-review-fixes/eval-ontology-audit.json
double cream,double cream,en,,cream,attribute_alias,312,retain,D2,cream,"{""cream_class"":""double""}",operator-corrective-review-v2,full-ontology-resolution-v2,Explicitly reviewed safe prior accepted identity,curated-ontology-v3-review-fixes/eval-ontology-audit.json
dried instant yeast,dried instant yeast,en,,yeast,attribute_alias,464,retain,D2,yeast,"{""processing"":""dried""}",operator-corrective-review-v2,full-ontology-resolution-v2,Explicitly reviewed safe prior accepted identity,curated-ontology-v3-review-fixes/eval-ontology-audit.json
dried oregano,dried oregano,en,,oregano,attribute_alias,447,retain,D2,oregano,"{""processing"":""dried""}",operator-corrective-review-v2,full-ontology-resolution-v2,Explicitly reviewed safe prior accepted identity,curated-ontology-v3-review-fixes/eval-ontology-audit.json
dried parsley,dried parsley,en,,parsley,attribute_alias,58,retain,D2,parsley,"{""processing"":""dried""}",operator-corrective-review-v2,full-ontology-resolution-v2,Explicitly reviewed safe prior accepted identity,curated-ontology-v3-review-fixes/eval-ontology-audit.json
dried ramen noodles,Dried Ramen Noodles,en,,noodle,attribute_alias,17,retain,D2,noodle,"{""form"":""noodle"",""processing"":""dried"",""variety"":""ramen""}",operator-corrective-review-v2,full-ontology-resolution-v2,Explicitly reviewed safe prior accepted identity,curated-ontology-v3-review-fixes/eval-ontology-audit.json
du beurre,du beurre,und,,butter,exact_alias,11,retain,D1,butter,{},operator-corrective-review-v2,full-ontology-resolution-v2,Explicitly reviewed safe prior accepted identity,curated-ontology-v3-review-fixes/eval-ontology-audit.json
du ketchup,du ketchup,und,,ketchup,exact_alias,1,retain,D1,ketchup,{},operator-corrective-review-v2,full-ontology-resolution-v2,Explicitly reviewed safe prior accepted identity,curated-ontology-v3-review-fixes/eval-ontology-audit.json
du paprika,du paprika,und,,paprika,exact_alias,1,retain,D1,paprika,{},operator-corrective-review-v2,full-ontology-resolution-v2,Explicitly reviewed safe prior accepted identity,curated-ontology-v3-review-fixes/eval-ontology-audit.json
du parmesan,du parmesan,und,,parmesan,exact_alias,1,retain,D1,parmesan,{},operator-corrective-review-v2,full-ontology-resolution-v2,Explicitly reviewed safe prior accepted identity,curated-ontology-v3-review-fixes/eval-ontology-audit.json
du persil frais,du persil frais,und,,parsley,attribute_alias,2,retain,D1,parsley,{},operator-corrective-review-v2,full-ontology-resolution-v2,Explicitly reviewed safe prior accepted identity,curated-ontology-v3-review-fixes/eval-ontology-audit.json
du poivre moulu,Du poivre moulu,fr,fr,pepper,attribute_alias,444,retarget,D2,piper-pepper,"{""form"":""ground""}",operator-corrective-review-v2,full-ontology-resolution-v2,Explicitly reviewed safe prior accepted identity,curated-ontology-v3-review-fixes/eval-ontology-audit.json
du poivre noir moulu,du poivre noir moulu,und,,pepper,attribute_alias,4,retarget,D1,piper-pepper,{},operator-corrective-review-v2,full-ontology-resolution-v2,Explicitly reviewed safe prior accepted identity,curated-ontology-v3-review-fixes/eval-ontology-audit.json
du sel,du sel,und,,salt,exact_alias,434,retain,D1,salt,{},operator-corrective-review-v2,full-ontology-resolution-v2,Explicitly reviewed safe prior accepted identity,curated-ontology-v3-review-fixes/eval-ontology-audit.json
du sucre glace,du sucre glace,und,,sugar,attribute_alias,5,retain,D1,sugar,{},operator-corrective-review-v2,full-ontology-resolution-v2,Explicitly reviewed safe prior accepted identity,curated-ontology-v3-review-fixes/eval-ontology-audit.json
duck,Duck,und,,duck,exact_alias,8,retain,D2,duck,"{""species"":""duck""}",operator-corrective-review-v2,full-ontology-resolution-v2,Explicitly reviewed safe prior accepted identity,curated-ontology-v3-review-fixes/eval-ontology-audit.json
eau,Eau,fr,fr,water,exact_alias,85,retain,D1,water,{},operator-corrective-review-v2,full-ontology-resolution-v2,Explicitly reviewed safe prior accepted identity,curated-ontology-v3-review-fixes/eval-ontology-audit.json
egg,egg,und,,egg,attribute_alias,597,retain,D2,egg,"{""egg_part"":""whole""}",operator-corrective-review-v2,full-ontology-resolution-v2,Explicitly reviewed safe prior accepted identity,curated-ontology-v3-review-fixes/eval-ontology-audit.json
egg noodles,Egg Noodles,en,,noodle,attribute_alias,1,retain,D2,noodle,"{""form"":""noodle"",""variety"":""egg""}",operator-corrective-review-v2,full-ontology-resolution-v2,Explicitly reviewed safe prior accepted identity,curated-ontology-v3-review-fixes/eval-ontology-audit.json
egg white,egg white,und,,egg-white,attribute_alias,126,retain,D2,egg-white,"{""egg_part"":""white""}",operator-corrective-review-v2,full-ontology-resolution-v2,Explicitly reviewed safe prior accepted identity,curated-ontology-v3-review-fixes/eval-ontology-audit.json
egg whites,Egg whites,und,,egg-white,attribute_alias,214,retain,D2,egg-white,"{""egg_part"":""white""}",operator-corrective-review-v2,full-ontology-resolution-v2,Explicitly reviewed safe prior accepted identity,curated-ontology-v3-review-fixes/eval-ontology-audit.json
egg yolk,egg yolk,und,,egg-yolk,attribute_alias,229,retain,D2,egg-yolk,"{""egg_part"":""yolk""}",operator-corrective-review-v2,full-ontology-resolution-v2,Explicitly reviewed safe prior accepted identity,curated-ontology-v3-review-fixes/eval-ontology-audit.json
egg yolks,egg yolks,en,,egg-yolk,attribute_alias,519,retain,D2,egg-yolk,"{""egg_part"":""yolk""}",operator-corrective-review-v2,full-ontology-resolution-v2,Explicitly reviewed safe prior accepted identity,curated-ontology-v3-review-fixes/eval-ontology-audit.json
eggs,Eggs,und,,egg,attribute_alias,1048,retain,D2,egg,"{""egg_part"":""whole""}",operator-corrective-review-v2,full-ontology-resolution-v2,Explicitly reviewed safe prior accepted identity,curated-ontology-v3-review-fixes/eval-ontology-audit.json
ei,Ei,de,de,egg,attribute_alias,561,retain,D2,egg,"{""egg_part"":""whole""}",operator-corrective-review-v2,full-ontology-resolution-v2,Explicitly reviewed safe prior accepted identity,curated-ontology-v3-review-fixes/eval-ontology-audit.json
eier,Eier,de,de,egg,attribute_alias,1154,retain,D2,egg,"{""egg_part"":""whole""}",operator-corrective-review-v2,full-ontology-resolution-v2,Explicitly reviewed safe prior accepted identity,curated-ontology-v3-review-fixes/eval-ontology-audit.json
eigelb,Eigelb,de,de,egg-yolk,attribute_alias,233,retain,D2,egg-yolk,"{""egg_part"":""yolk""}",operator-corrective-review-v2,full-ontology-resolution-v2,Explicitly reviewed safe prior accepted identity,curated-ontology-v3-review-fixes/eval-ontology-audit.json
evaporated milk,Evaporated milk,und,,evaporated-milk,exact_alias,50,retain,D1,evaporated-milk,{},operator-corrective-review-v2,full-ontology-resolution-v2,Explicitly reviewed safe prior accepted identity,curated-ontology-v3-review-fixes/eval-ontology-audit.json
extra virgin olive oil,Extra Virgin Olive Oil,en,,oil,attribute_alias,1810,retain,D2,oil,"{""variety"":""olive""}",operator-corrective-review-v2,full-ontology-resolution-v2,Explicitly reviewed safe prior accepted identity,curated-ontology-v3-review-fixes/eval-ontology-audit.json
farina,farina,it,it,flour,attribute_alias,43,retain,D2,flour,"{""form"":""flour""}",operator-corrective-review-v2,full-ontology-resolution-v2,Explicitly reviewed safe prior accepted identity,curated-ontology-v3-review-fixes/eval-ontology-audit.json
farina tipo 00,farina tipo 00,it,it,flour,attribute_alias,43,retain,D2,flour,"{""form"":""flour"",""refinement"":""type_00""}",operator-corrective-review-v2,full-ontology-resolution-v2,Explicitly reviewed safe prior accepted identity,curated-ontology-v3-review-fixes/eval-ontology-audit.json
farine,farine,fr,fr,flour,attribute_alias,14,retain,D2,flour,"{""form"":""flour""}",operator-corrective-review-v2,full-ontology-resolution-v2,Explicitly reviewed safe prior accepted identity,curated-ontology-v3-review-fixes/eval-ontology-audit.json
farine de blé,farine de blé,fr,fr,flour,attribute_alias,59,retain,D2,flour,"{""form"":""flour""}",operator-corrective-review-v2,full-ontology-resolution-v2,Explicitly reviewed safe prior accepted identity,curated-ontology-v3-review-fixes/eval-ontology-audit.json
farinha,farinha,pt,pt,flour,attribute_alias,267,retain,D2,flour,"{""form"":""flour""}",operator-corrective-review-v2,full-ontology-resolution-v2,Explicitly reviewed safe prior accepted identity,curated-ontology-v3-review-fixes/eval-ontology-audit.json
farinha de trigo,farinha de trigo,pt,pt,flour,attribute_alias,46,retain,D2,flour,"{""form"":""flour""}",operator-corrective-review-v2,full-ontology-resolution-v2,Explicitly reviewed safe prior accepted identity,curated-ontology-v3-review-fixes/eval-ontology-audit.json
farinha tipo 65,farinha tipo 65,pt,pt,flour,attribute_alias,195,retain,D2,flour,"{""form"":""flour"",""refinement"":""type_65""}",operator-corrective-review-v2,full-ontology-resolution-v2,Explicitly reviewed safe prior accepted identity,curated-ontology-v3-review-fixes/eval-ontology-audit.json
feta cheese,feta cheese,en,,feta,exact_alias,198,retain,D1,feta,{},operator-corrective-review-v2,full-ontology-resolution-v2,Explicitly reviewed safe prior accepted identity,curated-ontology-v3-review-fixes/eval-ontology-audit.json
fine sea salt,fine sea salt,en,,salt,exact_alias,2307,retain,D2,salt,"{""form"":""fine"",""salt_class"":""sea""}",operator-corrective-review-v2,full-ontology-resolution-v2,Explicitly reviewed safe prior accepted identity,curated-ontology-v3-review-fixes/eval-ontology-audit.json
fish sauce,Fish Sauce,und,,fish-sauce,exact_alias,246,retain,D1,fish-sauce,{},operator-corrective-review-v2,full-ontology-resolution-v2,Explicitly reviewed safe prior accepted identity,curated-ontology-v3-review-fixes/eval-ontology-audit.json
flour,Flour,und,,flour,exact_alias,98,retain,D1,flour,{},operator-corrective-review-v2,full-ontology-resolution-v2,Explicitly reviewed safe prior accepted identity,curated-ontology-v3-review-fixes/eval-ontology-audit.json
fresh basil,fresh basil,en,,basil,attribute_alias,234,retain,D2,basil,"{""state"":""fresh""}",operator-corrective-review-v2,full-ontology-resolution-v2,Explicitly reviewed safe prior accepted identity,curated-ontology-v3-review-fixes/eval-ontology-audit.json
fresh chives,fresh chives,en,,chives,attribute_alias,294,retain,D2,chives,"{""state"":""fresh""}",operator-corrective-review-v2,full-ontology-resolution-v2,Explicitly reviewed safe prior accepted identity,curated-ontology-v3-review-fixes/eval-ontology-audit.json
fresh coriander,fresh coriander,en,,coriander,attribute_alias,717,retain,D2,coriander,"{""state"":""fresh""}",operator-corrective-review-v2,full-ontology-resolution-v2,Explicitly reviewed safe prior accepted identity,curated-ontology-v3-review-fixes/eval-ontology-audit.json
fresh dill,fresh dill,en,,dill,attribute_alias,195,retain,D2,dill,"{""state"":""fresh""}",operator-corrective-review-v2,full-ontology-resolution-v2,Explicitly reviewed safe prior accepted identity,curated-ontology-v3-review-fixes/eval-ontology-audit.json
fresh flat leaf parsley,fresh flat leaf parsley,en,,parsley,attribute_alias,504,retain,D2,parsley,"{""state"":""fresh""}",operator-corrective-review-v2,full-ontology-resolution-v2,Explicitly reviewed safe prior accepted identity,curated-ontology-v3-review-fixes/eval-ontology-audit.json
fresh mint,fresh mint,en,,mint,attribute_alias,261,retain,D2,mint,"{""state"":""fresh""}",operator-corrective-review-v2,full-ontology-resolution-v2,Explicitly reviewed safe prior accepted identity,curated-ontology-v3-review-fixes/eval-ontology-audit.json
fresh parsley,fresh parsley,en,,parsley,attribute_alias,452,retain,D2,parsley,"{""state"":""fresh""}",operator-corrective-review-v2,full-ontology-resolution-v2,Explicitly reviewed safe prior accepted identity,curated-ontology-v3-review-fixes/eval-ontology-audit.json
fresh rosemary,fresh rosemary,en,,rosemary,attribute_alias,241,retain,D2,rosemary,"{""state"":""fresh""}",operator-corrective-review-v2,full-ontology-resolution-v2,Explicitly reviewed safe prior accepted identity,curated-ontology-v3-review-fixes/eval-ontology-audit.json
fresh thyme,fresh thyme,en,,thyme,attribute_alias,390,retain,D2,thyme,"{""state"":""fresh""}",operator-corrective-review-v2,full-ontology-resolution-v2,Explicitly reviewed safe prior accepted identity,curated-ontology-v3-review-fixes/eval-ontology-audit.json
freshly squeezed lemon juice,freshly squeezed lemon juice,en,,lemon-juice,exact_alias,427,retain,D1,lemon-juice,{},operator-corrective-review-v2,full-ontology-resolution-v2,Explicitly reviewed safe prior accepted identity,curated-ontology-v3-review-fixes/eval-ontology-audit.json
frische petersilie,frische Petersilie,de,de,parsley,attribute_alias,72,retain,D2,parsley,"{""state"":""fresh""}",operator-corrective-review-v2,full-ontology-resolution-v2,Explicitly reviewed safe prior accepted identity,curated-ontology-v3-review-fixes/eval-ontology-audit.json
frischer koriander,frischer Koriander,de,de,coriander,attribute_alias,22,retain,D2,coriander,"{""state"":""fresh""}",operator-corrective-review-v2,full-ontology-resolution-v2,Explicitly reviewed safe prior accepted identity,curated-ontology-v3-review-fixes/eval-ontology-audit.json
frischkäse,Frischkäse,de,de,cream-cheese,exact_alias,276,retain,D1,cream-cheese,{},operator-corrective-review-v2,full-ontology-resolution-v2,Explicitly reviewed safe prior accepted identity,curated-ontology-v3-review-fixes/eval-ontology-audit.json
fruit,Fruit,und,,fruit,exact_alias,15,demote,D9,,{},operator-corrective-review-v2,full-ontology-resolution-v2,Explicitly reviewed as ambiguous/contextual or identity-ineligible,curated-ontology-v3-review-fixes/eval-ontology-audit.json
frühlingszwiebeln,Frühlingszwiebeln,de,de,spring-onion,exact_alias,243,retain,D1,spring-onion,{},operator-corrective-review-v2,full-ontology-resolution-v2,Explicitly reviewed safe prior accepted identity,curated-ontology-v3-review-fixes/eval-ontology-audit.json
garlic,Garlic,und,,garlic,exact_alias,7,retain,D1,garlic,{},operator-corrective-review-v2,full-ontology-resolution-v2,Explicitly reviewed safe prior accepted identity,curated-ontology-v3-review-fixes/eval-ontology-audit.json
garlic clove,garlic clove,en,,garlic,attribute_alias,1455,retain,D2,garlic,"{""form"":""clove""}",operator-corrective-review-v2,full-ontology-resolution-v2,Explicitly reviewed safe prior accepted identity,curated-ontology-v3-review-fixes/eval-ontology-audit.json
garlic cloves,Garlic cloves,und,,garlic,attribute_alias,2946,retain,D2,garlic,"{""form"":""clove""}",operator-corrective-review-v2,full-ontology-resolution-v2,Explicitly reviewed safe prior accepted identity,curated-ontology-v3-review-fixes/eval-ontology-audit.json
garlic powder,Garlic Powder,en,,garlic,attribute_alias,276,retain,D2,garlic,"{""form"":""powder""}",operator-corrective-review-v2,full-ontology-resolution-v2,Explicitly reviewed safe prior accepted identity,curated-ontology-v3-review-fixes/eval-ontology-audit.json
gewürzpaste für gemüsebrühe selbst gemacht,Gewürzpaste für Gemüsebrühe selbst gemacht,de,de,stock-paste,attribute_alias,786,retain,D2,stock-paste,"{""variety"":""vegetable""}",operator-corrective-review-v2,full-ontology-resolution-v2,Explicitly reviewed safe prior accepted identity,curated-ontology-v3-review-fixes/eval-ontology-audit.json
ginger,Ginger,und,,ginger,exact_alias,61,retain,D1,ginger,{},operator-corrective-review-v2,full-ontology-resolution-v2,Explicitly reviewed safe prior accepted identity,curated-ontology-v3-review-fixes/eval-ontology-audit.json
gousse d ail,gousse d ail,fr,fr,garlic,attribute_alias,562,retain,D2,garlic,"{""form"":""clove""}",operator-corrective-review-v2,full-ontology-resolution-v2,Explicitly reviewed safe prior accepted identity,curated-ontology-v3-review-fixes/eval-ontology-audit.json
gousses d ail,gousses d ail,fr,fr,garlic,attribute_alias,609,retain,D2,garlic,"{""form"":""clove""}",operator-corrective-review-v2,full-ontology-resolution-v2,Explicitly reviewed safe prior accepted identity,curated-ontology-v3-review-fixes/eval-ontology-audit.json
green onion,Green onion,und,,spring-onion,attribute_alias,33,retain,D1,spring-onion,{},operator-corrective-review-v2,full-ontology-resolution-v2,Explicitly reviewed safe prior accepted identity,curated-ontology-v3-review-fixes/eval-ontology-audit.json
green onions,green onions,en,,spring-onion,exact_alias,143,retain,D1,spring-onion,{},operator-corrective-review-v2,full-ontology-resolution-v2,Explicitly reviewed safe prior accepted identity,curated-ontology-v3-review-fixes/eval-ontology-audit.json
grits,Grits,und,,grits,exact_alias,3,retain,D1,grits,{},operator-corrective-review-v2,full-ontology-resolution-v2,Explicitly reviewed safe prior accepted identity,curated-ontology-v3-review-fixes/eval-ontology-audit.json
ground black pepper,Ground Black Pepper,en,,pepper,attribute_alias,3552,retarget,D2,piper-pepper,"{""form"":""ground"",""variety"":""black""}",operator-corrective-review-v2,full-ontology-resolution-v2,Explicitly reviewed safe prior accepted identity,curated-ontology-v3-review-fixes/eval-ontology-audit.json
ground cinnamon,ground cinnamon,en,,cinnamon,attribute_alias,859,retain,D2,cinnamon,"{""form"":""ground""}",operator-corrective-review-v2,full-ontology-resolution-v2,Explicitly reviewed safe prior accepted identity,curated-ontology-v3-review-fixes/eval-ontology-audit.json
ground coriander,ground coriander,en,,coriander-seed,attribute_alias,261,retain,D2,coriander-seed,"{""form"":""ground""}",operator-corrective-review-v2,full-ontology-resolution-v2,Explicitly reviewed safe prior accepted identity,curated-ontology-v3-review-fixes/eval-ontology-audit.json
ground cumin,ground cumin,en,,cumin,attribute_alias,584,retain,D2,cumin,"{""form"":""ground""}",operator-corrective-review-v2,full-ontology-resolution-v2,Explicitly reviewed safe prior accepted identity,curated-ontology-v3-review-fixes/eval-ontology-audit.json
ground nutmeg,ground nutmeg,en,,nutmeg,attribute_alias,573,retain,D2,nutmeg,"{""form"":""ground""}",operator-corrective-review-v2,full-ontology-resolution-v2,Explicitly reviewed safe prior accepted identity,curated-ontology-v3-review-fixes/eval-ontology-audit.json
ground turmeric,ground turmeric,en,,turmeric,attribute_alias,437,retain,D2,turmeric,"{""form"":""ground""}",operator-corrective-review-v2,full-ontology-resolution-v2,Explicitly reviewed safe prior accepted identity,curated-ontology-v3-review-fixes/eval-ontology-audit.json
ground white pepper,Ground White Pepper,en,,pepper,attribute_alias,254,retarget,D2,piper-pepper,"{""form"":""ground"",""variety"":""white""}",operator-corrective-review-v2,full-ontology-resolution-v2,Explicitly reviewed safe prior accepted identity,curated-ontology-v3-review-fixes/eval-ontology-audit.json
guacamole,Guacamole,und,,guacamole,exact_alias,13,retain,D1,guacamole,{},operator-corrective-review-v2,full-ontology-resolution-v2,Explicitly reviewed safe prior accepted identity,curated-ontology-v3-review-fixes/eval-ontology-audit.json
half and half,Half and half,und,,half-and-half,exact_alias,10,retain,D2,half-and-half,"{""cream_class"":""half_and_half""}",operator-corrective-review-v2,full-ontology-resolution-v2,Explicitly reviewed safe prior accepted identity,curated-ontology-v3-review-fixes/eval-ontology-audit.json
harina,harina,es,es,flour,attribute_alias,8,retain,D2,flour,"{""form"":""flour""}",operator-corrective-review-v2,full-ontology-resolution-v2,Explicitly reviewed safe prior accepted identity,curated-ontology-v3-review-fixes/eval-ontology-audit.json
harina de trigo,harina de trigo,es,es,flour,attribute_alias,21,retain,D2,flour,"{""form"":""flour""}",operator-corrective-review-v2,full-ontology-resolution-v2,Explicitly reviewed safe prior accepted identity,curated-ontology-v3-review-fixes/eval-ontology-audit.json
heavy cream,Heavy cream,und,,heavy-cream,exact_alias,35,retarget,D2,cream,"{""fat_content"":""heavy""}",operator-corrective-review-v2,full-ontology-resolution-v2,Explicitly reviewed safe prior accepted identity,curated-ontology-v3-review-fixes/eval-ontology-audit.json
hefe,Hefe,de,de,yeast,exact_alias,259,retain,D1,yeast,{},operator-corrective-review-v2,full-ontology-resolution-v2,Explicitly reviewed safe prior accepted identity,curated-ontology-v3-review-fixes/eval-ontology-audit.json
herb,Herb,und,,herb,exact_alias,2,demote,D9,,{},operator-corrective-review-v2,full-ontology-resolution-v2,Explicitly reviewed as ambiguous/contextual or identity-ineligible,curated-ontology-v3-review-fixes/eval-ontology-audit.json
hoisin sauce,Hoisin sauce,und,,hoisin-sauce,exact_alias,46,retain,D1,hoisin-sauce,{},operator-corrective-review-v2,full-ontology-resolution-v2,Explicitly reviewed safe prior accepted identity,curated-ontology-v3-review-fixes/eval-ontology-audit.json
honey,Honey,und,,honey,exact_alias,944,retain,D1,honey,{},operator-corrective-review-v2,full-ontology-resolution-v2,Explicitly reviewed safe prior accepted identity,curated-ontology-v3-review-fixes/eval-ontology-audit.json
honig,Honig,de,de,honey,exact_alias,429,retain,D1,honey,{},operator-corrective-review-v2,full-ontology-resolution-v2,Explicitly reviewed safe prior accepted identity,curated-ontology-v3-review-fixes/eval-ontology-audit.json
huevos,huevos,es,es,egg,attribute_alias,297,retain,D2,egg,"{""egg_part"":""whole""}",operator-corrective-review-v2,full-ontology-resolution-v2,Explicitly reviewed safe prior accepted identity,curated-ontology-v3-review-fixes/eval-ontology-audit.json
huile,Huile,fr,fr,oil,exact_alias,10,retain,D1,oil,{},operator-corrective-review-v2,full-ontology-resolution-v2,Explicitly reviewed safe prior accepted identity,curated-ontology-v3-review-fixes/eval-ontology-audit.json
huile d olive,Huile d'olive,fr,fr,oil,attribute_alias,43,retain,D2,oil,"{""variety"":""olive""}",operator-corrective-review-v2,full-ontology-resolution-v2,Explicitly reviewed safe prior accepted identity,curated-ontology-v3-review-fixes/eval-ontology-audit.json
icing sugar,icing sugar,en,,sugar,attribute_alias,435,retain,D2,sugar,"{""refinement"":""powdered""}",operator-corrective-review-v2,full-ontology-resolution-v2,Explicitly reviewed safe prior accepted identity,curated-ontology-v3-review-fixes/eval-ontology-audit.json
jalapeño pepper,jalapeño pepper,und,,jalapeno-pepper,exact_alias,42,retain,D2,jalapeno-pepper,"{""variety"":""jalapeno""}",operator-corrective-review-v2,full-ontology-resolution-v2,Explicitly reviewed safe prior accepted identity,curated-ontology-v3-review-fixes/eval-ontology-audit.json
jasmine rice,Jasmine rice,und,,jasmine-rice,exact_alias,82,retarget,D2,rice,"{""variety"":""jasmine""}",operator-corrective-review-v2,full-ontology-resolution-v2,Explicitly reviewed safe prior accepted identity,curated-ontology-v3-review-fixes/eval-ontology-audit.json
jus de citron,jus de citron,fr,fr,lemon-juice,exact_alias,47,retain,D1,lemon-juice,{},operator-corrective-review-v2,full-ontology-resolution-v2,Explicitly reviewed safe prior accepted identity,curated-ontology-v3-review-fixes/eval-ontology-audit.json
kakao,Kakao,de,de,cocoa-powder,exact_alias,209,retain,D1,cocoa-powder,{},operator-corrective-review-v2,full-ontology-resolution-v2,Explicitly reviewed safe prior accepted identity,curated-ontology-v3-review-fixes/eval-ontology-audit.json
kartoffeln,Kartoffeln,de,de,potato,exact_alias,207,retain,D1,potato,{},operator-corrective-review-v2,full-ontology-resolution-v2,Explicitly reviewed safe prior accepted identity,curated-ontology-v3-review-fixes/eval-ontology-audit.json
ketchup,Ketchup,und,,ketchup,exact_alias,399,retain,D1,ketchup,{},operator-corrective-review-v2,full-ontology-resolution-v2,Explicitly reviewed safe prior accepted identity,curated-ontology-v3-review-fixes/eval-ontology-audit.json
knoblauchzehe,Knoblauchzehe,de,de,garlic,attribute_alias,927,retain,D2,garlic,"{""form"":""clove""}",operator-corrective-review-v2,full-ontology-resolution-v2,Explicitly reviewed safe prior accepted identity,curated-ontology-v3-review-fixes/eval-ontology-audit.json
knoblauchzehen,Knoblauchzehen,de,de,garlic,attribute_alias,823,retain,D2,garlic,"{""form"":""clove""}",operator-corrective-review-v2,full-ontology-resolution-v2,Explicitly reviewed safe prior accepted identity,curated-ontology-v3-review-fixes/eval-ontology-audit.json
koriander,Koriander,de,de,coriander,exact_alias,282,retain,D1,coriander,{},operator-corrective-review-v2,full-ontology-resolution-v2,Explicitly reviewed safe prior accepted identity,curated-ontology-v3-review-fixes/eval-ontology-audit.json
lait,lait,fr,fr,milk,exact_alias,1,retain,D1,milk,{},operator-corrective-review-v2,full-ontology-resolution-v2,Explicitly reviewed safe prior accepted identity,curated-ontology-v3-review-fixes/eval-ontology-audit.json
large eggs,large eggs,en,,egg,attribute_alias,734,retain,D2,egg,"{""egg_part"":""whole"",""size"":""large""}",operator-corrective-review-v2,full-ontology-resolution-v2,Explicitly reviewed safe prior accepted identity,curated-ontology-v3-review-fixes/eval-ontology-audit.json
latte,latte,it,it,milk,exact_alias,8,retain,D1,milk,{},operator-corrective-review-v2,full-ontology-resolution-v2,Explicitly reviewed safe prior accepted identity,curated-ontology-v3-review-fixes/eval-ontology-audit.json
leche,leche,es,es,milk,exact_alias,3,retain,D1,milk,{},operator-corrective-review-v2,full-ontology-resolution-v2,Explicitly reviewed safe prior accepted identity,curated-ontology-v3-review-fixes/eval-ontology-audit.json
legume,Legume,und,,legume,exact_alias,7,demote,D9,,{},operator-corrective-review-v2,full-ontology-resolution-v2,Explicitly reviewed as ambiguous/contextual or identity-ineligible,curated-ontology-v3-review-fixes/eval-ontology-audit.json
legumes,Legumes,und,,legume,attribute_alias,10,demote,D9,,{},operator-corrective-review-v2,full-ontology-resolution-v2,Explicitly reviewed as ambiguous/contextual or identity-ineligible,curated-ontology-v3-review-fixes/eval-ontology-audit.json
leite,leite,pt,pt,milk,exact_alias,292,retain,D1,milk,{},operator-corrective-review-v2,full-ontology-resolution-v2,Explicitly reviewed safe prior accepted identity,curated-ontology-v3-review-fixes/eval-ontology-audit.json
lemon,Lemon,und,,lemon,exact_alias,919,retain,D1,lemon,{},operator-corrective-review-v2,full-ontology-resolution-v2,Explicitly reviewed safe prior accepted identity,curated-ontology-v3-review-fixes/eval-ontology-audit.json
lemon juice,Lemon Juice,und,,lemon-juice,exact_alias,1386,retain,D1,lemon-juice,{},operator-corrective-review-v2,full-ontology-resolution-v2,Explicitly reviewed safe prior accepted identity,curated-ontology-v3-review-fixes/eval-ontology-audit.json
lemons,lemons,en,,lemon,exact_alias,185,retain,D1,lemon,{},operator-corrective-review-v2,full-ontology-resolution-v2,Explicitly reviewed safe prior accepted identity,curated-ontology-v3-review-fixes/eval-ontology-audit.json
levure boulangère fraîche,levure boulangère fraîche,fr,fr,yeast,attribute_alias,1,retain,D2,yeast,"{""state"":""fresh""}",operator-corrective-review-v2,full-ontology-resolution-v2,Explicitly reviewed safe prior accepted identity,curated-ontology-v3-review-fixes/eval-ontology-audit.json
levure chimique,levure chimique,fr,fr,baking-powder,exact_alias,1,retain,D1,baking-powder,{},operator-corrective-review-v2,full-ontology-resolution-v2,Explicitly reviewed safe prior accepted identity,curated-ontology-v3-review-fixes/eval-ontology-audit.json
lievito di birra fresco,lievito di birra fresco,it,it,yeast,attribute_alias,4,retain,D2,yeast,"{""state"":""fresh""}",operator-corrective-review-v2,full-ontology-resolution-v2,Explicitly reviewed safe prior accepted identity,curated-ontology-v3-review-fixes/eval-ontology-audit.json
lime,Lime,und,,lime,exact_alias,406,retain,D1,lime,{},operator-corrective-review-v2,full-ontology-resolution-v2,Explicitly reviewed safe prior accepted identity,curated-ontology-v3-review-fixes/eval-ontology-audit.json
lime juice,Lime Juice,und,,lime-juice,exact_alias,370,retain,D1,lime-juice,{},operator-corrective-review-v2,full-ontology-resolution-v2,Explicitly reviewed safe prior accepted identity,curated-ontology-v3-review-fixes/eval-ontology-audit.json
mandeln,Mandeln,de,de,almond,exact_alias,229,retain,D1,almond,{},operator-corrective-review-v2,full-ontology-resolution-v2,Explicitly reviewed safe prior accepted identity,curated-ontology-v3-review-fixes/eval-ontology-audit.json
mango,Mango,und,,mango,exact_alias,68,retain,D1,mango,{},operator-corrective-review-v2,full-ontology-resolution-v2,Explicitly reviewed safe prior accepted identity,curated-ontology-v3-review-fixes/eval-ontology-audit.json
manteiga,manteiga,pt,pt,butter,exact_alias,526,retain,D1,butter,{},operator-corrective-review-v2,full-ontology-resolution-v2,Explicitly reviewed safe prior accepted identity,curated-ontology-v3-review-fixes/eval-ontology-audit.json
mantequilla,mantequilla,es,es,butter,exact_alias,13,retain,D1,butter,{},operator-corrective-review-v2,full-ontology-resolution-v2,Explicitly reviewed safe prior accepted identity,curated-ontology-v3-review-fixes/eval-ontology-audit.json
maple syrup,Maple syrup,und,,maple-syrup,exact_alias,249,retain,D1,maple-syrup,{},operator-corrective-review-v2,full-ontology-resolution-v2,Explicitly reviewed safe prior accepted identity,curated-ontology-v3-review-fixes/eval-ontology-audit.json
marinara sauce,Marinara sauce,und,,marinara-sauce,exact_alias,2,retain,D1,marinara-sauce,{},operator-corrective-review-v2,full-ontology-resolution-v2,Explicitly reviewed safe prior accepted identity,curated-ontology-v3-review-fixes/eval-ontology-audit.json
mayonnaise,Mayonnaise,und,,mayonnaise,exact_alias,381,retain,D1,mayonnaise,{},operator-corrective-review-v2,full-ontology-resolution-v2,Explicitly reviewed safe prior accepted identity,curated-ontology-v3-review-fixes/eval-ontology-audit.json
meat,Meat,und,,meat,exact_alias,2,demote,D9,,{},operator-corrective-review-v2,full-ontology-resolution-v2,Explicitly reviewed as ambiguous/contextual or identity-ineligible,curated-ontology-v3-review-fixes/eval-ontology-audit.json
mehl,Mehl,de,de,flour,attribute_alias,1230,retain,D2,flour,"{""form"":""flour""}",operator-corrective-review-v2,full-ontology-resolution-v2,Explicitly reviewed safe prior accepted identity,curated-ontology-v3-review-fixes/eval-ontology-audit.json
miel,miel,fr,fr,honey,exact_alias,16,retain,D1,honey,{},operator-corrective-review-v2,full-ontology-resolution-v2,Explicitly reviewed safe prior accepted identity,curated-ontology-v3-review-fixes/eval-ontology-audit.json
milch,Milch,de,de,milk,exact_alias,1105,retain,D1,milk,{},operator-corrective-review-v2,full-ontology-resolution-v2,Explicitly reviewed safe prior accepted identity,curated-ontology-v3-review-fixes/eval-ontology-audit.json
milk,Milk,und,,milk,exact_alias,1059,retain,D1,milk,{},operator-corrective-review-v2,full-ontology-resolution-v2,Explicitly reviewed safe prior accepted identity,curated-ontology-v3-review-fixes/eval-ontology-audit.json
miso,Miso,und,,miso,exact_alias,9,retain,D1,miso,{},operator-corrective-review-v2,full-ontology-resolution-v2,Explicitly reviewed safe prior accepted identity,curated-ontology-v3-review-fixes/eval-ontology-audit.json
molasses,Molasses,und,,molasses,exact_alias,42,retain,D1,molasses,{},operator-corrective-review-v2,full-ontology-resolution-v2,Explicitly reviewed safe prior accepted identity,curated-ontology-v3-review-fixes/eval-ontology-audit.json
mozzarella,Mozzarella,und,,mozzarella,exact_alias,562,retain,D1,mozzarella,{},operator-corrective-review-v2,full-ontology-resolution-v2,Explicitly reviewed safe prior accepted identity,curated-ontology-v3-review-fixes/eval-ontology-audit.json
muskat,Muskat,de,de,nutmeg,exact_alias,329,retain,D1,nutmeg,{},operator-corrective-review-v2,full-ontology-resolution-v2,Explicitly reviewed safe prior accepted identity,curated-ontology-v3-review-fixes/eval-ontology-audit.json
mustard,Mustard,und,,mustard,exact_alias,151,retain,D1,mustard,{},operator-corrective-review-v2,full-ontology-resolution-v2,Explicitly reviewed safe prior accepted identity,curated-ontology-v3-review-fixes/eval-ontology-audit.json
möhren,Möhren,de,de,carrot,exact_alias,377,retain,D1,carrot,{},operator-corrective-review-v2,full-ontology-resolution-v2,Explicitly reviewed safe prior accepted identity,curated-ontology-v3-review-fixes/eval-ontology-audit.json
mąka pszenna,mąka pszenna,pl,pl,flour,attribute_alias,30,retain,D2,flour,"{""form"":""flour""}",operator-corrective-review-v2,full-ontology-resolution-v2,Explicitly reviewed safe prior accepted identity,curated-ontology-v3-review-fixes/eval-ontology-audit.json
nachos,Nachos,und,,nachos,exact_alias,4,retain,D1,nachos,{},operator-corrective-review-v2,full-ontology-resolution-v2,Explicitly reviewed safe prior accepted identity,curated-ontology-v3-review-fixes/eval-ontology-audit.json
natural vanilla extract,natural vanilla extract,en,,vanilla-extract,exact_alias,598,retain,D1,vanilla-extract,{},operator-corrective-review-v2,full-ontology-resolution-v2,Explicitly reviewed safe prior accepted identity,curated-ontology-v3-review-fixes/eval-ontology-audit.json
noodles,Noodles,und,,noodle,attribute_alias,1,retain,D2,noodle,"{""form"":""noodle""}",operator-corrective-review-v2,full-ontology-resolution-v2,Explicitly reviewed safe prior accepted identity,curated-ontology-v3-review-fixes/eval-ontology-audit.json
nut butter,Nut butter,und,,nut-butter,exact_alias,11,retain,D1,nut-butter,{},operator-corrective-review-v2,full-ontology-resolution-v2,Explicitly reviewed safe prior accepted identity,curated-ontology-v3-review-fixes/eval-ontology-audit.json
nuts,Nuts,und,,nuts,exact_alias,14,demote,D9,,{},operator-corrective-review-v2,full-ontology-resolution-v2,Explicitly reviewed as ambiguous/contextual or identity-ineligible,curated-ontology-v3-review-fixes/eval-ontology-audit.json
oignon,oignon,fr,fr,onion,exact_alias,150,retain,D1,onion,{},operator-corrective-review-v2,full-ontology-resolution-v2,Explicitly reviewed safe prior accepted identity,curated-ontology-v3-review-fixes/eval-ontology-audit.json
oignons,oignons,fr,fr,onion,exact_alias,40,retain,D1,onion,{},operator-corrective-review-v2,full-ontology-resolution-v2,Explicitly reviewed safe prior accepted identity,curated-ontology-v3-review-fixes/eval-ontology-audit.json
oil,Oil,und,,oil,exact_alias,568,retain,D1,oil,{},operator-corrective-review-v2,full-ontology-resolution-v2,Explicitly reviewed safe prior accepted identity,curated-ontology-v3-review-fixes/eval-ontology-audit.json
olej,Olej,pl,pl,oil,exact_alias,44,retain,D1,oil,{},operator-corrective-review-v2,full-ontology-resolution-v2,Explicitly reviewed safe prior accepted identity,curated-ontology-v3-review-fixes/eval-ontology-audit.json
olio,Olio,it,it,oil,exact_alias,5,retain,D1,oil,{},operator-corrective-review-v2,full-ontology-resolution-v2,Explicitly reviewed safe prior accepted identity,curated-ontology-v3-review-fixes/eval-ontology-audit.json
olio extravergine di oliva,Olio extravergine di oliva,it,it,oil,attribute_alias,634,retain,D2,oil,"{""variety"":""olive""}",operator-corrective-review-v2,full-ontology-resolution-v2,Explicitly reviewed safe prior accepted identity,curated-ontology-v3-review-fixes/eval-ontology-audit.json
olive,Olive,und,,olive,exact_alias,5,retain,D1,olive,{},operator-corrective-review-v2,full-ontology-resolution-v2,Explicitly reviewed safe prior accepted identity,curated-ontology-v3-review-fixes/eval-ontology-audit.json
olive oil,Olive Oil,en,,oil,attribute_alias,2332,retain,D2,oil,"{""variety"":""olive""}",operator-corrective-review-v2,full-ontology-resolution-v2,Explicitly reviewed safe prior accepted identity,curated-ontology-v3-review-fixes/eval-ontology-audit.json
olivenöl,Olivenöl,de,de,oil,attribute_alias,1162,retain,D2,oil,"{""variety"":""olive""}",operator-corrective-review-v2,full-ontology-resolution-v2,Explicitly reviewed safe prior accepted identity,curated-ontology-v3-review-fixes/eval-ontology-audit.json
olives,Olives,und,,olive,attribute_alias,16,retain,D1,olive,{},operator-corrective-review-v2,full-ontology-resolution-v2,Explicitly reviewed safe prior accepted identity,curated-ontology-v3-review-fixes/eval-ontology-audit.json
oliwa z oliwek,Oliwa z oliwek,pl,pl,oil,attribute_alias,29,retain,D2,oil,"{""variety"":""olive""}",operator-corrective-review-v2,full-ontology-resolution-v2,Explicitly reviewed safe prior accepted identity,curated-ontology-v3-review-fixes/eval-ontology-audit.json
oliwy z oliwek,Oliwy z oliwek,pl,pl,oil,attribute_alias,269,retain,D2,oil,"{""variety"":""olive""}",operator-corrective-review-v2,full-ontology-resolution-v2,Explicitly reviewed safe prior accepted identity,curated-ontology-v3-review-fixes/eval-ontology-audit.json
onion,Onion,und,,onion,exact_alias,426,retain,D1,onion,{},operator-corrective-review-v2,full-ontology-resolution-v2,Explicitly reviewed safe prior accepted identity,curated-ontology-v3-review-fixes/eval-ontology-audit.json
onion powder,Onion Powder,en,,onion,attribute_alias,122,retain,D2,onion,"{""form"":""powder""}",operator-corrective-review-v2,full-ontology-resolution-v2,Explicitly reviewed safe prior accepted identity,curated-ontology-v3-review-fixes/eval-ontology-audit.json
onions,onions,en,,onion,exact_alias,1069,retain,D1,onion,{},operator-corrective-review-v2,full-ontology-resolution-v2,Explicitly reviewed safe prior accepted identity,curated-ontology-v3-review-fixes/eval-ontology-audit.json
orange,Orange,und,,orange,exact_alias,386,retain,D1,orange,{},operator-corrective-review-v2,full-ontology-resolution-v2,Explicitly reviewed safe prior accepted identity,curated-ontology-v3-review-fixes/eval-ontology-audit.json
oregano,Oregano,und,,oregano,exact_alias,55,retain,D1,oregano,{},operator-corrective-review-v2,full-ontology-resolution-v2,Explicitly reviewed safe prior accepted identity,curated-ontology-v3-review-fixes/eval-ontology-audit.json
oregano getrocknet,Oregano getrocknet,de,de,oregano,attribute_alias,197,retain,D2,oregano,"{""processing"":""dried""}",operator-corrective-review-v2,full-ontology-resolution-v2,Explicitly reviewed safe prior accepted identity,curated-ontology-v3-review-fixes/eval-ontology-audit.json
origan séché,origan séché,fr,fr,oregano,attribute_alias,2,retain,D2,oregano,"{""processing"":""dried""}",operator-corrective-review-v2,full-ontology-resolution-v2,Explicitly reviewed safe prior accepted identity,curated-ontology-v3-review-fixes/eval-ontology-audit.json
origano secco,origano secco,it,it,oregano,attribute_alias,6,retain,D2,oregano,"{""processing"":""dried""}",operator-corrective-review-v2,full-ontology-resolution-v2,Explicitly reviewed safe prior accepted identity,curated-ontology-v3-review-fixes/eval-ontology-audit.json
orégano seco,orégano seco,es,es,oregano,attribute_alias,13,retain,D2,oregano,"{""processing"":""dried""}",operator-corrective-review-v2,full-ontology-resolution-v2,Explicitly reviewed safe prior accepted identity,curated-ontology-v3-review-fixes/eval-ontology-audit.json
ovos,ovos,pt,pt,egg,attribute_alias,409,retain,D2,egg,"{""egg_part"":""whole""}",operator-corrective-review-v2,full-ontology-resolution-v2,Explicitly reviewed safe prior accepted identity,curated-ontology-v3-review-fixes/eval-ontology-audit.json
oyster sauce,Oyster sauce,und,,oyster-sauce,exact_alias,153,retain,D1,oyster-sauce,{},operator-corrective-review-v2,full-ontology-resolution-v2,Explicitly reviewed safe prior accepted identity,curated-ontology-v3-review-fixes/eval-ontology-audit.json
paprika,Paprika,und,,paprika,exact_alias,433,retain,D1,paprika,{},operator-corrective-review-v2,full-ontology-resolution-v2,Explicitly reviewed safe prior accepted identity,curated-ontology-v3-review-fixes/eval-ontology-audit.json
paprika edelsüß,Paprika edelsüß,de,de,paprika,exact_alias,303,retain,D1,paprika,{},operator-corrective-review-v2,full-ontology-resolution-v2,Explicitly reviewed safe prior accepted identity,curated-ontology-v3-review-fixes/eval-ontology-audit.json
parmesan,Parmesan,und,,parmesan,exact_alias,404,retain,D1,parmesan,{},operator-corrective-review-v2,full-ontology-resolution-v2,Explicitly reviewed safe prior accepted identity,curated-ontology-v3-review-fixes/eval-ontology-audit.json
parmesan cheese,parmesan cheese,en,,parmesan,exact_alias,853,retain,D1,parmesan,{},operator-corrective-review-v2,full-ontology-resolution-v2,Explicitly reviewed safe prior accepted identity,curated-ontology-v3-review-fixes/eval-ontology-audit.json
parsley,Parsley,und,,parsley,exact_alias,60,retain,D1,parsley,{},operator-corrective-review-v2,full-ontology-resolution-v2,Explicitly reviewed safe prior accepted identity,curated-ontology-v3-review-fixes/eval-ontology-audit.json
pasta,Pasta,und,,pasta,exact_alias,11,retain,D1,pasta,{},operator-corrective-review-v2,full-ontology-resolution-v2,Explicitly reviewed safe prior accepted identity,curated-ontology-v3-review-fixes/eval-ontology-audit.json
peanut butter,Peanut butter,und,,peanut-butter,exact_alias,67,retain,D1,peanut-butter,{},operator-corrective-review-v2,full-ontology-resolution-v2,Explicitly reviewed safe prior accepted identity,curated-ontology-v3-review-fixes/eval-ontology-audit.json
peanuts,Peanuts,und,,peanut,attribute_alias,9,retain,D1,peanut,{},operator-corrective-review-v2,full-ontology-resolution-v2,Explicitly reviewed safe prior accepted identity,curated-ontology-v3-review-fixes/eval-ontology-audit.json
pear,Pear,und,,pear,exact_alias,51,retain,D1,pear,{},operator-corrective-review-v2,full-ontology-resolution-v2,Explicitly reviewed safe prior accepted identity,curated-ontology-v3-review-fixes/eval-ontology-audit.json
pepe,pepe,it,it,pepper,exact_alias,1,retarget,D1,piper-pepper,{},operator-corrective-review-v2,full-ontology-resolution-v2,Explicitly reviewed safe prior accepted identity,curated-ontology-v3-review-fixes/eval-ontology-audit.json
pepe bianco macinato,Pepe bianco macinato,it,it,pepper,attribute_alias,1,retarget,D2,piper-pepper,"{""form"":""ground"",""variety"":""white""}",operator-corrective-review-v2,full-ontology-resolution-v2,Explicitly reviewed safe prior accepted identity,curated-ontology-v3-review-fixes/eval-ontology-audit.json
pepe nero macinato,Pepe nero macinato,it,it,pepper,attribute_alias,15,retarget,D2,piper-pepper,"{""form"":""ground"",""variety"":""black""}",operator-corrective-review-v2,full-ontology-resolution-v2,Explicitly reviewed safe prior accepted identity,curated-ontology-v3-review-fixes/eval-ontology-audit.json
pepper,pepper,und,,pepper,exact_alias,7,demote,D4,,{},operator-corrective-review-v2,full-ontology-resolution-v2,Explicitly reviewed as ambiguous/contextual or identity-ineligible,curated-ontology-v3-review-fixes/eval-ontology-audit.json
pepper jack cheese,Pepper jack cheese,und,,pepper-jack-cheese,exact_alias,9,retain,D1,pepper-jack-cheese,{},operator-corrective-review-v2,full-ontology-resolution-v2,Explicitly reviewed safe prior accepted identity,curated-ontology-v3-review-fixes/eval-ontology-audit.json
perejil fresco,perejil fresco,es,es,parsley,attribute_alias,75,retain,D2,parsley,"{""state"":""fresh""}",operator-corrective-review-v2,full-ontology-resolution-v2,Explicitly reviewed safe prior accepted identity,curated-ontology-v3-review-fixes/eval-ontology-audit.json
persil frais,persil frais,fr,fr,parsley,attribute_alias,25,retain,D2,parsley,"{""state"":""fresh""}",operator-corrective-review-v2,full-ontology-resolution-v2,Explicitly reviewed safe prior accepted identity,curated-ontology-v3-review-fixes/eval-ontology-audit.json
petersilie,Petersilie,de,de,parsley,exact_alias,443,retain,D1,parsley,{},operator-corrective-review-v2,full-ontology-resolution-v2,Explicitly reviewed safe prior accepted identity,curated-ontology-v3-review-fixes/eval-ontology-audit.json
pfeffer,pfeffer,de,de,pepper,exact_alias,1833,retarget,D1,piper-pepper,{},operator-corrective-review-v2,full-ontology-resolution-v2,Explicitly reviewed safe prior accepted identity,curated-ontology-v3-review-fixes/eval-ontology-audit.json
pickled peppers,Pickled peppers,und,,pickled-peppers,exact_alias,2,retain,D2,pickled-peppers,"{""processing"":""pickled""}",operator-corrective-review-v2,full-ontology-resolution-v2,Explicitly reviewed safe prior accepted identity,curated-ontology-v3-review-fixes/eval-ontology-audit.json
pickles,Pickles,und,,pickles,exact_alias,22,retain,D1,pickles,{},operator-corrective-review-v2,full-ontology-resolution-v2,Explicitly reviewed safe prior accepted identity,curated-ontology-v3-review-fixes/eval-ontology-audit.json
pimenta,pimenta,pt,pt,pepper,exact_alias,803,retarget,D1,piper-pepper,{},operator-corrective-review-v2,full-ontology-resolution-v2,Explicitly reviewed safe prior accepted identity,curated-ontology-v3-review-fixes/eval-ontology-audit.json
pimenta preta moída,Pimenta preta moída,pt,pt,pepper,attribute_alias,3,retarget,D2,piper-pepper,"{""form"":""ground"",""variety"":""black""}",operator-corrective-review-v2,full-ontology-resolution-v2,Explicitly reviewed safe prior accepted identity,curated-ontology-v3-review-fixes/eval-ontology-audit.json
pimienta negra molida,Pimienta negra molida,es,es,pepper,attribute_alias,24,retarget,D2,piper-pepper,"{""form"":""ground"",""variety"":""black""}",operator-corrective-review-v2,full-ontology-resolution-v2,Explicitly reviewed safe prior accepted identity,curated-ontology-v3-review-fixes/eval-ontology-audit.json
pineapple,Pineapple,und,,pineapple,exact_alias,19,retain,D1,pineapple,{},operator-corrective-review-v2,full-ontology-resolution-v2,Explicitly reviewed safe prior accepted identity,curated-ontology-v3-review-fixes/eval-ontology-audit.json
plain flour,plain flour,en,,flour,attribute_alias,1451,retain,D2,flour,"{""form"":""flour"",""refinement"":""plain""}",operator-corrective-review-v2,full-ontology-resolution-v2,Explicitly reviewed safe prior accepted identity,curated-ontology-v3-review-fixes/eval-ontology-audit.json
plant based milk,Plant-based milk,und,,plant-based-milk,exact_alias,24,retain,D1,plant-based-milk,{},operator-corrective-review-v2,full-ontology-resolution-v2,Explicitly reviewed safe prior accepted identity,curated-ontology-v3-review-fixes/eval-ontology-audit.json
poivre blanc moulu,Poivre blanc moulu,fr,fr,pepper,attribute_alias,4,retarget,D2,piper-pepper,"{""form"":""ground"",""variety"":""white""}",operator-corrective-review-v2,full-ontology-resolution-v2,Explicitly reviewed safe prior accepted identity,curated-ontology-v3-review-fixes/eval-ontology-audit.json
poivre moulu,Poivre moulu,fr,fr,pepper,attribute_alias,165,retarget,D2,piper-pepper,"{""form"":""ground""}",operator-corrective-review-v2,full-ontology-resolution-v2,Explicitly reviewed safe prior accepted identity,curated-ontology-v3-review-fixes/eval-ontology-audit.json
poivre noir moulu,Poivre noir moulu,fr,fr,pepper,attribute_alias,23,retarget,D2,piper-pepper,"{""form"":""ground"",""variety"":""black""}",operator-corrective-review-v2,full-ontology-resolution-v2,Explicitly reviewed safe prior accepted identity,curated-ontology-v3-review-fixes/eval-ontology-audit.json
pommes de terre,pommes de terre,fr,fr,potato,exact_alias,8,retain,D1,potato,{},operator-corrective-review-v2,full-ontology-resolution-v2,Explicitly reviewed safe prior accepted identity,curated-ontology-v3-review-fixes/eval-ontology-audit.json
pork,Pork,und,,pork,exact_alias,6,retain,D2,pork,"{""species"":""pork""}",operator-corrective-review-v2,full-ontology-resolution-v2,Explicitly reviewed safe prior accepted identity,curated-ontology-v3-review-fixes/eval-ontology-audit.json
potato,Potato,und,,potato,exact_alias,53,retain,D1,potato,{},operator-corrective-review-v2,full-ontology-resolution-v2,Explicitly reviewed safe prior accepted identity,curated-ontology-v3-review-fixes/eval-ontology-audit.json
potatoes,potatoes,en,,potato,exact_alias,377,retain,D1,potato,{},operator-corrective-review-v2,full-ontology-resolution-v2,Explicitly reviewed safe prior accepted identity,curated-ontology-v3-review-fixes/eval-ontology-audit.json
pouring whipping cream,pouring whipping cream,en,,cream,attribute_alias,414,retain,D2,cream,"{""cream_class"":""whipping""}",operator-corrective-review-v2,full-ontology-resolution-v2,Explicitly reviewed safe prior accepted identity,curated-ontology-v3-review-fixes/eval-ontology-audit.json
powdered sugar,Powdered Sugar,en,,sugar,attribute_alias,22,retain,D2,sugar,"{""refinement"":""powdered""}",operator-corrective-review-v2,full-ontology-resolution-v2,Explicitly reviewed safe prior accepted identity,curated-ontology-v3-review-fixes/eval-ontology-audit.json
prezzemolo fresco,prezzemolo fresco,it,it,parsley,attribute_alias,5,retain,D2,parsley,"{""state"":""fresh""}",operator-corrective-review-v2,full-ontology-resolution-v2,Explicitly reviewed safe prior accepted identity,curated-ontology-v3-review-fixes/eval-ontology-audit.json
puderzucker,Puderzucker,de,de,sugar,attribute_alias,216,retain,D2,sugar,"{""refinement"":""powdered""}",operator-corrective-review-v2,full-ontology-resolution-v2,Explicitly reviewed safe prior accepted identity,curated-ontology-v3-review-fixes/eval-ontology-audit.json
queijo parmesão,queijo parmesão,pt,pt,parmesan,exact_alias,199,retain,D1,parmesan,{},operator-corrective-review-v2,full-ontology-resolution-v2,Explicitly reviewed safe prior accepted identity,curated-ontology-v3-review-fixes/eval-ontology-audit.json
ramen noodles,Ramen Noodles,en,,noodle,attribute_alias,1,retain,D2,noodle,"{""form"":""noodle"",""variety"":""ramen""}",operator-corrective-review-v2,full-ontology-resolution-v2,Explicitly reviewed safe prior accepted identity,curated-ontology-v3-review-fixes/eval-ontology-audit.json
ranch dressing,Ranch Dressing,und,,ranch-dressing,exact_alias,2,retain,D1,ranch-dressing,{},operator-corrective-review-v2,full-ontology-resolution-v2,Explicitly reviewed safe prior accepted identity,curated-ontology-v3-review-fixes/eval-ontology-audit.json
red onion,red onion,en,,onion,attribute_alias,435,retain,D2,onion,"{""variety"":""red""}",operator-corrective-review-v2,full-ontology-resolution-v2,Explicitly reviewed safe prior accepted identity,curated-ontology-v3-review-fixes/eval-ontology-audit.json
red onions,red onions,en,,onion,attribute_alias,302,retain,D2,onion,"{""variety"":""red""}",operator-corrective-review-v2,full-ontology-resolution-v2,Explicitly reviewed safe prior accepted identity,curated-ontology-v3-review-fixes/eval-ontology-audit.json
red wine vinegar,Red Wine Vinegar,en,,vinegar,attribute_alias,162,retain,D2,vinegar,"{""variety"":""red_wine""}",operator-corrective-review-v2,full-ontology-resolution-v2,Explicitly reviewed safe prior accepted identity,curated-ontology-v3-review-fixes/eval-ontology-audit.json
rice,Rice,und,,rice,exact_alias,55,retain,D1,rice,{},operator-corrective-review-v2,full-ontology-resolution-v2,Explicitly reviewed safe prior accepted identity,curated-ontology-v3-review-fixes/eval-ontology-audit.json
rice noodles,Rice Noodles,en,,noodle,attribute_alias,2,retain,D2,noodle,"{""form"":""noodle"",""variety"":""rice""}",operator-corrective-review-v2,full-ontology-resolution-v2,Explicitly reviewed safe prior accepted identity,curated-ontology-v3-review-fixes/eval-ontology-audit.json
rice vinegar,Rice Vinegar,en,,vinegar,attribute_alias,118,retain,D2,vinegar,"{""variety"":""rice""}",operator-corrective-review-v2,full-ontology-resolution-v2,Explicitly reviewed safe prior accepted identity,curated-ontology-v3-review-fixes/eval-ontology-audit.json
sahne,Sahne,de,de,cream,exact_alias,560,retain,D1,cream,{},operator-corrective-review-v2,full-ontology-resolution-v2,Explicitly reviewed safe prior accepted identity,curated-ontology-v3-review-fixes/eval-ontology-audit.json
sal,Sal,und,,salt,exact_alias,1772,retain,D1,salt,{},operator-corrective-review-v2,full-ontology-resolution-v2,Explicitly reviewed safe prior accepted identity,curated-ontology-v3-review-fixes/eval-ontology-audit.json
salad,Salad,und,,salad,exact_alias,9,demote,D9,,{},operator-corrective-review-v2,full-ontology-resolution-v2,Explicitly reviewed as ambiguous/contextual or identity-ineligible,curated-ontology-v3-review-fixes/eval-ontology-audit.json
sale,Sale,it,it,salt,exact_alias,32,retain,D1,salt,{},operator-corrective-review-v2,full-ontology-resolution-v2,Explicitly reviewed safe prior accepted identity,curated-ontology-v3-review-fixes/eval-ontology-audit.json
salsa fresca,salsa fresca,pt,pt,parsley,attribute_alias,3,retain,D2,parsley,"{""state"":""fresh""}",operator-corrective-review-v2,full-ontology-resolution-v2,Explicitly reviewed safe prior accepted identity,curated-ontology-v3-review-fixes/eval-ontology-audit.json
salt,Salt,und,,salt,exact_alias,5056,retain,D1,salt,{},operator-corrective-review-v2,full-ontology-resolution-v2,Explicitly reviewed safe prior accepted identity,curated-ontology-v3-review-fixes/eval-ontology-audit.json
salted butter,salted butter,en,,butter,attribute_alias,257,retain,D2,butter,"{""saltedness"":""salted""}",operator-corrective-review-v2,full-ontology-resolution-v2,Explicitly reviewed safe prior accepted identity,curated-ontology-v3-review-fixes/eval-ontology-audit.json
salz,Salz,de,de,salt,exact_alias,4287,retain,D1,salt,{},operator-corrective-review-v2,full-ontology-resolution-v2,Explicitly reviewed safe prior accepted identity,curated-ontology-v3-review-fixes/eval-ontology-audit.json
sare,Sare,ro,ro,salt,exact_alias,281,retain,D1,salt,{},operator-corrective-review-v2,full-ontology-resolution-v2,Explicitly reviewed safe prior accepted identity,curated-ontology-v3-review-fixes/eval-ontology-audit.json
schalotten,Schalotten,de,de,shallot,exact_alias,219,retain,D1,shallot,{},operator-corrective-review-v2,full-ontology-resolution-v2,Explicitly reviewed safe prior accepted identity,curated-ontology-v3-review-fixes/eval-ontology-audit.json
schwarzer pfeffer,Schwarzer Pfeffer,de,de,pepper,attribute_alias,3,retarget,D2,piper-pepper,"{""variety"":""black""}",operator-corrective-review-v2,full-ontology-resolution-v2,Explicitly reviewed safe prior accepted identity,curated-ontology-v3-review-fixes/eval-ontology-audit.json
sea salt,sea salt,en,,salt,exact_alias,1339,retain,D2,salt,"{""salt_class"":""sea""}",operator-corrective-review-v2,full-ontology-resolution-v2,Explicitly reviewed safe prior accepted identity,curated-ontology-v3-review-fixes/eval-ontology-audit.json
sel,Sel,fr,fr,salt,exact_alias,168,retain,D1,salt,{},operator-corrective-review-v2,full-ontology-resolution-v2,Explicitly reviewed safe prior accepted identity,curated-ontology-v3-review-fixes/eval-ontology-audit.json
self raising flour,self raising flour,en,,flour,attribute_alias,267,retain,D2,flour,"{""form"":""flour"",""refinement"":""self_raising""}",operator-corrective-review-v2,full-ontology-resolution-v2,Explicitly reviewed safe prior accepted identity,curated-ontology-v3-review-fixes/eval-ontology-audit.json
senf,Senf,de,de,mustard,exact_alias,294,retain,D1,mustard,{},operator-corrective-review-v2,full-ontology-resolution-v2,Explicitly reviewed safe prior accepted identity,curated-ontology-v3-review-fixes/eval-ontology-audit.json
sesame oil,Sesame oil,und,,oil,attribute_alias,439,retain,D2,oil,"{""variety"":""sesame""}",operator-corrective-review-v2,full-ontology-resolution-v2,Explicitly reviewed safe prior accepted identity,curated-ontology-v3-review-fixes/eval-ontology-audit.json
sesame seeds,sesame seeds,en,,sesame-seeds,exact_alias,339,retarget,D1,sesame-seed,{},operator-corrective-review-v2,full-ontology-resolution-v2,Explicitly reviewed safe prior accepted identity,curated-ontology-v3-review-fixes/eval-ontology-audit.json
shallot,Shallot,und,,shallot,exact_alias,112,retain,D1,shallot,{},operator-corrective-review-v2,full-ontology-resolution-v2,Explicitly reviewed safe prior accepted identity,curated-ontology-v3-review-fixes/eval-ontology-audit.json
shallots,shallots,en,,shallot,exact_alias,411,retain,D1,shallot,{},operator-corrective-review-v2,full-ontology-resolution-v2,Explicitly reviewed safe prior accepted identity,curated-ontology-v3-review-fixes/eval-ontology-audit.json
shellfish,Shellfish,und,,shellfish,exact_alias,1,retain,D1,shellfish,{},operator-corrective-review-v2,full-ontology-resolution-v2,Explicitly reviewed safe prior accepted identity,curated-ontology-v3-review-fixes/eval-ontology-audit.json
shredded mozzarella,Shredded Mozzarella,en,,mozzarella,attribute_alias,2,retain,D2,mozzarella,"{""form"":""shredded""}",operator-corrective-review-v2,full-ontology-resolution-v2,Explicitly reviewed safe prior accepted identity,curated-ontology-v3-review-fixes/eval-ontology-audit.json
smoked paprika,smoked paprika,en,,paprika,attribute_alias,195,retain,D2,paprika,"{""processing"":""smoked""}",operator-corrective-review-v2,full-ontology-resolution-v2,Explicitly reviewed safe prior accepted identity,curated-ontology-v3-review-fixes/eval-ontology-audit.json
soda,Soda,und,,soda,exact_alias,18,retain,D1,soda,{},operator-corrective-review-v2,full-ontology-resolution-v2,Explicitly reviewed safe prior accepted identity,curated-ontology-v3-review-fixes/eval-ontology-audit.json
sojasauce,Sojasauce,de,de,soy-sauce,exact_alias,258,retain,D1,soy-sauce,{},operator-corrective-review-v2,full-ontology-resolution-v2,Explicitly reviewed safe prior accepted identity,curated-ontology-v3-review-fixes/eval-ontology-audit.json
soli,Soli,pl,pl,salt,exact_alias,830,retain,D1,salt,{},operator-corrective-review-v2,full-ontology-resolution-v2,Explicitly reviewed safe prior accepted identity,curated-ontology-v3-review-fixes/eval-ontology-audit.json
sour cream,Sour cream,und,,sour-cream,exact_alias,275,retain,D2,sour-cream,"{""cream_class"":""sour""}",operator-corrective-review-v2,full-ontology-resolution-v2,Explicitly reviewed safe prior accepted identity,curated-ontology-v3-review-fixes/eval-ontology-audit.json
soy sauce,Soy sauce,und,,soy-sauce,exact_alias,539,retain,D1,soy-sauce,{},operator-corrective-review-v2,full-ontology-resolution-v2,Explicitly reviewed safe prior accepted identity,curated-ontology-v3-review-fixes/eval-ontology-audit.json
spicchi di aglio,spicchi di aglio,it,it,garlic,attribute_alias,266,retain,D2,garlic,"{""form"":""clove""}",operator-corrective-review-v2,full-ontology-resolution-v2,Explicitly reviewed safe prior accepted identity,curated-ontology-v3-review-fixes/eval-ontology-audit.json
spicchio di aglio,spicchio di aglio,it,it,garlic,attribute_alias,512,retain,D2,garlic,"{""form"":""clove""}",operator-corrective-review-v2,full-ontology-resolution-v2,Explicitly reviewed safe prior accepted identity,curated-ontology-v3-review-fixes/eval-ontology-audit.json
spicy brown mustard,Spicy brown mustard,und,,spicy-brown-mustard,exact_alias,1,retain,D1,spicy-brown-mustard,{},operator-corrective-review-v2,full-ontology-resolution-v2,Explicitly reviewed safe prior accepted identity,curated-ontology-v3-review-fixes/eval-ontology-audit.json
spinach,Spinach,und,,spinach,exact_alias,3,retain,D1,spinach,{},operator-corrective-review-v2,full-ontology-resolution-v2,Explicitly reviewed safe prior accepted identity,curated-ontology-v3-review-fixes/eval-ontology-audit.json
spring onion,Spring Onion,und,,spring-onion,exact_alias,93,retain,D1,spring-onion,{},operator-corrective-review-v2,full-ontology-resolution-v2,Explicitly reviewed safe prior accepted identity,curated-ontology-v3-review-fixes/eval-ontology-audit.json
spring onions,spring onions,en,,spring-onion,exact_alias,278,retain,D1,spring-onion,{},operator-corrective-review-v2,full-ontology-resolution-v2,Explicitly reviewed safe prior accepted identity,curated-ontology-v3-review-fixes/eval-ontology-audit.json
starch,Starch,und,,starch,exact_alias,3,retain,D1,starch,{},operator-corrective-review-v2,full-ontology-resolution-v2,Explicitly reviewed safe prior accepted identity,curated-ontology-v3-review-fixes/eval-ontology-audit.json
succo di limone,succo di limone,it,it,lemon-juice,exact_alias,5,retain,D1,lemon-juice,{},operator-corrective-review-v2,full-ontology-resolution-v2,Explicitly reviewed safe prior accepted identity,curated-ontology-v3-review-fixes/eval-ontology-audit.json
sucre,sucre,fr,fr,sugar,exact_alias,1,retain,D1,sugar,{},operator-corrective-review-v2,full-ontology-resolution-v2,Explicitly reviewed safe prior accepted identity,curated-ontology-v3-review-fixes/eval-ontology-audit.json
sucre en poudre,sucre en poudre,fr,fr,sugar,attribute_alias,7,retain,D2,sugar,"{""refinement"":""granulated""}",operator-corrective-review-v2,full-ontology-resolution-v2,Explicitly reviewed safe prior accepted identity,curated-ontology-v3-review-fixes/eval-ontology-audit.json
sucre glace,sucre glace,fr,fr,sugar,attribute_alias,9,retain,D2,sugar,"{""refinement"":""powdered""}",operator-corrective-review-v2,full-ontology-resolution-v2,Explicitly reviewed safe prior accepted identity,curated-ontology-v3-review-fixes/eval-ontology-audit.json
sugar,Sugar,und,,sugar,exact_alias,2280,retain,D1,sugar,{},operator-corrective-review-v2,full-ontology-resolution-v2,Explicitly reviewed safe prior accepted identity,curated-ontology-v3-review-fixes/eval-ontology-audit.json
sumo de limão,sumo de limão,pt,pt,lemon-juice,exact_alias,286,retain,D1,lemon-juice,{},operator-corrective-review-v2,full-ontology-resolution-v2,Explicitly reviewed safe prior accepted identity,curated-ontology-v3-review-fixes/eval-ontology-audit.json
sun dried tomatoes,Sun-dried tomatoes,und,,sun-dried-tomatoes,exact_alias,78,retarget,D2,tomato,"{""processing"":""dried""}",operator-corrective-review-v2,full-ontology-resolution-v2,Explicitly reviewed safe prior accepted identity,curated-ontology-v3-review-fixes/eval-ontology-audit.json
sweet paprika,sweet paprika,en,,paprika,exact_alias,198,retain,D1,paprika,{},operator-corrective-review-v2,full-ontology-resolution-v2,Explicitly reviewed safe prior accepted identity,curated-ontology-v3-review-fixes/eval-ontology-audit.json
sweetener,Sweetener,und,,sweetener,exact_alias,1,demote,D9,,{},operator-corrective-review-v2,full-ontology-resolution-v2,Explicitly reviewed as ambiguous/contextual or identity-ineligible,curated-ontology-v3-review-fixes/eval-ontology-audit.json
swiss cheese,Swiss cheese,und,,swiss-cheese,exact_alias,12,retain,D1,swiss-cheese,{},operator-corrective-review-v2,full-ontology-resolution-v2,Explicitly reviewed safe prior accepted identity,curated-ontology-v3-review-fixes/eval-ontology-audit.json
sól,Sól,pl,pl,salt,exact_alias,22,retain,D1,salt,{},operator-corrective-review-v2,full-ontology-resolution-v2,Explicitly reviewed safe prior accepted identity,curated-ontology-v3-review-fixes/eval-ontology-audit.json
tacos,Tacos,und,,tacos,exact_alias,1,retain,D1,tacos,{},operator-corrective-review-v2,full-ontology-resolution-v2,Explicitly reviewed safe prior accepted identity,curated-ontology-v3-review-fixes/eval-ontology-audit.json
thyme,Thyme,und,,thyme,exact_alias,19,retain,D1,thyme,{},operator-corrective-review-v2,full-ontology-resolution-v2,Explicitly reviewed safe prior accepted identity,curated-ontology-v3-review-fixes/eval-ontology-audit.json
tomatenmark,Tomatenmark,de,de,tomato-paste,exact_alias,443,retain,D1,tomato-paste,{},operator-corrective-review-v2,full-ontology-resolution-v2,Explicitly reviewed safe prior accepted identity,curated-ontology-v3-review-fixes/eval-ontology-audit.json
tomato,Tomato,und,,tomato,exact_alias,78,retain,D1,tomato,{},operator-corrective-review-v2,full-ontology-resolution-v2,Explicitly reviewed safe prior accepted identity,curated-ontology-v3-review-fixes/eval-ontology-audit.json
tomato paste,tomato paste,und,,tomato-paste,attribute_alias,391,retain,D2,tomato-paste,"{""form"":""paste"",""variety"":""tomato""}",operator-corrective-review-v2,full-ontology-resolution-v2,Explicitly reviewed safe prior accepted identity,curated-ontology-v3-review-fixes/eval-ontology-audit.json
tomato sauce,Tomato sauce,und,,tomato-sauce,exact_alias,78,retain,D2,tomato-sauce,"{""variety"":""tomato""}",operator-corrective-review-v2,full-ontology-resolution-v2,Explicitly reviewed safe prior accepted identity,curated-ontology-v3-review-fixes/eval-ontology-audit.json
tomatoes,tomatoes,en,,tomato,exact_alias,310,retain,D1,tomato,{},operator-corrective-review-v2,full-ontology-resolution-v2,Explicitly reviewed safe prior accepted identity,curated-ontology-v3-review-fixes/eval-ontology-audit.json
tortilla chips,Tortilla chips,und,,tortilla-chips,exact_alias,59,retain,D1,tortilla-chips,{},operator-corrective-review-v2,full-ontology-resolution-v2,Explicitly reviewed safe prior accepted identity,curated-ontology-v3-review-fixes/eval-ontology-audit.json
unsalted butter,unsalted butter,en,,butter,attribute_alias,2595,retain,D2,butter,"{""saltedness"":""unsalted""}",operator-corrective-review-v2,full-ontology-resolution-v2,Explicitly reviewed safe prior accepted identity,curated-ontology-v3-review-fixes/eval-ontology-audit.json
uova,uova,it,it,egg,attribute_alias,398,retain,D2,egg,"{""egg_part"":""whole""}",operator-corrective-review-v2,full-ontology-resolution-v2,Explicitly reviewed safe prior accepted identity,curated-ontology-v3-review-fixes/eval-ontology-audit.json
uovo,uovo,it,it,egg,attribute_alias,216,retain,D2,egg,"{""egg_part"":""whole""}",operator-corrective-review-v2,full-ontology-resolution-v2,Explicitly reviewed safe prior accepted identity,curated-ontology-v3-review-fixes/eval-ontology-audit.json
vanilla,Vanilla,und,,vanilla,exact_alias,17,retain,D1,vanilla,{},operator-corrective-review-v2,full-ontology-resolution-v2,Explicitly reviewed safe prior accepted identity,curated-ontology-v3-review-fixes/eval-ontology-audit.json
vanilla extract,Vanilla Extract,und,,vanilla-extract,exact_alias,354,retain,D1,vanilla-extract,{},operator-corrective-review-v2,full-ontology-resolution-v2,Explicitly reviewed safe prior accepted identity,curated-ontology-v3-review-fixes/eval-ontology-audit.json
vanilla pod,Vanilla Pod,en,,vanilla,attribute_alias,112,retain,D2,vanilla,"{""form"":""pod""}",operator-corrective-review-v2,full-ontology-resolution-v2,Explicitly reviewed safe prior accepted identity,curated-ontology-v3-review-fixes/eval-ontology-audit.json
vanilla sugar,Vanilla Sugar,und,,vanilla-sugar,exact_alias,58,retain,D1,vanilla-sugar,{},operator-corrective-review-v2,full-ontology-resolution-v2,Explicitly reviewed safe prior accepted identity,curated-ontology-v3-review-fixes/eval-ontology-audit.json
vanillezucker,Vanillezucker,de,de,vanilla-sugar,exact_alias,201,retain,D1,vanilla-sugar,{},operator-corrective-review-v2,full-ontology-resolution-v2,Explicitly reviewed safe prior accepted identity,curated-ontology-v3-review-fixes/eval-ontology-audit.json
vegetable,Vegetable,und,,vegetable,exact_alias,7,demote,D9,,{},operator-corrective-review-v2,full-ontology-resolution-v2,Explicitly reviewed as ambiguous/contextual or identity-ineligible,curated-ontology-v3-review-fixes/eval-ontology-audit.json
vegetable broth,Vegetable Broth,en,,stock,attribute_alias,34,retain,D2,stock,"{""variety"":""vegetable""}",operator-corrective-review-v2,full-ontology-resolution-v2,Explicitly reviewed safe prior accepted identity,curated-ontology-v3-review-fixes/eval-ontology-audit.json
vegetable oil,Vegetable Oil,en,,oil,attribute_alias,788,retain,D2,oil,"{""variety"":""vegetable""}",operator-corrective-review-v2,full-ontology-resolution-v2,Explicitly reviewed safe prior accepted identity,curated-ontology-v3-review-fixes/eval-ontology-audit.json
vegetable stock,Vegetable Stock,en,,stock,attribute_alias,78,retain,D2,stock,"{""variety"":""vegetable""}",operator-corrective-review-v2,full-ontology-resolution-v2,Explicitly reviewed safe prior accepted identity,curated-ontology-v3-review-fixes/eval-ontology-audit.json
vegetable stock paste,vegetable stock paste,en,,stock-paste,attribute_alias,415,retain,D2,stock-paste,"{""form"":""paste"",""variety"":""vegetable""}",operator-corrective-review-v2,full-ontology-resolution-v2,Explicitly reviewed safe prior accepted identity,curated-ontology-v3-review-fixes/eval-ontology-audit.json
vegetables,Vegetables,und,,vegetable,attribute_alias,16,demote,D9,,{},operator-corrective-review-v2,full-ontology-resolution-v2,Explicitly reviewed as ambiguous/contextual or identity-ineligible,curated-ontology-v3-review-fixes/eval-ontology-audit.json
vinegar,Vinegar,und,,vinegar,exact_alias,217,retain,D1,vinegar,{},operator-corrective-review-v2,full-ontology-resolution-v2,Explicitly reviewed safe prior accepted identity,curated-ontology-v3-review-fixes/eval-ontology-audit.json
walnuts,Walnuts,und,,walnut,attribute_alias,133,retain,D1,walnut,{},operator-corrective-review-v2,full-ontology-resolution-v2,Explicitly reviewed safe prior accepted identity,curated-ontology-v3-review-fixes/eval-ontology-audit.json
wasser,Wasser,de,de,water,exact_alias,3091,retain,D1,water,{},operator-corrective-review-v2,full-ontology-resolution-v2,Explicitly reviewed safe prior accepted identity,curated-ontology-v3-review-fixes/eval-ontology-audit.json
water,Water,und,,water,exact_alias,6616,retain,D1,water,{},operator-corrective-review-v2,full-ontology-resolution-v2,Explicitly reviewed safe prior accepted identity,curated-ontology-v3-review-fixes/eval-ontology-audit.json
weizenmehl,Weizenmehl,de,de,flour,attribute_alias,145,retain,D2,flour,"{""form"":""flour""}",operator-corrective-review-v2,full-ontology-resolution-v2,Explicitly reviewed safe prior accepted identity,curated-ontology-v3-review-fixes/eval-ontology-audit.json
wheat flour,wheat flour,en,,flour,attribute_alias,57,retain,D2,flour,"{""form"":""flour""}",operator-corrective-review-v2,full-ontology-resolution-v2,Explicitly reviewed safe prior accepted identity,curated-ontology-v3-review-fixes/eval-ontology-audit.json
whipping cream,whipping cream,en,,cream,attribute_alias,207,retain,D2,cream,"{""cream_class"":""whipping""}",operator-corrective-review-v2,full-ontology-resolution-v2,Explicitly reviewed safe prior accepted identity,curated-ontology-v3-review-fixes/eval-ontology-audit.json
white chocolate,White chocolate,und,,white-chocolate,exact_alias,135,retain,D2,white-chocolate,"{""chocolate_class"":""white""}",operator-corrective-review-v2,full-ontology-resolution-v2,Explicitly reviewed safe prior accepted identity,curated-ontology-v3-review-fixes/eval-ontology-audit.json
white onion,white onion,en,,onion,attribute_alias,49,retain,D2,onion,"{""variety"":""white""}",operator-corrective-review-v2,full-ontology-resolution-v2,Explicitly reviewed safe prior accepted identity,curated-ontology-v3-review-fixes/eval-ontology-audit.json
white onions,white onions,en,,onion,attribute_alias,47,retain,D2,onion,"{""variety"":""white""}",operator-corrective-review-v2,full-ontology-resolution-v2,Explicitly reviewed safe prior accepted identity,curated-ontology-v3-review-fixes/eval-ontology-audit.json
white pepper,White Pepper,en,,pepper,attribute_alias,44,retarget,D2,piper-pepper,"{""variety"":""white""}",operator-corrective-review-v2,full-ontology-resolution-v2,Explicitly reviewed safe prior accepted identity,curated-ontology-v3-review-fixes/eval-ontology-audit.json
white sugar,White Sugar,en,,sugar,attribute_alias,445,retain,D2,sugar,"{""refinement"":""white""}",operator-corrective-review-v2,full-ontology-resolution-v2,Explicitly reviewed safe prior accepted identity,curated-ontology-v3-review-fixes/eval-ontology-audit.json
white wine vinegar,White Wine Vinegar,en,,vinegar,attribute_alias,195,retain,D2,vinegar,"{""variety"":""white_wine""}",operator-corrective-review-v2,full-ontology-resolution-v2,Explicitly reviewed safe prior accepted identity,curated-ontology-v3-review-fixes/eval-ontology-audit.json
whole milk,whole milk,en,,milk,attribute_alias,643,retain,D2,milk,"{""fat_content"":""whole"",""form"":""whole""}",operator-corrective-review-v2,full-ontology-resolution-v2,Explicitly reviewed safe prior accepted identity,curated-ontology-v3-review-fixes/eval-ontology-audit.json
wine,Wine,und,,wine,exact_alias,2,retain,D1,wine,{},operator-corrective-review-v2,full-ontology-resolution-v2,Explicitly reviewed safe prior accepted identity,curated-ontology-v3-review-fixes/eval-ontology-audit.json
woda,Woda,pl,pl,water,exact_alias,27,retain,D1,water,{},operator-corrective-review-v2,full-ontology-resolution-v2,Explicitly reviewed safe prior accepted identity,curated-ontology-v3-review-fixes/eval-ontology-audit.json
wody,Wody,pl,pl,water,exact_alias,445,retain,D1,water,{},operator-corrective-review-v2,full-ontology-resolution-v2,Explicitly reviewed safe prior accepted identity,curated-ontology-v3-review-fixes/eval-ontology-audit.json
worcestershire sauce,Worcestershire Sauce,und,,worcestershire-sauce,exact_alias,260,retain,D1,worcestershire-sauce,{},operator-corrective-review-v2,full-ontology-resolution-v2,Explicitly reviewed safe prior accepted identity,curated-ontology-v3-review-fixes/eval-ontology-audit.json
yellow mustard,Yellow mustard,und,,yellow-mustard,exact_alias,22,retain,D1,yellow-mustard,{},operator-corrective-review-v2,full-ontology-resolution-v2,Explicitly reviewed safe prior accepted identity,curated-ontology-v3-review-fixes/eval-ontology-audit.json
yellow onion,yellow onion,en,,onion,attribute_alias,131,retain,D2,onion,"{""variety"":""yellow""}",operator-corrective-review-v2,full-ontology-resolution-v2,Explicitly reviewed safe prior accepted identity,curated-ontology-v3-review-fixes/eval-ontology-audit.json
yellow onions,yellow onions,en,,onion,attribute_alias,351,retain,D2,onion,"{""variety"":""yellow""}",operator-corrective-review-v2,full-ontology-resolution-v2,Explicitly reviewed safe prior accepted identity,curated-ontology-v3-review-fixes/eval-ontology-audit.json
zimt,Zimt,de,de,cinnamon,exact_alias,292,retain,D1,cinnamon,{},operator-corrective-review-v2,full-ontology-resolution-v2,Explicitly reviewed safe prior accepted identity,curated-ontology-v3-review-fixes/eval-ontology-audit.json
zitronensaft,Zitronensaft,de,de,lemon-juice,exact_alias,834,retain,D1,lemon-juice,{},operator-corrective-review-v2,full-ontology-resolution-v2,Explicitly reviewed safe prior accepted identity,curated-ontology-v3-review-fixes/eval-ontology-audit.json
zucchero,zucchero,it,it,sugar,exact_alias,278,retain,D1,sugar,{},operator-corrective-review-v2,full-ontology-resolution-v2,Explicitly reviewed safe prior accepted identity,curated-ontology-v3-review-fixes/eval-ontology-audit.json
zucchero a velo,zucchero a velo,it,it,sugar,attribute_alias,36,retain,D2,sugar,"{""refinement"":""powdered""}",operator-corrective-review-v2,full-ontology-resolution-v2,Explicitly reviewed safe prior accepted identity,curated-ontology-v3-review-fixes/eval-ontology-audit.json
zucchini,Zucchini,und,,zucchini,exact_alias,514,retain,D1,zucchini,{},operator-corrective-review-v2,full-ontology-resolution-v2,Explicitly reviewed safe prior accepted identity,curated-ontology-v3-review-fixes/eval-ontology-audit.json
zucker,Zucker,de,de,sugar,exact_alias,2250,retain,D1,sugar,{},operator-corrective-review-v2,full-ontology-resolution-v2,Explicitly reviewed safe prior accepted identity,curated-ontology-v3-review-fixes/eval-ontology-audit.json
zumo de limón,zumo de limón,es,es,lemon-juice,exact_alias,76,retain,D1,lemon-juice,{},operator-corrective-review-v2,full-ontology-resolution-v2,Explicitly reviewed safe prior accepted identity,curated-ontology-v3-review-fixes/eval-ontology-audit.json
zwiebel,Zwiebel,de,de,onion,exact_alias,591,retain,D1,onion,{},operator-corrective-review-v2,full-ontology-resolution-v2,Explicitly reviewed safe prior accepted identity,curated-ontology-v3-review-fixes/eval-ontology-audit.json
zwiebeln,Zwiebeln,de,de,onion,exact_alias,920,retain,D1,onion,{},operator-corrective-review-v2,full-ontology-resolution-v2,Explicitly reviewed safe prior accepted identity,curated-ontology-v3-review-fixes/eval-ontology-audit.json
água,Água,pt,pt,water,exact_alias,1428,retain,D1,water,{},operator-corrective-review-v2,full-ontology-resolution-v2,Explicitly reviewed safe prior accepted identity,curated-ontology-v3-review-fixes/eval-ontology-audit.json
échalotes,échalotes,fr,fr,shallot,exact_alias,55,retain,D1,shallot,{},operator-corrective-review-v2,full-ontology-resolution-v2,Explicitly reviewed safe prior accepted identity,curated-ontology-v3-review-fixes/eval-ontology-audit.json
öl,Öl,de,de,oil,exact_alias,914,retain,D1,oil,{},operator-corrective-review-v2,full-ontology-resolution-v2,Explicitly reviewed safe prior accepted identity,curated-ontology-v3-review-fixes/eval-ontology-audit.json
œuf,œuf,fr,fr,egg,attribute_alias,291,retain,D2,egg,"{""egg_part"":""whole""}",operator-corrective-review-v2,full-ontology-resolution-v2,Explicitly reviewed safe prior accepted identity,curated-ontology-v3-review-fixes/eval-ontology-audit.json
œufs,œufs,fr,fr,egg,attribute_alias,647,retain,D2,egg,"{""egg_part"":""whole""}",operator-corrective-review-v2,full-ontology-resolution-v2,Explicitly reviewed safe prior accepted identity,curated-ontology-v3-review-fixes/eval-ontology-audit.json
