connector,metadata_schema_version,namespace,provider_ref,default_title,title_hash,consistency_state,is_generic,observed_row_count,term_fingerprint,prior_state,disposition_code,entity_slug,attributes_json,reviewer,review_batch,rationale,source_citation
cookidoo,ingredient-topology-v1,com.vorwerk.ingredients.Ingredient-rpf,com.vorwerk.ingredients.Ingredient-rpf-10,carrot,b96482290a873ee9875236c0b4455988a10a7ec28bba60419d449429d0ced0e0,consistent,0,33,3e052a0c954a351790ed0fed8be3fb5c53b53bf55ef71bd5157226f38a3913e4,D8,D8,,{},operator-corrective-review-v2,full-ontology-resolution-v2,Reviewed provider-specific unresolved term,full-ontology-resolution/pilot-provider-workbook.csv
cookidoo,ingredient-topology-v1,com.vorwerk.ingredients.Ingredient-rpf,com.vorwerk.ingredients.Ingredient-rpf-1002,blueberry,ab45e8474269b026f668d49860b36850122e18a50d5ea38f3fefdae08261865c,consistent,0,2,cc41fc91575ea41159b1ba33f889e70f40665a15829b78b615345424a1730b2a,D1,D1,blueberry,[],operator-corrective-review-v2,full-ontology-resolution-v2,Reviewed exact title-to-existing-identity assertion; provider reference remains owner context only,full-ontology-resolution/pilot-provider-workbook.csv
cookidoo,ingredient-topology-v1,com.vorwerk.ingredients.Ingredient-rpf,com.vorwerk.ingredients.Ingredient-rpf-100232,barbecue seasoning,cb463258e92ea9b983e1e4922bbfdd2eb6ea2c0b207f19b3f85b96b20e32f971,consistent,0,1,bf6afb84dad9be38169c7ceb31d03ff488c5be6bd06ca2a6cfabaf82af266f4d,D8,D8,,{},operator-corrective-review-v2,full-ontology-resolution-v2,Reviewed provider-specific unresolved term,full-ontology-resolution/pilot-provider-workbook.csv
cookidoo,ingredient-topology-v1,com.vorwerk.ingredients.Ingredient-rpf,com.vorwerk.ingredients.Ingredient-rpf-101,"peanut, roasted (oil-roasted or dry-roasted), unsalted",fdfcaae71a8f711dda71555bafd2df27c322df1708a67de670b2cbf419c800ba,consistent,0,3,83c9973e0b7800bde13627d0574adca5c0bdfe2cb16ba7e47103d0b76a5ba445,D8,D8,,{},operator-corrective-review-v2,full-ontology-resolution-v2,Reviewed provider-specific unresolved term,full-ontology-resolution/pilot-provider-workbook.csv
cookidoo,ingredient-topology-v1,com.vorwerk.ingredients.Ingredient-rpf,com.vorwerk.ingredients.Ingredient-rpf-102,"walnut, shelled, halved",0cd582656b1b1b21e7ae6b8e842b11d93d121bef90c1cc9fd10a44d49e6d6b96,consistent,0,2,ebb78af3bd5744aa0f194720c0330cddd03293934de6e2e1865b9e794f851d6c,D8,D8,,{},operator-corrective-review-v2,full-ontology-resolution-v2,Reviewed provider-specific unresolved term,full-ontology-resolution/pilot-provider-workbook.csv
cookidoo,ingredient-topology-v1,com.vorwerk.ingredients.Ingredient-rpf,com.vorwerk.ingredients.Ingredient-rpf-10281,"preservative, type ""Dr. Oetker Einmachhilfe""",84296e17d18edd5222cd0d4af7f30edb4c1e2b2c73423030a1dcd8543a6dad38,consistent,0,1,3f8bef9e26e8947b3e50705f5140b9726ba7fbb47aba15302fff3a884716f782,D8,D8,,{},operator-corrective-review-v2,full-ontology-resolution-v2,Reviewed provider-specific unresolved term,full-ontology-resolution/pilot-provider-workbook.csv
cookidoo,ingredient-topology-v1,com.vorwerk.ingredients.Ingredient-rpf,com.vorwerk.ingredients.Ingredient-rpf-103,"red chilli, fresh",1fe3b9e4dfbe31966388d8d3f55db2144a7f69286def1abb4817e1d1a963c61d,consistent,0,4,281fa2ef31042686c0bf91fb6f41a4805bf5b813777494e8f7acf2ebdae6d81c,D8,D8,,{},operator-corrective-review-v2,full-ontology-resolution-v2,Reviewed provider-specific unresolved term,full-ontology-resolution/pilot-provider-workbook.csv
cookidoo,ingredient-topology-v1,com.vorwerk.ingredients.Ingredient-rpf,com.vorwerk.ingredients.Ingredient-rpf-1034,"fennel seed, dried",002577d9415a234d2c2c7dd1065745a4a0e668b4288bb1e7f3bd180b55553287,consistent,0,4,6e9b4517477f9b80dc587bc0fd64a23c66cc79a22f3166b915b0be2ff7d8cf58,D8,D8,,{},operator-corrective-review-v2,full-ontology-resolution-v2,Reviewed provider-specific unresolved term,full-ontology-resolution/pilot-provider-workbook.csv
cookidoo,ingredient-topology-v1,com.vorwerk.ingredients.Ingredient-rpf,com.vorwerk.ingredients.Ingredient-rpf-104,"cumin, ground",16b76cf3eea131843aa1d7880808a88702a218c1e1030685dbd7163121abe873,consistent,0,11,f5a76e620cbf3f6f03844eec4b157c31fdc55f38d3a64cc21b69a7bf87dd0f13,D8,D8,,{},operator-corrective-review-v2,full-ontology-resolution-v2,Reviewed provider-specific unresolved term,full-ontology-resolution/pilot-provider-workbook.csv
cookidoo,ingredient-topology-v1,com.vorwerk.ingredients.Ingredient-rpf,com.vorwerk.ingredients.Ingredient-rpf-1040,"prawn, raw, peeled",70a77d6bb26e52563159964016ab80a67c2b915d8abb694799fb140e81fc98e7,consistent,0,2,a79d6d75a3215cac996747a9bcf97f2039fdcfe0fdca0f68799875cef1e1ff7a,D8,D8,,{},operator-corrective-review-v2,full-ontology-resolution-v2,Reviewed provider-specific unresolved term,full-ontology-resolution/pilot-provider-workbook.csv
cookidoo,ingredient-topology-v1,com.vorwerk.ingredients.Ingredient-rpf,com.vorwerk.ingredients.Ingredient-rpf-1041,pear,97cfbe87531abe0c6bac7b21d616cb422faaa158a9f2ae7e8685c79eb85fc65e,consistent,0,2,417846f680452617cca27f6deb5c4abfb780992438e26115c8a53924ef146e44,D8,D8,,{},operator-corrective-review-v2,full-ontology-resolution-v2,Reviewed provider-specific unresolved term,full-ontology-resolution/pilot-provider-workbook.csv
cookidoo,ingredient-topology-v1,com.vorwerk.ingredients.Ingredient-rpf,com.vorwerk.ingredients.Ingredient-rpf-105,brown sugar,d751ccb2237a8c78679d94d57d2713690958a34b440e7a141bc0aaedabde095b,consistent,0,15,980a77000840842d4de4d42d50df44c94bc31018d74fb8aa86c6609aa0300629,D2,D2,sugar,"{""refinement"":""brown""}",operator-corrective-review-v2,full-ontology-resolution-v2,Reviewed exact title-to-existing-identity assertion; provider reference remains owner context only,full-ontology-resolution/pilot-provider-workbook.csv
cookidoo,ingredient-topology-v1,com.vorwerk.ingredients.Ingredient-rpf,com.vorwerk.ingredients.Ingredient-rpf-1050,pepperoni sausage,1ad27289d20ef80506a77211e6198b797d63697bcaa541de8ce36907232f9493,consistent,0,1,014bcf70827b8ca0b540d91c4c09648ca6416faa6432aefcf187ad6502e1b5c7,D8,D8,,{},operator-corrective-review-v2,full-ontology-resolution-v2,Reviewed provider-specific unresolved term,full-ontology-resolution/pilot-provider-workbook.csv
cookidoo,ingredient-topology-v1,com.vorwerk.ingredients.Ingredient-rpf,com.vorwerk.ingredients.Ingredient-rpf-1053,"olive, black, pitted",2780f45ff15716659177dfff9a383864ff591bb58b832f3717e70b367fd251a4,consistent,0,2,55af5a3cfb4198f7b5985baa87d38d9240caf32a5a136ecdecb5a24ecc77235b,D8,D8,,{},operator-corrective-review-v2,full-ontology-resolution-v2,Reviewed provider-specific unresolved term,full-ontology-resolution/pilot-provider-workbook.csv
cookidoo,ingredient-topology-v1,com.vorwerk.ingredients.Ingredient-rpf,com.vorwerk.ingredients.Ingredient-rpf-1055,pork loin,551c4f57d7c1cd5f11f7fe4a6a5231698f04f961ca7e9ef7327c6d34e9abdacf,consistent,0,1,e32615e70e1063061565d8cde19e7a9834b8e9f0d27604aff6f8d817c1711fcb,D8,D8,,{},operator-corrective-review-v2,full-ontology-resolution-v2,Reviewed provider-specific unresolved term,full-ontology-resolution/pilot-provider-workbook.csv
cookidoo,ingredient-topology-v1,com.vorwerk.ingredients.Ingredient-rpf,com.vorwerk.ingredients.Ingredient-rpf-106,"pasta, dried, type spaghetti",65c134c8537d13a74a172bfe7e18be5df36b62579f59777a5d8e3e9d129836ae,consistent,0,3,e979b4703284c78178bee514141a2a079eed9d15b6a556df42b0a8c232b22829,D8,D8,,{},operator-corrective-review-v2,full-ontology-resolution-v2,Reviewed provider-specific unresolved term,full-ontology-resolution/pilot-provider-workbook.csv
cookidoo,ingredient-topology-v1,com.vorwerk.ingredients.Ingredient-rpf,com.vorwerk.ingredients.Ingredient-rpf-108,dark chocolate,dce34e094109d0c0e096b1c304b8053a1aab66e9ae09916faf3e0e8a3000c4be,consistent,0,3,68344971db36ad146bcedab38883bbb59bd472b5e2f28d6a538e7e3c1e5dc7f5,D2,D2,chocolate,"{""chocolate_class"":""dark""}",operator-corrective-review-v2,full-ontology-resolution-v2,Reviewed exact title-to-existing-identity assertion; provider reference remains owner context only,full-ontology-resolution/pilot-provider-workbook.csv
cookidoo,ingredient-topology-v1,com.vorwerk.ingredients.Ingredient-rpf,com.vorwerk.ingredients.Ingredient-rpf-109,orange juice,bb3c78a5ebceae972f96ce02703dc26cc38605228683877d214c3d8138cf0b0b,consistent,0,1,7cad884bab602b62a2b7984ed00b3e2143d0ac266ef82ed0bb6ce4d8d4d078cd,D1,D1,orange-juice,[],operator-corrective-review-v2,full-ontology-resolution-v2,Reviewed exact title-to-existing-identity assertion; provider reference remains owner context only,full-ontology-resolution/pilot-provider-workbook.csv
cookidoo,ingredient-topology-v1,com.vorwerk.ingredients.Ingredient-rpf,com.vorwerk.ingredients.Ingredient-rpf-11,"ginger, fresh root",918634fd237c644b724933168df595bd5fcf1e2f40c3afc133db829a3a1d2f4e,consistent,0,43,1b6793b5051c9fb42bbe81d46a1ed61d35c9c4eff6127ecf139760d5e76239c4,D8,D8,,{},operator-corrective-review-v2,full-ontology-resolution-v2,Reviewed provider-specific unresolved term,full-ontology-resolution/pilot-provider-workbook.csv
cookidoo,ingredient-topology-v1,com.vorwerk.ingredients.Ingredient-rpf,com.vorwerk.ingredients.Ingredient-rpf-1115,"allspice, ground",054c4d077d39a22f4b3893ba03c33dff26f65a978d28c81f02662e9e8c259e77,consistent,0,1,b1ac2880b629115dc51e6c0433c14eef1923979f07465d7c8f78a96a57502322,D8,D8,,{},operator-corrective-review-v2,full-ontology-resolution-v2,Reviewed provider-specific unresolved term,full-ontology-resolution/pilot-provider-workbook.csv
cookidoo,ingredient-topology-v1,com.vorwerk.ingredients.Ingredient-rpf,com.vorwerk.ingredients.Ingredient-rpf-1118,"rice, white, type basmati",7225ea481abae8d365e245b3febfeadcd2e83c80b2a5d81d68fc76b872753912,consistent,0,2,c76c56b4fb96b9384e54894ea6b959262eff5479e8e6d9a006056c00df1f8bc0,D8,D8,,{},operator-corrective-review-v2,full-ontology-resolution-v2,Reviewed provider-specific unresolved term,full-ontology-resolution/pilot-provider-workbook.csv
cookidoo,ingredient-topology-v1,com.vorwerk.ingredients.Ingredient-rpf,com.vorwerk.ingredients.Ingredient-rpf-1119,bread,985604c2b60243122c24d4e18363e6434c535923be05f760204a1aef023aae9b,consistent,0,3,eb6de78910c6e40313f6e9c215021eed1decbb8f720c3b1cf2e1aa0f5206a4d5,D8,D8,,{},operator-corrective-review-v2,full-ontology-resolution-v2,Reviewed provider-specific unresolved term,full-ontology-resolution/pilot-provider-workbook.csv
cookidoo,ingredient-topology-v1,com.vorwerk.ingredients.Ingredient-rpf,com.vorwerk.ingredients.Ingredient-rpf-1122,"cashew nut, raw",5ff16ee17e03d76571328dd7066836dc44699e299154b9aab1ba15b31dea0c82,consistent,0,5,36d5038e5a22ccc0a6ae6dd753a42970ec029a535b7a2c1d69f3431b1d08bde4,D8,D8,,{},operator-corrective-review-v2,full-ontology-resolution-v2,Reviewed provider-specific unresolved term,full-ontology-resolution/pilot-provider-workbook.csv
cookidoo,ingredient-topology-v1,com.vorwerk.ingredients.Ingredient-rpf,com.vorwerk.ingredients.Ingredient-rpf-1125,chorizo,79e82f84f57a169c800a9d657a1a43b53f1e17a573584b05de68af5e27096904,consistent,0,1,84da63163755ee8dbafd61b9a3f575d9e8f6ef140dcd8948dc7fbc651ec779dc,D8,D8,,{},operator-corrective-review-v2,full-ontology-resolution-v2,Reviewed provider-specific unresolved term,full-ontology-resolution/pilot-provider-workbook.csv
cookidoo,ingredient-topology-v1,com.vorwerk.ingredients.Ingredient-rpf,com.vorwerk.ingredients.Ingredient-rpf-1126,cider,fa09ff01e455a3a63e7826963881fa563e254ffa351579cbfd9e86fda1a366c7,consistent,0,3,98dd344d905508a15e5ca17603ea17ab9e1539f17c24cce2590e73d37f16ea80,D8,D8,,{},operator-corrective-review-v2,full-ontology-resolution-v2,Reviewed provider-specific unresolved term,full-ontology-resolution/pilot-provider-workbook.csv
cookidoo,ingredient-topology-v1,com.vorwerk.ingredients.Ingredient-rpf,com.vorwerk.ingredients.Ingredient-rpf-1128,Emmental cheese,d0333fddb19e91556666cec4db42632c71ff155ab798043cc10c411955693cb5,consistent,0,2,f47440e2eb3d0cf9d8b88a78aa066888f42a7e7acbc7c15dcec6de9344bbb951,D8,D8,,{},operator-corrective-review-v2,full-ontology-resolution-v2,Reviewed provider-specific unresolved term,full-ontology-resolution/pilot-provider-workbook.csv
cookidoo,ingredient-topology-v1,com.vorwerk.ingredients.Ingredient-rpf,com.vorwerk.ingredients.Ingredient-rpf-113,strawberry,5e737f891db1175442a39fde73e51d781a545506d71c95477a6deb5988bd7f9a,consistent,0,2,066328d818709ab673b13b8ead9becae4edb54ebd34eb63649a07b36f29f5ef2,D1,D1,strawberry,[],operator-corrective-review-v2,full-ontology-resolution-v2,Reviewed exact title-to-existing-identity assertion; provider reference remains owner context only,full-ontology-resolution/pilot-provider-workbook.csv
cookidoo,ingredient-topology-v1,com.vorwerk.ingredients.Ingredient-rpf,com.vorwerk.ingredients.Ingredient-rpf-1131,green lettuce leaf,b4eed0fd6c66fa22f72409ca053d3160d59c4a15849a4abcd525d8c3b4fcdb36,consistent,0,2,fc8765652946a467971e25888ae67549eb8df2219227170ddc9a60aa2d74fcc5,D8,D8,,{},operator-corrective-review-v2,full-ontology-resolution-v2,Reviewed provider-specific unresolved term,full-ontology-resolution/pilot-provider-workbook.csv
cookidoo,ingredient-topology-v1,com.vorwerk.ingredients.Ingredient-rpf,com.vorwerk.ingredients.Ingredient-rpf-1134,iceberg lettuce,44105fe2d0aaa09069cbd3bde117b17103e6daa5524c20823da9892f65834643,consistent,0,1,dac52a84d8c12eef5aa42d379a4f7f23f3e27ca0fbd9f8b6bcabc3cc1658358a,D8,D8,,{},operator-corrective-review-v2,full-ontology-resolution-v2,Reviewed provider-specific unresolved term,full-ontology-resolution/pilot-provider-workbook.csv
cookidoo,ingredient-topology-v1,com.vorwerk.ingredients.Ingredient-rpf,com.vorwerk.ingredients.Ingredient-rpf-1135,ketchup,0bc3a5ae30466de3d77b506d364eabc28b1b7ceea061c2519328c7be72827483,consistent,0,13,5192bd7a85854f99c0177764e5149b07e26f82395637d0f247bcceb648751e50,D8,D8,,{},operator-corrective-review-v2,full-ontology-resolution-v2,Reviewed provider-specific unresolved term,full-ontology-resolution/pilot-provider-workbook.csv
cookidoo,ingredient-topology-v1,com.vorwerk.ingredients.Ingredient-rpf,com.vorwerk.ingredients.Ingredient-rpf-1137,liquid caramel,9f4dad7784e86601ef65f00ad606cf64428f49c4d98b40f4cc3209c9d77293f5,consistent,0,1,0824c887dc379e78ebc87429d8d396f71e74b8262466ca42b90467e85af130b1,D8,D8,,{},operator-corrective-review-v2,full-ontology-resolution-v2,Reviewed provider-specific unresolved term,full-ontology-resolution/pilot-provider-workbook.csv
cookidoo,ingredient-topology-v1,com.vorwerk.ingredients.Ingredient-rpf,com.vorwerk.ingredients.Ingredient-rpf-1138,mayonnaise,2a3c68716e774fffb2dee83c066531c7dbaa13768ab49caf07bc73a24b027053,consistent,0,9,892013028fdebed305a8c5bb68177d4ee4650b29e906bc9e22874ff94a3a8049,D8,D8,,{},operator-corrective-review-v2,full-ontology-resolution-v2,Reviewed provider-specific unresolved term,full-ontology-resolution/pilot-provider-workbook.csv
cookidoo,ingredient-topology-v1,com.vorwerk.ingredients.Ingredient-rpf,com.vorwerk.ingredients.Ingredient-rpf-114,raspberry,e97407735e49029c96e5708c724fc9ce57b6335dba804a893320fcb7c0a07953,consistent,0,1,4ca40463bb3b2e389ab5d973696961f0497b96ce9699760ae237a99ed078e495,D8,D8,,{},operator-corrective-review-v2,full-ontology-resolution-v2,Reviewed provider-specific unresolved term,full-ontology-resolution/pilot-provider-workbook.csv
cookidoo,ingredient-topology-v1,com.vorwerk.ingredients.Ingredient-rpf,com.vorwerk.ingredients.Ingredient-rpf-1140,"oregano, dried",99209c14eb18cbbe32443881a7234330362df0119bd4525dcc9f94177443e48c,consistent,0,12,a8313ba4a4c2db1ddae0abb1f5a0606948a3f5659c1bd9c0a5740db7428f581a,D8,D8,,{},operator-corrective-review-v2,full-ontology-resolution-v2,Reviewed provider-specific unresolved term,full-ontology-resolution/pilot-provider-workbook.csv
cookidoo,ingredient-topology-v1,com.vorwerk.ingredients.Ingredient-rpf,com.vorwerk.ingredients.Ingredient-rpf-116,egg white (from chicken egg),eb8829526c34897e0c8923495b340482faeb01ced35132e7bcaad4cf2369b5f0,consistent,0,3,aae70e2766fde190fb7314dfcb5d9ea8838569f708bfdb3ae904130ea276c933,D8,D8,,{},operator-corrective-review-v2,full-ontology-resolution-v2,Reviewed provider-specific unresolved term,full-ontology-resolution/pilot-provider-workbook.csv
cookidoo,ingredient-topology-v1,com.vorwerk.ingredients.Ingredient-rpf,com.vorwerk.ingredients.Ingredient-rpf-1160,"sweetcorn kernel, canned",66afc937ab6bd57ee40d1a9a8fc1bd579a0545be2716f16735df298c8f35ffe0,consistent,0,3,cc2ba0b76498dbbe951b2f8340009c52de72ba96fb7345428c5ac9cdd7164491,D8,D8,,{},operator-corrective-review-v2,full-ontology-resolution-v2,Reviewed provider-specific unresolved term,full-ontology-resolution/pilot-provider-workbook.csv
cookidoo,ingredient-topology-v1,com.vorwerk.ingredients.Ingredient-rpf,com.vorwerk.ingredients.Ingredient-rpf-1164,white bread,de4d60dd03a5b95a181caa807670e8e85a6683ad854ae6aabed18c8e61f3d8f5,consistent,0,2,2f590e7def26f207a2e5c54169283779808b1b6956759e95fb3fbbc5122435c0,D8,D8,,{},operator-corrective-review-v2,full-ontology-resolution-v2,Reviewed provider-specific unresolved term,full-ontology-resolution/pilot-provider-workbook.csv
cookidoo,ingredient-topology-v1,com.vorwerk.ingredients.Ingredient-rpf,com.vorwerk.ingredients.Ingredient-rpf-1167,allspice berry,cde3f678d75992463ff7728b07764ee503cbc8da7404b54fda91bc7da463b008,consistent,0,3,c7193cb29063e79a826e01fa140f48cd9879e58f86d335474c5eaa590d2ef893,D8,D8,,{},operator-corrective-review-v2,full-ontology-resolution-v2,Reviewed provider-specific unresolved term,full-ontology-resolution/pilot-provider-workbook.csv
cookidoo,ingredient-topology-v1,com.vorwerk.ingredients.Ingredient-rpf,com.vorwerk.ingredients.Ingredient-rpf-117,"mango, ripe",548d6dfac639f1ecc23844f53513db3f602436e2629ce2a18aa0fecd649d78e6,consistent,0,1,a55eda99430db2df695ee6ddce7598b9fc9c146d1595cfd71e5d872efc215b72,D8,D8,,{},operator-corrective-review-v2,full-ontology-resolution-v2,Reviewed provider-specific unresolved term,full-ontology-resolution/pilot-provider-workbook.csv
cookidoo,ingredient-topology-v1,com.vorwerk.ingredients.Ingredient-rpf,com.vorwerk.ingredients.Ingredient-rpf-1175,sweet potato,11a3360656adc278501a3547697d38c60bf4fa2e948a858584756e4fb59780ee,consistent,0,5,ccfddbbb2b9537cc5a28b7d97bd8462a167f3b2649952a365116c4bf9295b4f0,D1,D1,sweet-potato,[],operator-corrective-review-v2,full-ontology-resolution-v2,Reviewed exact title-to-existing-identity assertion; provider reference remains owner context only,full-ontology-resolution/pilot-provider-workbook.csv
cookidoo,ingredient-topology-v1,com.vorwerk.ingredients.Ingredient-rpf,com.vorwerk.ingredients.Ingredient-rpf-119,"tarragon, fresh",4a64fbee5d6699a55fcc09da5530699ebd21003a53803a2a56fca810dcec3ef0,consistent,0,1,442ce3b5f82cf38240be49c73d02b63b4c26b2177a4d4179da3249239d8ca1b4,D8,D8,,{},operator-corrective-review-v2,full-ontology-resolution-v2,Reviewed provider-specific unresolved term,full-ontology-resolution/pilot-provider-workbook.csv
cookidoo,ingredient-topology-v1,com.vorwerk.ingredients.Ingredient-rpf,com.vorwerk.ingredients.Ingredient-rpf-12,chicken broth,e554317f9975a83c2f4243e5c0f6ed7f7be24565065921c903d9578ca8b64b65,consistent,0,4,175e2f5f14ec3f7b60e0ce86eeac1af8a517073399b9c9b5c8bc2acce1cf6e05,D8,D8,,{},operator-corrective-review-v2,full-ontology-resolution-v2,Reviewed provider-specific unresolved term,full-ontology-resolution/pilot-provider-workbook.csv
cookidoo,ingredient-topology-v1,com.vorwerk.ingredients.Ingredient-rpf,com.vorwerk.ingredients.Ingredient-rpf-1224,"mint, fresh",cb5fb00f5743e12a7626191e9f92d74a7229cbf104721c7019b1c5835e14ac93,consistent,0,5,c57aa8e93b0121377ee33c5e7385b2e1af415bfe7e7e69af40037cbad811d2bd,D8,D8,,{},operator-corrective-review-v2,full-ontology-resolution-v2,Reviewed provider-specific unresolved term,full-ontology-resolution/pilot-provider-workbook.csv
cookidoo,ingredient-topology-v1,com.vorwerk.ingredients.Ingredient-rpf,com.vorwerk.ingredients.Ingredient-rpf-123,"pine nut, raw",7a168988646df11b7c04e85a9b74dd649ef0e12d135ae024345bd7bf1c2bbf5d,consistent,0,3,f84f1c0f45d6876e32602d7668d8715a75c0277aaf73b1f582a329f2f9827473,D8,D8,,{},operator-corrective-review-v2,full-ontology-resolution-v2,Reviewed provider-specific unresolved term,full-ontology-resolution/pilot-provider-workbook.csv
cookidoo,ingredient-topology-v1,com.vorwerk.ingredients.Ingredient-rpf,com.vorwerk.ingredients.Ingredient-rpf-1230,"tuna, canned, in oil",de658d7f44bb296ed773eff1133b44ceff8edef981b960a75ffa381c0f865861,consistent,0,2,466bd98e1fb20ab3423e1cf52d0d3785df13c9352eac328b14fcc3b371390744,D8,D8,,{},operator-corrective-review-v2,full-ontology-resolution-v2,Reviewed provider-specific unresolved term,full-ontology-resolution/pilot-provider-workbook.csv
cookidoo,ingredient-topology-v1,com.vorwerk.ingredients.Ingredient-rpf,com.vorwerk.ingredients.Ingredient-rpf-1241,garden cress,cdb76529e00fb7caed5df3c4a2e11e68526664425cfdb53859301cf9ef32ff39,consistent,0,1,43d07b8f0beb8a4ad7ec4957ed5df57ad3e2a83feb7719fbbe069d2b668d49f9,D8,D8,,{},operator-corrective-review-v2,full-ontology-resolution-v2,Reviewed provider-specific unresolved term,full-ontology-resolution/pilot-provider-workbook.csv
cookidoo,ingredient-topology-v1,com.vorwerk.ingredients.Ingredient-rpf,com.vorwerk.ingredients.Ingredient-rpf-125,saffron thread,1f0076a061c8de12abac6144077cbec767f6df641abaf2a4e9d2a2a16506a692,consistent,0,2,e53934688d6670e45dc80f7f7b6bd5a1f59dd1eca17e88567f614e4c38909b43,D8,D8,,{},operator-corrective-review-v2,full-ontology-resolution-v2,Reviewed provider-specific unresolved term,full-ontology-resolution/pilot-provider-workbook.csv
cookidoo,ingredient-topology-v1,com.vorwerk.ingredients.Ingredient-rpf,com.vorwerk.ingredients.Ingredient-rpf-127,"cinnamon, ground",710ce08aa2dd4a9663326ac624e1d621c912fd234194ff71dd4b2f586fd9f9d6,consistent,0,16,61bcc90fdc25e792e87b16f41e9cf5de896713833dd5301b538187f82abeeeab,D8,D8,,{},operator-corrective-review-v2,full-ontology-resolution-v2,Reviewed provider-specific unresolved term,full-ontology-resolution/pilot-provider-workbook.csv
cookidoo,ingredient-topology-v1,com.vorwerk.ingredients.Ingredient-rpf,com.vorwerk.ingredients.Ingredient-rpf-1283,white chocolate,8d8df47519806c666bae419d1aff314f5f87ce1bee09dcd8cc411ab49d16511c,consistent,0,1,25124c46a3da855ca1ddd844cbec054ca67ea3b959f6d200de2e2c715303c2cb,D2,D2,chocolate,"{""chocolate_class"":""white""}",operator-corrective-review-v2,full-ontology-resolution-v2,Reviewed exact title-to-existing-identity assertion; provider reference remains owner context only,full-ontology-resolution/pilot-provider-workbook.csv
cookidoo,ingredient-topology-v1,com.vorwerk.ingredients.Ingredient-rpf,com.vorwerk.ingredients.Ingredient-rpf-129,vanilla sugar,06345b1b00ff1c9464e736d8e74cfc840823f1549aff31584dd8d8d7e94b6483,consistent,0,1,acc94bb93807452613ccd8c8c49f9733df166d7bcdbddd31c69a9deca9722d89,D1,D1,vanilla-sugar,[],operator-corrective-review-v2,full-ontology-resolution-v2,Reviewed exact title-to-existing-identity assertion; provider reference remains owner context only,full-ontology-resolution/pilot-provider-workbook.csv
cookidoo,ingredient-topology-v1,com.vorwerk.ingredients.Ingredient-rpf,com.vorwerk.ingredients.Ingredient-rpf-1290,cos lettuce,9fead677731fb8b37a3040c9078dc8261c1e2f384164bfebc1c9d80eaf733485,consistent,0,1,1fc2749f1f2d3e68c9a4440de9ced04243fd5eb8f49da744d4a30c9afd09f0f0,D8,D8,,{},operator-corrective-review-v2,full-ontology-resolution-v2,Reviewed provider-specific unresolved term,full-ontology-resolution/pilot-provider-workbook.csv
cookidoo,ingredient-topology-v1,com.vorwerk.ingredients.Ingredient-rpf,com.vorwerk.ingredients.Ingredient-rpf-1317,evaporated milk,a954b0007f04a3f02d822d32b9be8d6ddf10d4d9f4b1294a8d7e5179a2d59fbb,consistent,0,3,3ee142e6c85e2348d347871910bc2e6f3cddbb1b79aaf0667020320dbdc2db8c,D8,D8,,{},operator-corrective-review-v2,full-ontology-resolution-v2,Reviewed provider-specific unresolved term,full-ontology-resolution/pilot-provider-workbook.csv
cookidoo,ingredient-topology-v1,com.vorwerk.ingredients.Ingredient-rpf,com.vorwerk.ingredients.Ingredient-rpf-132,mixed vegetables,699829d3aa22631559c4173028ee6bc5515beac9afd49e5844b79484f2f22113,consistent,0,4,619475c0997ef07bb67c410fc8e681088faea6e1461aceda513941a423757bc2,D8,D8,,{},operator-corrective-review-v2,full-ontology-resolution-v2,Reviewed provider-specific unresolved term,full-ontology-resolution/pilot-provider-workbook.csv
cookidoo,ingredient-topology-v1,com.vorwerk.ingredients.Ingredient-rpf,com.vorwerk.ingredients.Ingredient-rpf-1322,rapeseed oil,ecde83df8f1b6348003b017a5cbfa7a21207ab4c549381e24303daf800f4b4f9,consistent,0,1,07c06a955c82b022046e7dd47755277f04669afa8be27506cef943faa6f95f55,D2,D2,oil,"{""variety"":""rapeseed""}",operator-corrective-review-v2,full-ontology-resolution-v2,Reviewed exact title-to-existing-identity assertion; provider reference remains owner context only,full-ontology-resolution/pilot-provider-workbook.csv
cookidoo,ingredient-topology-v1,com.vorwerk.ingredients.Ingredient-rpf,com.vorwerk.ingredients.Ingredient-rpf-1325,"flower, edible",249b1044d339d26c701a579d09835e3e880924ac6034cf8e7a952252e938ba89,consistent,0,1,a4b3cb8d40ad22a526960430a51af34af9ce2ca4686650216d838fd354948292,D8,D8,,{},operator-corrective-review-v2,full-ontology-resolution-v2,Reviewed provider-specific unresolved term,full-ontology-resolution/pilot-provider-workbook.csv
cookidoo,ingredient-topology-v1,com.vorwerk.ingredients.Ingredient-rpf,com.vorwerk.ingredients.Ingredient-rpf-1329,quinoa,f32d6dd101a3023343433dde8645c4af6a9ca5733173bfdb2f4bebf46a4230b5,consistent,0,2,968da9d1497f4e0460d03940930480ce84a5b6a2459a720319918f50418d3293,D1,D1,quinoa,[],operator-corrective-review-v2,full-ontology-resolution-v2,Reviewed exact title-to-existing-identity assertion; provider reference remains owner context only,full-ontology-resolution/pilot-provider-workbook.csv
cookidoo,ingredient-topology-v1,com.vorwerk.ingredients.Ingredient-rpf,com.vorwerk.ingredients.Ingredient-rpf-1332,bulgur wheat,68843507b03b65a4b1694bc2b802b37d21d36817762ae909cc45779fb3952651,consistent,0,1,5868703bdd5f7f96ac53547e862c416ed3b0a2dc5dabef35a6c857beba37967c,D8,D8,,{},operator-corrective-review-v2,full-ontology-resolution-v2,Reviewed provider-specific unresolved term,full-ontology-resolution/pilot-provider-workbook.csv
cookidoo,ingredient-topology-v1,com.vorwerk.ingredients.Ingredient-rpf,com.vorwerk.ingredients.Ingredient-rpf-134,"parsley leaf, fresh",8a5e671171f7f903fb19cf95b240d003ad21a01d8bb5c980d64104562b797b3b,consistent,0,8,8f8352df1e8e4c33cfea7c06b497280f079abe3a5f1f0eb375818c2e79cfc039,D8,D8,,{},operator-corrective-review-v2,full-ontology-resolution-v2,Reviewed provider-specific unresolved term,full-ontology-resolution/pilot-provider-workbook.csv
cookidoo,ingredient-topology-v1,com.vorwerk.ingredients.Ingredient-rpf,com.vorwerk.ingredients.Ingredient-rpf-1346,millet grain,eaf30e160f89988bab0d3d7d63bc467ac98fdc7d990346d2c71d27aefa04c3f7,consistent,0,1,57f60cefa7728fe277bf165ce8d6932b0bfaf52fd0986c30c353ee6e3cc7af47,D8,D8,,{},operator-corrective-review-v2,full-ontology-resolution-v2,Reviewed provider-specific unresolved term,full-ontology-resolution/pilot-provider-workbook.csv
cookidoo,ingredient-topology-v1,com.vorwerk.ingredients.Ingredient-rpf,com.vorwerk.ingredients.Ingredient-rpf-1354,garlic powder,f6e89fa0477257e8dd9521f462faf76fbeffdf33268da17fa9185d94e5c5e26f,consistent,0,4,7a8644f90bfe47dbb170f01a176fdc9f0269f757df30da990cc605e0bed908d3,D2,D2,garlic,"{""form"":""powder""}",operator-corrective-review-v2,full-ontology-resolution-v2,Reviewed exact title-to-existing-identity assertion; provider reference remains owner context only,full-ontology-resolution/pilot-provider-workbook.csv
cookidoo,ingredient-topology-v1,com.vorwerk.ingredients.Ingredient-rpf,com.vorwerk.ingredients.Ingredient-rpf-136,Worcestershire sauce,330958a77f98de6b476ac51c9561cc83cdcc9b47eb4e573be16bdd1e3eeac450,consistent,0,11,cbdd8ed72914146e94e7cfac84c515b54066770c1243d81fb29c0b8655e29cf2,D1,D1,worcestershire-sauce,[],operator-corrective-review-v2,full-ontology-resolution-v2,Reviewed exact title-to-existing-identity assertion; provider reference remains owner context only,full-ontology-resolution/pilot-provider-workbook.csv
cookidoo,ingredient-topology-v1,com.vorwerk.ingredients.Ingredient-rpf,com.vorwerk.ingredients.Ingredient-rpf-1365,"squid, whole, any size",61cc4226c9e2f272165a4a79aa66ea358f3cca54edaaf41f32ed8b7fd8fe7304,consistent,1,1,02fc2ba6eda16d4609be013540c28caf30ec7e970d09e53d65efd8a6a3b7845e,D8,D8,,{},operator-corrective-review-v2,full-ontology-resolution-v2,Reviewed provider-specific unresolved term,full-ontology-resolution/pilot-provider-workbook.csv
cookidoo,ingredient-topology-v1,com.vorwerk.ingredients.Ingredient-rpf,com.vorwerk.ingredients.Ingredient-rpf-1366,"oregano, fresh",3c2225abedb5638db5a81319c7cbac5c385c4d7ac56d4e4824b672309c05546b,consistent,0,1,5664ad8404f3bb06018d8529d102e7c39110ac6c43e2d415f0ff58d3fab2d897,D8,D8,,{},operator-corrective-review-v2,full-ontology-resolution-v2,Reviewed provider-specific unresolved term,full-ontology-resolution/pilot-provider-workbook.csv
cookidoo,ingredient-topology-v1,com.vorwerk.ingredients.Ingredient-rpf,com.vorwerk.ingredients.Ingredient-rpf-137,"breadcrumbs, dried",6528aad9b083f6a62df082fe7ec552bd7ea063c41c128759d2569ba12e2f8e3b,consistent,0,9,0491bdc93f6c667b6874c874a9a6324066f6edcedbaac53f8bccf673bc33762c,D8,D8,,{},operator-corrective-review-v2,full-ontology-resolution-v2,Reviewed provider-specific unresolved term,full-ontology-resolution/pilot-provider-workbook.csv
cookidoo,ingredient-topology-v1,com.vorwerk.ingredients.Ingredient-rpf,com.vorwerk.ingredients.Ingredient-rpf-1377,"silken tofu, any type",6e97b8d7743d043b7f1429cc8482f06a63599241c04175fe706871eaec513cf8,consistent,1,1,bdce0867da9ed7ef6e520e1cab81cb0375a0f890704fce64ba9a95ae88d64562,D8,D8,,{},operator-corrective-review-v2,full-ontology-resolution-v2,Reviewed provider-specific unresolved term,full-ontology-resolution/pilot-provider-workbook.csv
cookidoo,ingredient-topology-v1,com.vorwerk.ingredients.Ingredient-rpf,com.vorwerk.ingredients.Ingredient-rpf-1394,"vanilla, ground",81e18974c8964cdf22b116c7eba7d1e6eec72a51537bddd82e0fcf176445ce50,consistent,0,1,f053425e1068063f160059b6198770e847ddce540edaa650091a14d6db2b24aa,D8,D8,,{},operator-corrective-review-v2,full-ontology-resolution-v2,Reviewed provider-specific unresolved term,full-ontology-resolution/pilot-provider-workbook.csv
cookidoo,ingredient-topology-v1,com.vorwerk.ingredients.Ingredient-rpf,com.vorwerk.ingredients.Ingredient-rpf-1395,deep-frying oil,a1176dc63678745388776f49f63e2996acd4e9d8655084410c76f327650c65d4,consistent,0,1,3c5dcf76906ecdd89cb4ebffda296e0adfba1ac9cad449e31e15ac6922abc968,D8,D8,,{},operator-corrective-review-v2,full-ontology-resolution-v2,Reviewed provider-specific unresolved term,full-ontology-resolution/pilot-provider-workbook.csv
cookidoo,ingredient-topology-v1,com.vorwerk.ingredients.Ingredient-rpf,com.vorwerk.ingredients.Ingredient-rpf-14,cow milk,234bc7ef651b7efaf6523e296ac6778aeaea012f429e5890d1fd142eda134315,consistent,0,17,5d6440d0734ff828c4358688725701a0670146d13193582d5b8c14092e5fcd82,D8,D8,,{},operator-corrective-review-v2,full-ontology-resolution-v2,Reviewed provider-specific unresolved term,full-ontology-resolution/pilot-provider-workbook.csv
cookidoo,ingredient-topology-v1,com.vorwerk.ingredients.Ingredient-rpf,com.vorwerk.ingredients.Ingredient-rpf-1403,beef fillet steak,7d5b62047babe471cb16c2a45ef80099568697ac7ec50e450be453be93067268,consistent,0,1,176af43f88033039a386e941a08add423bb46825247a30719d7442069c9fb1f9,D8,D8,,{},operator-corrective-review-v2,full-ontology-resolution-v2,Reviewed provider-specific unresolved term,full-ontology-resolution/pilot-provider-workbook.csv
cookidoo,ingredient-topology-v1,com.vorwerk.ingredients.Ingredient-rpf,com.vorwerk.ingredients.Ingredient-rpf-1406,"bamboo shoot, canned",66fc1282330ed1c9f851cb851eb37f2ed6485bdb9171ea73d6b973ae1cd7acd9,consistent,0,2,5e0f8674ba4a85aa2c794ca0f13e9d4775840d161f5b4b00aac7f57849fbd318,D8,D8,,{},operator-corrective-review-v2,full-ontology-resolution-v2,Reviewed provider-specific unresolved term,full-ontology-resolution/pilot-provider-workbook.csv
cookidoo,ingredient-topology-v1,com.vorwerk.ingredients.Ingredient-rpf,com.vorwerk.ingredients.Ingredient-rpf-1414,Cheddar cheese,162aee2f56be01284ed76dac7bf58cf2eb783b143e0865c0cd238400a3b95868,consistent,0,6,955743e0ffc2f71840771d536d3b49a65272755da96f4b4c24e2d0e3eec4cd7d,D1,D1,cheddar,[],operator-corrective-review-v2,full-ontology-resolution-v2,Reviewed exact title-to-existing-identity assertion; provider reference remains owner context only,full-ontology-resolution/pilot-provider-workbook.csv
cookidoo,ingredient-topology-v1,com.vorwerk.ingredients.Ingredient-rpf,com.vorwerk.ingredients.Ingredient-rpf-1417,"coffee, brewed",7a69f578dbbfdfef0f718e943b7c51b0dbe12034f8f64569ae4b6d43de2cd6b7,consistent,0,1,e8349ce2d5f5feb273e49b6065b87e05c37f1208d38d64bc9ccc81d1da024776,D8,D8,,{},operator-corrective-review-v2,full-ontology-resolution-v2,Reviewed provider-specific unresolved term,full-ontology-resolution/pilot-provider-workbook.csv
cookidoo,ingredient-topology-v1,com.vorwerk.ingredients.Ingredient-rpf,com.vorwerk.ingredients.Ingredient-rpf-1431,fruit,9209526aaa61b0709dbb838e14686a26c4a03b53e8eedf34c7e5f6f606110d8c,consistent,0,1,ee799dcb2e6cc6dec4354b0e19e26111487adfd8c11e6f5c3dae1f585077e22d,D8,D8,,{},operator-corrective-review-v2,full-ontology-resolution-v2,Reviewed provider-specific unresolved term,full-ontology-resolution/pilot-provider-workbook.csv
cookidoo,ingredient-topology-v1,com.vorwerk.ingredients.Ingredient-rpf,com.vorwerk.ingredients.Ingredient-rpf-1432,garam masala,e40c11342119841a58909f283cfd6f8edaba5173947c1d5dbbaf761dd3706155,consistent,0,3,8bc5cb0ad512819d0cf00f05fa70a90f1c01b636b2d6fc0aa49f37fd1b9c9e97,D1,D1,garam-masala,[],operator-corrective-review-v2,full-ontology-resolution-v2,Reviewed exact title-to-existing-identity assertion; provider reference remains owner context only,full-ontology-resolution/pilot-provider-workbook.csv
cookidoo,ingredient-topology-v1,com.vorwerk.ingredients.Ingredient-rpf,com.vorwerk.ingredients.Ingredient-rpf-1434,"green chilli, fresh",60423ee3d790071ab5217a7acc4aec367b07b37fc4808d4b44d2f0ca05802b6f,consistent,0,2,9b7d3592559f3f5356cc45549078c48e2d24c58c21d7ed5df294d945009ba116,D8,D8,,{},operator-corrective-review-v2,full-ontology-resolution-v2,Reviewed provider-specific unresolved term,full-ontology-resolution/pilot-provider-workbook.csv
cookidoo,ingredient-topology-v1,com.vorwerk.ingredients.Ingredient-rpf,com.vorwerk.ingredients.Ingredient-rpf-144,"gin, any type",94cdaea0989753af49e16376c3e45c9b415e95cc39e4cffa972b8883b44e1e5d,consistent,1,1,723ea75e34a44289571bf54457212e6391c12844a65bef6c4fa1c5a32ed11f94,D8,D8,,{},operator-corrective-review-v2,full-ontology-resolution-v2,Reviewed provider-specific unresolved term,full-ontology-resolution/pilot-provider-workbook.csv
cookidoo,ingredient-topology-v1,com.vorwerk.ingredients.Ingredient-rpf,com.vorwerk.ingredients.Ingredient-rpf-1440,neutral oil,24b919a969bc14e079da79f981b2cff0ccbff05fa7a50296214ee517595f6b4a,consistent,0,2,a197d398a332447a6c085533a63006e4b8c99607af3f4aa0521c98893d1d2295,D8,D8,,{},operator-corrective-review-v2,full-ontology-resolution-v2,Reviewed provider-specific unresolved term,full-ontology-resolution/pilot-provider-workbook.csv
cookidoo,ingredient-topology-v1,com.vorwerk.ingredients.Ingredient-rpf,com.vorwerk.ingredients.Ingredient-rpf-1442,orange flower water,5957e8b139b5ec3281fbf615313e0cf8a3c3617e9da7a3ecbf6778e108c06230,consistent,0,2,8a573217bc380267520693324e4183d462fb3ec16f5564839e761f6b630cf627,D8,D8,,{},operator-corrective-review-v2,full-ontology-resolution-v2,Reviewed provider-specific unresolved term,full-ontology-resolution/pilot-provider-workbook.csv
cookidoo,ingredient-topology-v1,com.vorwerk.ingredients.Ingredient-rpf,com.vorwerk.ingredients.Ingredient-rpf-1444,oyster sauce,11e6be9cf9209f68a8ae1d9e4965f4d18bc6614ffef1162b80e17c03189b8aa7,consistent,0,8,6be23a227c43309ba2d855c8f5ea31d7fe3ac8e89ebae97de36f8d48fb3c29f3,D8,D8,,{},operator-corrective-review-v2,full-ontology-resolution-v2,Reviewed provider-specific unresolved term,full-ontology-resolution/pilot-provider-workbook.csv
cookidoo,ingredient-topology-v1,com.vorwerk.ingredients.Ingredient-rpf,com.vorwerk.ingredients.Ingredient-rpf-1448,"pork meat, boneless",5af95b85ebb6d51eb19bf52cbdeb1e38cdeb324bb78c5aa6478e9ef20a91b644,consistent,0,1,8f549a916081f95a1f728372034b1a5e9b2a6bf3a5e2e81d72b2ded59c35874a,D8,D8,,{},operator-corrective-review-v2,full-ontology-resolution-v2,Reviewed provider-specific unresolved term,full-ontology-resolution/pilot-provider-workbook.csv
cookidoo,ingredient-topology-v1,com.vorwerk.ingredients.Ingredient-rpf,com.vorwerk.ingredients.Ingredient-rpf-145,milk chocolate,7073ba391f6781ee969ea9b37004effb0c0d9c9718e167f1c806e7ece89d8509,consistent,0,1,259f76d1e4ef9cfb26dce7aeeafd74df632edf9e0048a3dbabb1ad47a8606c2c,D2,D2,chocolate,"{""chocolate_class"":""milk""}",operator-corrective-review-v2,full-ontology-resolution-v2,Reviewed exact title-to-existing-identity assertion; provider reference remains owner context only,full-ontology-resolution/pilot-provider-workbook.csv
cookidoo,ingredient-topology-v1,com.vorwerk.ingredients.Ingredient-rpf,com.vorwerk.ingredients.Ingredient-rpf-1450,rice vinegar,62d74ac3c5bcc094610be12c34f0878e4267ed6b95b5c0f5ed142681b2d90db9,consistent,0,11,6e2cfcdccce64aa303b55d4a3c4b8368f13dfbf6b4d375abdce4320b83e8ce66,D2,D2,vinegar,"{""variety"":""rice""}",operator-corrective-review-v2,full-ontology-resolution-v2,Reviewed exact title-to-existing-identity assertion; provider reference remains owner context only,full-ontology-resolution/pilot-provider-workbook.csv
cookidoo,ingredient-topology-v1,com.vorwerk.ingredients.Ingredient-rpf,com.vorwerk.ingredients.Ingredient-rpf-1453,sherry vinegar,a5525d7218c32c3b33330dba2841b07662ed77487ebd58496996a5071cdc92ae,consistent,0,1,be06cd3c3d7a89a1de4afd53cdf2b505a7f016d83869f4f9eff8a893a110b3f5,D8,D8,,{},operator-corrective-review-v2,full-ontology-resolution-v2,Reviewed provider-specific unresolved term,full-ontology-resolution/pilot-provider-workbook.csv
cookidoo,ingredient-topology-v1,com.vorwerk.ingredients.Ingredient-rpf,com.vorwerk.ingredients.Ingredient-rpf-1458,"flat-leaf parsley, fresh",ba4e76215c3c02fbf2746e67f3853ec2869197eb67d65aa5ff7609990bf35033,consistent,0,14,a21dd6433c6188c462773c30cef3e99a5a47625cf7ed1d763d8b1b6c1988e57d,D8,D8,,{},operator-corrective-review-v2,full-ontology-resolution-v2,Reviewed provider-specific unresolved term,full-ontology-resolution/pilot-provider-workbook.csv
cookidoo,ingredient-topology-v1,com.vorwerk.ingredients.Ingredient-rpf,com.vorwerk.ingredients.Ingredient-rpf-146,"salmon fillet, fresh, skin on or skinless",551b36e45ac62e2e2d6040b85d8fea0df49afec760fe0c6dffeaec7a2006ba78,consistent,0,1,120e4dc624b52ddd7a0d9482d3f708d98b940c44dd2a7ffcce1876cac1178cd5,D8,D8,,{},operator-corrective-review-v2,full-ontology-resolution-v2,Reviewed provider-specific unresolved term,full-ontology-resolution/pilot-provider-workbook.csv
cookidoo,ingredient-topology-v1,com.vorwerk.ingredients.Ingredient-rpf,com.vorwerk.ingredients.Ingredient-rpf-1461,stout beer,d8f74f6d1afcd5e937eb6f4a7de5af043169327e2dc0ceaacdc4832fcad6c47d,consistent,0,1,8736ccb8c8865c35db7f98279db06d6e6f7b337f4b1443f692cd806fa50ee036,D8,D8,,{},operator-corrective-review-v2,full-ontology-resolution-v2,Reviewed provider-specific unresolved term,full-ontology-resolution/pilot-provider-workbook.csv
cookidoo,ingredient-topology-v1,com.vorwerk.ingredients.Ingredient-rpf,com.vorwerk.ingredients.Ingredient-rpf-1462,bread flour,f9b56b01636781b5efb176a874d1d12b0d31c3f40d130a6149c84fc4a5f8f1ae,consistent,0,3,7708e3343ab129fd344a21173ede11a376dcd80341712c3bcdff4df9bdf1d973,D2,D2,flour,"{""form"":""flour"",""refinement"":""bread""}",operator-corrective-review-v2,full-ontology-resolution-v2,Reviewed exact title-to-existing-identity assertion; provider reference remains owner context only,full-ontology-resolution/pilot-provider-workbook.csv
cookidoo,ingredient-topology-v1,com.vorwerk.ingredients.Ingredient-rpf,com.vorwerk.ingredients.Ingredient-rpf-1463,sugar beet molasses,eed23e7e12765ad3690268fb75eebcf828d31481705f41ebc44282e0fb477feb,consistent,0,1,07252a8ee4c8f1243c5f7a78c0f8b4a2eca85c01c3039b08930c76e31f1cce53,D8,D8,,{},operator-corrective-review-v2,full-ontology-resolution-v2,Reviewed provider-specific unresolved term,full-ontology-resolution/pilot-provider-workbook.csv
cookidoo,ingredient-topology-v1,com.vorwerk.ingredients.Ingredient-rpf,com.vorwerk.ingredients.Ingredient-rpf-1468,"turmeric, fresh",99ba81bddd9708ca528bd93122cb0e3f8bcaba68f4fb9c289cb29dc929724650,consistent,0,4,208fffb4f5e0b949ba503c15cd23d7dc6bff09b53c70c82d7fe86f944b658f21,D8,D8,,{},operator-corrective-review-v2,full-ontology-resolution-v2,Reviewed provider-specific unresolved term,full-ontology-resolution/pilot-provider-workbook.csv
cookidoo,ingredient-topology-v1,com.vorwerk.ingredients.Ingredient-rpf,com.vorwerk.ingredients.Ingredient-rpf-147,"shrimp, small, peeled",faf9e63e3a258ae744c905a271ca4afc027169ac2c78d9ed01970cb6456b53a4,consistent,0,1,ff33ff16d59dcb98aabe1c848c777ca10e2a401853ab6a534cb30d93a1b4c30a,D8,D8,,{},operator-corrective-review-v2,full-ontology-resolution-v2,Reviewed provider-specific unresolved term,full-ontology-resolution/pilot-provider-workbook.csv
cookidoo,ingredient-topology-v1,com.vorwerk.ingredients.Ingredient-rpf,com.vorwerk.ingredients.Ingredient-rpf-148,brandy,270d76c78b081db72f35458cc7b0019ced8e29da7ec15a77d99533a0dcb06c1d,consistent,0,2,03b04420fb83620b4acb7b5ed7df4e459cc346e5b2b14032219a95f72744e58e,D8,D8,,{},operator-corrective-review-v2,full-ontology-resolution-v2,Reviewed provider-specific unresolved term,full-ontology-resolution/pilot-provider-workbook.csv
cookidoo,ingredient-topology-v1,com.vorwerk.ingredients.Ingredient-rpf,com.vorwerk.ingredients.Ingredient-rpf-1483,"sweetener, any kind",47e8cd2c46557f12de5b6d2efbecd64a982cb78a223af62fe3e80b8f7af7e193,consistent,1,1,ec81cef27a46c13d3f6b05a344ebe446e1e05f7f0f14cc6164c6a2e76e36997f,D8,D8,,{},operator-corrective-review-v2,full-ontology-resolution-v2,Reviewed provider-specific unresolved term,full-ontology-resolution/pilot-provider-workbook.csv
cookidoo,ingredient-topology-v1,com.vorwerk.ingredients.Ingredient-rpf,com.vorwerk.ingredients.Ingredient-rpf-149,balsamic vinegar,81788e0eb4c27b9959aab99bfc0a68034508f5fc025ed21292f95c759bfeffea,consistent,0,2,0533f99e439aa1a8f9992d660941be52f64d8b1b40c3e66cca565de58a39ea1f,D2,D2,vinegar,"{""variety"":""balsamic""}",operator-corrective-review-v2,full-ontology-resolution-v2,Reviewed exact title-to-existing-identity assertion; provider reference remains owner context only,full-ontology-resolution/pilot-provider-workbook.csv
cookidoo,ingredient-topology-v1,com.vorwerk.ingredients.Ingredient-rpf,com.vorwerk.ingredients.Ingredient-rpf-15,"coriander, fresh",c85ddbb040b89dad46f397c4dc8950afb31db146029083d9f66821c5c2bb9bf0,consistent,0,26,47845e72bf15fe1f66f9ee31c35aaded4eeed1463c66c3e0e7916b2df78097e8,D8,D8,,{},operator-corrective-review-v2,full-ontology-resolution-v2,Reviewed provider-specific unresolved term,full-ontology-resolution/pilot-provider-workbook.csv
cookidoo,ingredient-topology-v1,com.vorwerk.ingredients.Ingredient-rpf,com.vorwerk.ingredients.Ingredient-rpf-1502,"parsley, dried",ae1ce85153da48f7655aaaab634d68cf2f158d4a54224a6261adab8d19763825,consistent,0,1,fc45ee53c48e399cd88f37e17c7e7be95a6de49336577479194233452e809393,D8,D8,,{},operator-corrective-review-v2,full-ontology-resolution-v2,Reviewed provider-specific unresolved term,full-ontology-resolution/pilot-provider-workbook.csv
cookidoo,ingredient-topology-v1,com.vorwerk.ingredients.Ingredient-rpf,com.vorwerk.ingredients.Ingredient-rpf-15062,"chicken leg meat, skinless, boneless",8c9fee2100237b12182f5b5c96909c6721eb076e771de90c66454bf743916d5a,consistent,0,5,bbfe16a7dddaa0a98bf79286eda76ebf0fc8ba9f069e2c3e442d61629bfae0e5,D8,D8,,{},operator-corrective-review-v2,full-ontology-resolution-v2,Reviewed provider-specific unresolved term,full-ontology-resolution/pilot-provider-workbook.csv
cookidoo,ingredient-topology-v1,com.vorwerk.ingredients.Ingredient-rpf,com.vorwerk.ingredients.Ingredient-rpf-151,vegetable oil,af8378fd29c209e2003a26c6b646a09f2661e6a9855b74f27b0532987a9c0436,consistent,0,27,cdee65d7cbf616a47e10361e6ac5ed1f513a59741a9867ea986b5852b7c885be,D2,D2,oil,"{""variety"":""vegetable""}",operator-corrective-review-v2,full-ontology-resolution-v2,Reviewed exact title-to-existing-identity assertion; provider reference remains owner context only,full-ontology-resolution/pilot-provider-workbook.csv
cookidoo,ingredient-topology-v1,com.vorwerk.ingredients.Ingredient-rpf,com.vorwerk.ingredients.Ingredient-rpf-1510,spice (any kind),58292c27d9ee5be4f276d3cc52d2b17f3789dc4e70d4af3d90eeaadb23299351,consistent,1,1,abd95061eda109daea137d3ae5136d85206101566072476b505ad992165495a8,D8,D8,,{},operator-corrective-review-v2,full-ontology-resolution-v2,Reviewed provider-specific unresolved term,full-ontology-resolution/pilot-provider-workbook.csv
cookidoo,ingredient-topology-v1,com.vorwerk.ingredients.Ingredient-rpf,com.vorwerk.ingredients.Ingredient-rpf-1514,beer,1d8b4cf854cd42f4868849c4ce329da72c406cc11983b4bf45acdae0805f7a72,consistent,0,1,372aa1c05ad3aa9f0509ee995a5c2d8ee2ab4fd5deedf137bf304ebdf3e52a35,D8,D8,,{},operator-corrective-review-v2,full-ontology-resolution-v2,Reviewed provider-specific unresolved term,full-ontology-resolution/pilot-provider-workbook.csv
cookidoo,ingredient-topology-v1,com.vorwerk.ingredients.Ingredient-rpf,com.vorwerk.ingredients.Ingredient-rpf-15196,"butter, unsalted or salted (from cows' milk)",1966755b8236ce397c58ae4e040586acf299a1acf0fbaf33041169cd2c34a208,consistent,0,14,7911545b83e048a405d5e641d0f7f971f3e83bd608bcabaf26e6bb4c5b764e72,D8,D8,,{},operator-corrective-review-v2,full-ontology-resolution-v2,Reviewed provider-specific unresolved term,full-ontology-resolution/pilot-provider-workbook.csv
cookidoo,ingredient-topology-v1,com.vorwerk.ingredients.Ingredient-rpf,com.vorwerk.ingredients.Ingredient-rpf-15198,apple (any type),66158eddc5119b6e076b31ff28f703d3d1e7b8505d7a40205f20ccf0c8257701,consistent,1,2,6f3cebced8dc76d738abc363edc9c5503bd36ec67388611542100630001b842b,D8,D8,,{},operator-corrective-review-v2,full-ontology-resolution-v2,Reviewed provider-specific unresolved term,full-ontology-resolution/pilot-provider-workbook.csv
cookidoo,ingredient-topology-v1,com.vorwerk.ingredients.Ingredient-rpf,com.vorwerk.ingredients.Ingredient-rpf-15202,"rice, type basmati",23030d9d3174cd72351d4593e868f4654cbf870ae3f61672414ba18165c0e622,consistent,0,2,d41a21006be2ec90183796d4ca02e1a46d0f694ce80b24e9f8a1c2a0b99cf6c6,D8,D8,,{},operator-corrective-review-v2,full-ontology-resolution-v2,Reviewed provider-specific unresolved term,full-ontology-resolution/pilot-provider-workbook.csv
cookidoo,ingredient-topology-v1,com.vorwerk.ingredients.Ingredient-rpf,com.vorwerk.ingredients.Ingredient-rpf-15218,mixed white vegetables,089fa3a7293e70cf0cfac7cf8f93231aef9de2c8c2e92b5d4ba84d33fc511dec,consistent,0,1,9c1f59b5b99f4543dd81f178e577161d893a51a84c893e5b12f1306f1953226c,D8,D8,,{},operator-corrective-review-v2,full-ontology-resolution-v2,Reviewed provider-specific unresolved term,full-ontology-resolution/pilot-provider-workbook.csv
cookidoo,ingredient-topology-v1,com.vorwerk.ingredients.Ingredient-rpf,com.vorwerk.ingredients.Ingredient-rpf-15273,"cream, any type (from cow's milk)",0d473587b0a170b83a7a44c681682b3f8f3271dd2d1c4873076c8302e5fae223,consistent,1,2,22ca0c10d64b47330c0e7af4797d989b3a3db08fd0118c723f2ee5c20c53df20,D8,D8,,{},operator-corrective-review-v2,full-ontology-resolution-v2,Reviewed provider-specific unresolved term,full-ontology-resolution/pilot-provider-workbook.csv
cookidoo,ingredient-topology-v1,com.vorwerk.ingredients.Ingredient-rpf,com.vorwerk.ingredients.Ingredient-rpf-15274,cream cheese,667fa0a5c775e95bad1054b29a86ad0a9a861918c6dc476ef61be2be9816ee16,consistent,0,8,014ea6251269dd069854e533b5020e818d576710b114f7ac36c3f59cc9aded18,D8,D8,,{},operator-corrective-review-v2,full-ontology-resolution-v2,Reviewed provider-specific unresolved term,full-ontology-resolution/pilot-provider-workbook.csv
cookidoo,ingredient-topology-v1,com.vorwerk.ingredients.Ingredient-rpf,com.vorwerk.ingredients.Ingredient-rpf-153,"raisin, all varieties",15ffe23ae0204911b10600af18f2b4e539415cdb3c456e3c355a39f8c140e394,consistent,1,5,aa4b3e4442bd8dbe43b9c09f77ea75dab3b02b03b8786045fd8fdfc8a0d068ad,D8,D8,,{},operator-corrective-review-v2,full-ontology-resolution-v2,Reviewed provider-specific unresolved term,full-ontology-resolution/pilot-provider-workbook.csv
cookidoo,ingredient-topology-v1,com.vorwerk.ingredients.Ingredient-rpf,com.vorwerk.ingredients.Ingredient-rpf-1548,buttermilk,1dc1bc0d817669e838ad5984c319c78a2ea43a2c59b10d4bcd27c638dca08c99,consistent,0,1,fce96f5bcad98a3e61da0332168aaf9c840083ea13bb3fd9f7ca274589bf2fe0,D1,D1,buttermilk,[],operator-corrective-review-v2,full-ontology-resolution-v2,Reviewed exact title-to-existing-identity assertion; provider reference remains owner context only,full-ontology-resolution/pilot-provider-workbook.csv
cookidoo,ingredient-topology-v1,com.vorwerk.ingredients.Ingredient-rpf,com.vorwerk.ingredients.Ingredient-rpf-1554,"cranberry, dried",30e9c0e74a844f14e3e1a123c14c62a7976e297b54b006a07d47f810dd78e9cb,consistent,0,2,180b99e4198f3e92820baa8093d368a5a4861667ab76e832e1f6430e388a7e51,D8,D8,,{},operator-corrective-review-v2,full-ontology-resolution-v2,Reviewed provider-specific unresolved term,full-ontology-resolution/pilot-provider-workbook.csv
cookidoo,ingredient-topology-v1,com.vorwerk.ingredients.Ingredient-rpf,com.vorwerk.ingredients.Ingredient-rpf-1559,maize tortilla,099bd0269acaa180c5f181ae379490df2bbf77a15a7a2ede3d3701b419baa14f,consistent,0,1,03a8dc3e97d952dab8a9cc746d36e8d2a415460d2fcf6a0765bf3ee422126dd0,D8,D8,,{},operator-corrective-review-v2,full-ontology-resolution-v2,Reviewed provider-specific unresolved term,full-ontology-resolution/pilot-provider-workbook.csv
cookidoo,ingredient-topology-v1,com.vorwerk.ingredients.Ingredient-rpf,com.vorwerk.ingredients.Ingredient-rpf-1564,"Cheddar cheese, grated",ef057ec7c4c99d7d0a923d7af86f16166a830952cdcc7f192f6324b6d34bb803,consistent,0,1,a9bec4b023945211483a131ccc9a11a6e5448391e592549409f11212ebf84740,D8,D8,,{},operator-corrective-review-v2,full-ontology-resolution-v2,Reviewed provider-specific unresolved term,full-ontology-resolution/pilot-provider-workbook.csv
cookidoo,ingredient-topology-v1,com.vorwerk.ingredients.Ingredient-rpf,com.vorwerk.ingredients.Ingredient-rpf-1565,"curd cheese, lean (quark)",54ab7e027cd2f904ac8ab39bf8186236e176579c0fd8f87fe17a621ec8c26363,consistent,0,1,8d610ebfc571ca66a4b3be5dd04b8629a76eca13004d03cce5eaa74d3a07f8f5,D8,D8,,{},operator-corrective-review-v2,full-ontology-resolution-v2,Reviewed provider-specific unresolved term,full-ontology-resolution/pilot-provider-workbook.csv
cookidoo,ingredient-topology-v1,com.vorwerk.ingredients.Ingredient-rpf,com.vorwerk.ingredients.Ingredient-rpf-157,"pineapple, fresh",be9c0efe447fe33228aa817805730f6c12f2a4b072f4d89a12d7171293de2189,consistent,0,1,c127f4133a27edca9835aa9a4224730176a17197e85620b8183316d5171fad1d,D8,D8,,{},operator-corrective-review-v2,full-ontology-resolution-v2,Reviewed provider-specific unresolved term,full-ontology-resolution/pilot-provider-workbook.csv
cookidoo,ingredient-topology-v1,com.vorwerk.ingredients.Ingredient-rpf,com.vorwerk.ingredients.Ingredient-rpf-159,soy sauce,da72b5fbd6dd6d0f423410f66d615ea18251630f148e6152e569129b81590a81,consistent,0,19,58b56a62afc771b0267a36472c250b30f8de200aad1442eb95d4a7ea7cd19b60,D1,D1,soy-sauce,[],operator-corrective-review-v2,full-ontology-resolution-v2,Reviewed exact title-to-existing-identity assertion; provider reference remains owner context only,full-ontology-resolution/pilot-provider-workbook.csv
cookidoo,ingredient-topology-v1,com.vorwerk.ingredients.Ingredient-rpf,com.vorwerk.ingredients.Ingredient-rpf-16,"cream, whipping, 30-40% fat",d16eefc4fe6f43858e05a12dcabe0fb59dc86338601dd88ac86693076250b25c,consistent,0,9,d27bb5ee0afe423c08a5fc8556d9af980c337930dddb172019c1478a34ad64b1,D8,D8,,{},operator-corrective-review-v2,full-ontology-resolution-v2,Reviewed provider-specific unresolved term,full-ontology-resolution/pilot-provider-workbook.csv
cookidoo,ingredient-topology-v1,com.vorwerk.ingredients.Ingredient-rpf,com.vorwerk.ingredients.Ingredient-rpf-1601,"shiitake mushroom, dried",e040c8dceec109ce596b7bd136d6dd86b7c9fe1d67e73dd26789dee5e5b8f0dc,consistent,0,3,18ba5d745cfd62d3d19e9dfa7ca165791d603ed2d09fe77eaf4bb327d1d41e72,D8,D8,,{},operator-corrective-review-v2,full-ontology-resolution-v2,Reviewed provider-specific unresolved term,full-ontology-resolution/pilot-provider-workbook.csv
cookidoo,ingredient-topology-v1,com.vorwerk.ingredients.Ingredient-rpf,com.vorwerk.ingredients.Ingredient-rpf-1602,"pistachio nut, shelled, unsalted",888c03bd24015b7dd4ab7a8addd1130ed29164c45c70156dce4a6f3655bafe2a,consistent,0,1,de73f74f0770fbb510350d8c16535b702f989990154d5f88bd518408b0a18ba7,D8,D8,,{},operator-corrective-review-v2,full-ontology-resolution-v2,Reviewed provider-specific unresolved term,full-ontology-resolution/pilot-provider-workbook.csv
cookidoo,ingredient-topology-v1,com.vorwerk.ingredients.Ingredient-rpf,com.vorwerk.ingredients.Ingredient-rpf-1606,pork spare rib,065193e1c3870b82e570dfba88e87c0f480db0969b1c61b154105de34e23d097,consistent,0,4,f1d612d077001ee7158b679e9444b99ee716180a220612e80673e61016bd5a1f,D8,D8,,{},operator-corrective-review-v2,full-ontology-resolution-v2,Reviewed provider-specific unresolved term,full-ontology-resolution/pilot-provider-workbook.csv
cookidoo,ingredient-topology-v1,com.vorwerk.ingredients.Ingredient-rpf,com.vorwerk.ingredients.Ingredient-rpf-161,clove,9e8c9731465cd632d80ddde8c890cad83b8c96c336e1cb68471bd4e299f8e880,consistent,0,9,d795a895a4c820a1c337a1029300b1ac6855fddb638b5049c0331e3e170017e8,D8,D8,,{},operator-corrective-review-v2,full-ontology-resolution-v2,Reviewed provider-specific unresolved term,full-ontology-resolution/pilot-provider-workbook.csv
cookidoo,ingredient-topology-v1,com.vorwerk.ingredients.Ingredient-rpf,com.vorwerk.ingredients.Ingredient-rpf-1610,citric acid,4c591c30afa436056d0d59362b5c864479846245074291849b51a982300dd1d5,consistent,0,1,49b37482e073207665279271d15bcf12a97a6f57e9b028523c6c210fafa3ee2e,D8,D8,,{},operator-corrective-review-v2,full-ontology-resolution-v2,Reviewed provider-specific unresolved term,full-ontology-resolution/pilot-provider-workbook.csv
cookidoo,ingredient-topology-v1,com.vorwerk.ingredients.Ingredient-rpf,com.vorwerk.ingredients.Ingredient-rpf-1617,sambal oelek,1d4324e74ec104d05eaeb7363000e4996b68f02c2390004875cd7bda7ca6b561,consistent,0,4,60a3b810d32749c4fc732938f5cb787e431d1478fdf9d0c267dd7067ac5e393a,D8,D8,,{},operator-corrective-review-v2,full-ontology-resolution-v2,Reviewed provider-specific unresolved term,full-ontology-resolution/pilot-provider-workbook.csv
cookidoo,ingredient-topology-v1,com.vorwerk.ingredients.Ingredient-rpf,com.vorwerk.ingredients.Ingredient-rpf-162,juniper berry,342cd12b14448b36c4036da5b718f4dfca9f5eab9047da981ac917fd262499a1,consistent,0,1,38d7265b82dd4579c0258c83d17dd79ad0a424a0578bb7633f152cec3218fd13,D8,D8,,{},operator-corrective-review-v2,full-ontology-resolution-v2,Reviewed provider-specific unresolved term,full-ontology-resolution/pilot-provider-workbook.csv
cookidoo,ingredient-topology-v1,com.vorwerk.ingredients.Ingredient-rpf,com.vorwerk.ingredients.Ingredient-rpf-1626,"guajillo chilli, dried",8a8d1a96621e69d9c78357f9a9a56b5d59fbf3b13921374efea73679b319a103,consistent,0,1,6e172d69f39673cbe9fb9e967d2ea60b02667144375814cfef6b813f5bc2f8ac,D8,D8,,{},operator-corrective-review-v2,full-ontology-resolution-v2,Reviewed provider-specific unresolved term,full-ontology-resolution/pilot-provider-workbook.csv
cookidoo,ingredient-topology-v1,com.vorwerk.ingredients.Ingredient-rpf,com.vorwerk.ingredients.Ingredient-rpf-165,cinnamon stick,f94c1a4429df5f78ccaef0d9bb1fb90514c24033d4d6fed5a2a1bd69612ffc4e,consistent,0,6,aaaf7b46510c4a326c1ec34e4fc1f82b48dd127019c218fad91e5fb04208eb70,D8,D8,,{},operator-corrective-review-v2,full-ontology-resolution-v2,Reviewed provider-specific unresolved term,full-ontology-resolution/pilot-provider-workbook.csv
cookidoo,ingredient-topology-v1,com.vorwerk.ingredients.Ingredient-rpf,com.vorwerk.ingredients.Ingredient-rpf-1665,"herbs de Provence, dried",9e0d32da71cce67c81c27d5c135cfbac91c655fa93016fda13e51347dce95838,consistent,0,5,8c6b8d5ca3ad93f99cdc1fa86276e8194a231987b37013b334761bd70083a0f0,D8,D8,,{},operator-corrective-review-v2,full-ontology-resolution-v2,Reviewed provider-specific unresolved term,full-ontology-resolution/pilot-provider-workbook.csv
cookidoo,ingredient-topology-v1,com.vorwerk.ingredients.Ingredient-rpf,com.vorwerk.ingredients.Ingredient-rpf-1667,Italian seasoning,f1fbd6aab69f623ddc3348f57cf5a94efff72c7e0abe2bb23ec91ecd6a2d8b14,consistent,0,8,0b3985291db7aec8bee27f1c538789dd27482b899aaef1f11a4a67e21792a656,D8,D8,,{},operator-corrective-review-v2,full-ontology-resolution-v2,Reviewed provider-specific unresolved term,full-ontology-resolution/pilot-provider-workbook.csv
cookidoo,ingredient-topology-v1,com.vorwerk.ingredients.Ingredient-rpf,com.vorwerk.ingredients.Ingredient-rpf-167,"plum, dried, pitted",581a5d0c3410e44a06ba32f6fe8fec9eba52aac6da68989dc971d011be486316,consistent,0,1,54db016607bedc1e3cefbc83537900ce933ef39403dc933b8825c1c52f1ddf4f,D8,D8,,{},operator-corrective-review-v2,full-ontology-resolution-v2,Reviewed provider-specific unresolved term,full-ontology-resolution/pilot-provider-workbook.csv
cookidoo,ingredient-topology-v1,com.vorwerk.ingredients.Ingredient-rpf,com.vorwerk.ingredients.Ingredient-rpf-168,sunflower seed,c89916bcce8799b3d743615f772214b9106ba0352d57917637b5afc3be694281,consistent,0,1,a51bdcd282a84daed62456c26bae8a65c93ab5c96222ef945c1531491294740a,D1,D1,sunflower-seed,[],operator-corrective-review-v2,full-ontology-resolution-v2,Reviewed exact title-to-existing-identity assertion; provider reference remains owner context only,full-ontology-resolution/pilot-provider-workbook.csv
cookidoo,ingredient-topology-v1,com.vorwerk.ingredients.Ingredient-rpf,com.vorwerk.ingredients.Ingredient-rpf-1682,"sage leaf, fresh",d6133944d68ae24c0575e272b16d649157d869cc7f036caaf16d3c673311ee45,consistent,0,3,39270f36c3bc688538b42a5d65c9c8814b0d856c81379826c2eb61b1e579318e,D8,D8,,{},operator-corrective-review-v2,full-ontology-resolution-v2,Reviewed provider-specific unresolved term,full-ontology-resolution/pilot-provider-workbook.csv
cookidoo,ingredient-topology-v1,com.vorwerk.ingredients.Ingredient-rpf,com.vorwerk.ingredients.Ingredient-rpf-17,"butter, unsalted (from cows' milk)",1e767ff3c55338fdb0384fac273b10b0149c56b7f9002f3fb5f80cb18d22344b,consistent,0,57,82bae18f4ccac288a23ec404558d40d75330f74210dc54f6a5dd6235c71eb4d4,D8,D8,,{},operator-corrective-review-v2,full-ontology-resolution-v2,Reviewed provider-specific unresolved term,full-ontology-resolution/pilot-provider-workbook.csv
cookidoo,ingredient-topology-v1,com.vorwerk.ingredients.Ingredient-rpf,com.vorwerk.ingredients.Ingredient-rpf-1705,gyoza wrapper,3db4b71ddb68874088a43667ea073a1b2ddab5eb5b150bbd915d2056c5ac4a8c,consistent,0,1,f53ded6fc05fc937cda62244ad6247af66906e17bf7fb42a17c06b3979489d87,D8,D8,,{},operator-corrective-review-v2,full-ontology-resolution-v2,Reviewed provider-specific unresolved term,full-ontology-resolution/pilot-provider-workbook.csv
cookidoo,ingredient-topology-v1,com.vorwerk.ingredients.Ingredient-rpf,com.vorwerk.ingredients.Ingredient-rpf-171,"sweet banana (most common type, yellow banana)",1bfba21ad8d820243ec84f07e78a03e4cb769f2a2dadb4980c7990169fd8e027,consistent,0,1,7fa7800caa1c736868e5acf212572748c86a3c108845f1f3298980aab0216891,D8,D8,,{},operator-corrective-review-v2,full-ontology-resolution-v2,Reviewed provider-specific unresolved term,full-ontology-resolution/pilot-provider-workbook.csv
cookidoo,ingredient-topology-v1,com.vorwerk.ingredients.Ingredient-rpf,com.vorwerk.ingredients.Ingredient-rpf-174,baking powder,99d5811f346feea30ae06b41adcad5ecaba96347567634a98c749a4f8b44c037,consistent,0,12,d782e5c2a16ce2bf315db45473e1e7700e0ab89bce498841dcaacfcc1d1fe9e5,D2,D2,baking-powder,"{""form"":""powder""}",operator-corrective-review-v2,full-ontology-resolution-v2,Reviewed exact title-to-existing-identity assertion; provider reference remains owner context only,full-ontology-resolution/pilot-provider-workbook.csv
cookidoo,ingredient-topology-v1,com.vorwerk.ingredients.Ingredient-rpf,com.vorwerk.ingredients.Ingredient-rpf-1755,port wine,a7cb51c1b47735e431912875c66e3657a593af44678006549a6e0108fbc0a3c1,consistent,0,2,0e799406c588b3665e191d7c98ee44419b3353296de1c700108c2563c2799949,D8,D8,,{},operator-corrective-review-v2,full-ontology-resolution-v2,Reviewed provider-specific unresolved term,full-ontology-resolution/pilot-provider-workbook.csv
cookidoo,ingredient-topology-v1,com.vorwerk.ingredients.Ingredient-rpf,com.vorwerk.ingredients.Ingredient-rpf-1757,"hazelnut, blanched",d1e3580166414168d34cc385c67af7ae4d1046e68e7141d416e2b5c35d5c60f6,consistent,0,2,9203d2932c2c73886011737fda48502b842017340f9380815c5ed3d8d37cf5ff,D8,D8,,{},operator-corrective-review-v2,full-ontology-resolution-v2,Reviewed provider-specific unresolved term,full-ontology-resolution/pilot-provider-workbook.csv
cookidoo,ingredient-topology-v1,com.vorwerk.ingredients.Ingredient-rpf,com.vorwerk.ingredients.Ingredient-rpf-1760,"almond extract, natural",cae51a937418158ec218393ece8274144a5f48a1b633bcb73ad9ee9996c863b8,consistent,0,1,4aeb65f57e9c140f265cdd890cab5b3c28f4e56588c3006e04048d897348a166,D8,D8,,{},operator-corrective-review-v2,full-ontology-resolution-v2,Reviewed provider-specific unresolved term,full-ontology-resolution/pilot-provider-workbook.csv
cookidoo,ingredient-topology-v1,com.vorwerk.ingredients.Ingredient-rpf,com.vorwerk.ingredients.Ingredient-rpf-1761,Chinese five-spice powder,9541c1ab5ea2c4560160f27e4980f0de1fcfa416a2627240b30032da73431b60,consistent,0,2,1c0bba01fae887bc883e152c7811dcfcd6677a7f70665573de03b431aa9d24eb,D8,D8,,{},operator-corrective-review-v2,full-ontology-resolution-v2,Reviewed provider-specific unresolved term,full-ontology-resolution/pilot-provider-workbook.csv
cookidoo,ingredient-topology-v1,com.vorwerk.ingredients.Ingredient-rpf,com.vorwerk.ingredients.Ingredient-rpf-1775,soda,a4cf5e703ea05d936c9ce640e30f76595eb6d9837db27bea18510f16d55884c7,consistent,0,1,aa2468b1678f74e05507c106c9d99a7c1483c562e7f63958c31820dafe164174,D8,D8,,{},operator-corrective-review-v2,full-ontology-resolution-v2,Reviewed provider-specific unresolved term,full-ontology-resolution/pilot-provider-workbook.csv
cookidoo,ingredient-topology-v1,com.vorwerk.ingredients.Ingredient-rpf,com.vorwerk.ingredients.Ingredient-rpf-177522,"pumpkin spice mix, homemade",d5f82a54e6254c6de92dae3dc8a22cf6d2d4d8cb52aab1fc69621422a09abec5,consistent,0,1,6e4fd7df38d5a46d6f9f02ca8e466123c30623690044542799d7d978d39aeaf7,D8,D8,,{},operator-corrective-review-v2,full-ontology-resolution-v2,Reviewed provider-specific unresolved term,full-ontology-resolution/pilot-provider-workbook.csv
cookidoo,ingredient-topology-v1,com.vorwerk.ingredients.Ingredient-rpf,com.vorwerk.ingredients.Ingredient-rpf-178,"soybean, yellow, dried",b683c59ae39690f232d2d547dd4a3621e66304ee6219caf9ad336d100c62bc3a,consistent,0,1,f9c7cb3dfc452bf02e9c35c161c6af4c4c55c7d8d73165bf7d1d688a199fbde3,D8,D8,,{},operator-corrective-review-v2,full-ontology-resolution-v2,Reviewed provider-specific unresolved term,full-ontology-resolution/pilot-provider-workbook.csv
cookidoo,ingredient-topology-v1,com.vorwerk.ingredients.Ingredient-rpf,com.vorwerk.ingredients.Ingredient-rpf-1798,"rice, white, type Arborio",c1566729b5b3c26976e652bb6eaee0986199bd92901319e895a2182c049de5e3,consistent,0,2,51bdacc53dbe9bcb17061e29e2eaae2e448a7a20766f55c37fb233acb3b5dfa6,D8,D8,,{},operator-corrective-review-v2,full-ontology-resolution-v2,Reviewed provider-specific unresolved term,full-ontology-resolution/pilot-provider-workbook.csv
cookidoo,ingredient-topology-v1,com.vorwerk.ingredients.Ingredient-rpf,com.vorwerk.ingredients.Ingredient-rpf-1799,"wine (from grapes), any type",7e4331088ec362eeeecedbc5957d65cfbd1d08feb585cb10d29aaa798850d057,consistent,1,1,fcb7d35e8f0458abcd2e5962e8ddae1729dbcccf27e9d0fd919dc2b6b5d14875,D8,D8,,{},operator-corrective-review-v2,full-ontology-resolution-v2,Reviewed provider-specific unresolved term,full-ontology-resolution/pilot-provider-workbook.csv
cookidoo,ingredient-topology-v1,com.vorwerk.ingredients.Ingredient-rpf,com.vorwerk.ingredients.Ingredient-rpf-18,onion,288971671685b8da56623362c82e1ead68186c5150a35e3b35b5ef74cd7ceebc,consistent,0,45,8d88c5a68df115c0013f37b1deb83e4b0b728b96445af304881cdfb21738ca15,D8,D8,,{},operator-corrective-review-v2,full-ontology-resolution-v2,Reviewed provider-specific unresolved term,full-ontology-resolution/pilot-provider-workbook.csv
cookidoo,ingredient-topology-v1,com.vorwerk.ingredients.Ingredient-rpf,com.vorwerk.ingredients.Ingredient-rpf-180,leek,7b4553f9e3c11a178bb9bd1fb06b9fda26fd0b9da9e0b8f3c66f8277048852d5,consistent,0,4,d1a4aa27c429a8f9f57bd60f4b01e28b5d2762ef4b6c2a09e5006102ea44bdc8,D1,D1,leek,[],operator-corrective-review-v2,full-ontology-resolution-v2,Reviewed exact title-to-existing-identity assertion; provider reference remains owner context only,full-ontology-resolution/pilot-provider-workbook.csv
cookidoo,ingredient-topology-v1,com.vorwerk.ingredients.Ingredient-rpf,com.vorwerk.ingredients.Ingredient-rpf-1813,wholemeal bread,bedf8de34773a0813ec1c166542d0bf63ddd0060f63ad245a5d3485a8578d96b,consistent,0,1,cae654f51355941420215d610f9afa79b1e9f5017fa744851fb160e64d962814,D8,D8,,{},operator-corrective-review-v2,full-ontology-resolution-v2,Reviewed provider-specific unresolved term,full-ontology-resolution/pilot-provider-workbook.csv
cookidoo,ingredient-topology-v1,com.vorwerk.ingredients.Ingredient-rpf,com.vorwerk.ingredients.Ingredient-rpf-182,red wine vinegar,a07ad29a35ae597cea91ec624341c947e9968a67b80cb819b924c2fa374a9d9b,consistent,0,6,9b4eb54a4b40fe11343988b8f622fbeb1f00bc1d6ab9bdf86b801a4c5a02a511,D2,D2,vinegar,"{""variety"":""red_wine""}",operator-corrective-review-v2,full-ontology-resolution-v2,Reviewed exact title-to-existing-identity assertion; provider reference remains owner context only,full-ontology-resolution/pilot-provider-workbook.csv
cookidoo,ingredient-topology-v1,com.vorwerk.ingredients.Ingredient-rpf,com.vorwerk.ingredients.Ingredient-rpf-1826,"potato, new",7af7f160fb09de3cfe2ee588f2ef7739eab12ef24005f5422f317addb9c66387,consistent,0,1,059e3433c1bae54f8f4c0406787cc104fdc03e00ba80ac3e79d4803c7ce2e983,D8,D8,,{},operator-corrective-review-v2,full-ontology-resolution-v2,Reviewed provider-specific unresolved term,full-ontology-resolution/pilot-provider-workbook.csv
cookidoo,ingredient-topology-v1,com.vorwerk.ingredients.Ingredient-rpf,com.vorwerk.ingredients.Ingredient-rpf-184,baking soda,bdd9d4745154675b5dc7ab1d444cfe968c2e0741d03c8073ca40b013120ecd97,consistent,0,11,30f383e17a9b57cda4e27c42a03f79dbdf4bf6476f121d7f2e76e8195a35e004,D1,D1,baking-soda,[],operator-corrective-review-v2,full-ontology-resolution-v2,Reviewed exact title-to-existing-identity assertion; provider reference remains owner context only,full-ontology-resolution/pilot-provider-workbook.csv
cookidoo,ingredient-topology-v1,com.vorwerk.ingredients.Ingredient-rpf,com.vorwerk.ingredients.Ingredient-rpf-188,fish sauce,5620dd11ed470447fa187ae4ae7f4be79dbe5a25b3ee1a931aeead9c1caa2ba8,consistent,0,7,726d5f93b6e18ab8c8096d27a0e1ef2d93f00cccc6f37504c27434282c5901f3,D1,D1,fish-sauce,[],operator-corrective-review-v2,full-ontology-resolution-v2,Reviewed exact title-to-existing-identity assertion; provider reference remains owner context only,full-ontology-resolution/pilot-provider-workbook.csv
cookidoo,ingredient-topology-v1,com.vorwerk.ingredients.Ingredient-rpf,com.vorwerk.ingredients.Ingredient-rpf-19,courgette,591a1c804dc4592231a213790656fc651026e3754e38f89c1520b6958e46ca02,consistent,0,12,96d7a65600fd0293d9b5ab4216c2ae7bafa741b3839785d20fd4fcd55b02447d,D1,D1,zucchini,[],operator-corrective-review-v2,full-ontology-resolution-v2,Reviewed exact title-to-existing-identity assertion; provider reference remains owner context only,full-ontology-resolution/pilot-provider-workbook.csv
cookidoo,ingredient-topology-v1,com.vorwerk.ingredients.Ingredient-rpf,com.vorwerk.ingredients.Ingredient-rpf-190,caster sugar,9223c32232cd6342e0c05cca82bd96951e552cc3defc988e125f5581c8fa20f0,consistent,0,3,10de4464cbcfb020cd79f5b94a52bfaf64d97cb1152aa7f97d9410bfe90d299a,D2,D2,sugar,"{""refinement"":""caster""}",operator-corrective-review-v2,full-ontology-resolution-v2,Reviewed exact title-to-existing-identity assertion; provider reference remains owner context only,full-ontology-resolution/pilot-provider-workbook.csv
cookidoo,ingredient-topology-v1,com.vorwerk.ingredients.Ingredient-rpf,com.vorwerk.ingredients.Ingredient-rpf-191,"clove, ground",9993b69b92e7b840ebce7054a03c8703c691f79ac5fd23b5e08ac14126d62811,consistent,0,1,fb591a9167fbe20e6a224e837fbab8f2053c80811287f5d07522b39b39844634,D8,D8,,{},operator-corrective-review-v2,full-ontology-resolution-v2,Reviewed provider-specific unresolved term,full-ontology-resolution/pilot-provider-workbook.csv
cookidoo,ingredient-topology-v1,com.vorwerk.ingredients.Ingredient-rpf,com.vorwerk.ingredients.Ingredient-rpf-1916,mangetout,bb1e6308893c8f4d31f79f9e1d151a2b63fec1a1cc5d365f09a07fd320c3d949,consistent,0,2,039f85b555dadb34e72398227f6f9dd31e433efcb8b9312a4aa7c8a841509561,D8,D8,,{},operator-corrective-review-v2,full-ontology-resolution-v2,Reviewed provider-specific unresolved term,full-ontology-resolution/pilot-provider-workbook.csv
cookidoo,ingredient-topology-v1,com.vorwerk.ingredients.Ingredient-rpf,com.vorwerk.ingredients.Ingredient-rpf-195,olive oil,4267eb72e56db0a2369337656d3f32230b61f1dc7906d7a6fe09e9e22839a5be,consistent,0,63,f43dc5048c7e5f190cfa105a4932e47f2fdf2f3e1bae28a8a3fd0fd48411a02c,D2,D2,oil,"{""variety"":""olive""}",operator-corrective-review-v2,full-ontology-resolution-v2,Reviewed exact title-to-existing-identity assertion; provider reference remains owner context only,full-ontology-resolution/pilot-provider-workbook.csv
cookidoo,ingredient-topology-v1,com.vorwerk.ingredients.Ingredient-rpf,com.vorwerk.ingredients.Ingredient-rpf-1958,goat's cheese (any kind),b25406577c55f505b3d2cb0035610c1013b3342fa9c1e2f159d86f97886bfa9c,consistent,1,1,7fc1e94752815477be7f3f4b58abb042d066d836499b272b3c9ae37d5616e0af,D8,D8,,{},operator-corrective-review-v2,full-ontology-resolution-v2,Reviewed provider-specific unresolved term,full-ontology-resolution/pilot-provider-workbook.csv
cookidoo,ingredient-topology-v1,com.vorwerk.ingredients.Ingredient-rpf,com.vorwerk.ingredients.Ingredient-rpf-1961,sugar snap pea,f895174e376eac0c4fa535ab1feb6c88f40888321ee82a568f4663d8900e2be4,consistent,0,2,299b766b9727bf1878d1fca7076471cd37be641d0de1fd3606b89d5d8f93a0ea,D8,D8,,{},operator-corrective-review-v2,full-ontology-resolution-v2,Reviewed provider-specific unresolved term,full-ontology-resolution/pilot-provider-workbook.csv
cookidoo,ingredient-topology-v1,com.vorwerk.ingredients.Ingredient-rpf,com.vorwerk.ingredients.Ingredient-rpf-1963,"single cream, approx. 18% fat",5abb1c9d078f76094c616548146ce9ce0e3d074e2ae791b854ddb4046f3a50ca,consistent,0,1,999f80a67d0c82aef23a572a10e0f0f988afc4fdc576cca4634965c1f8b978d3,D8,D8,,{},operator-corrective-review-v2,full-ontology-resolution-v2,Reviewed provider-specific unresolved term,full-ontology-resolution/pilot-provider-workbook.csv
cookidoo,ingredient-topology-v1,com.vorwerk.ingredients.Ingredient-rpf,com.vorwerk.ingredients.Ingredient-rpf-1964,double cream (around 48 % fat),ca8739df9b1937f47c73009c41a3d82577b9098cc6af28557e6910e59b607de8,consistent,0,6,c2dcd0d6f5e4b8de7c47fb8ad4ac12e7cf3fbc838eb1773e08ee761acc3dfc49,D8,D8,,{},operator-corrective-review-v2,full-ontology-resolution-v2,Reviewed provider-specific unresolved term,full-ontology-resolution/pilot-provider-workbook.csv
cookidoo,ingredient-topology-v1,com.vorwerk.ingredients.Ingredient-rpf,com.vorwerk.ingredients.Ingredient-rpf-1966,"cream, 35 % fat",34714263ea900073f1f0fad922a7ed8179c0c5ab8a5ff1059fec8b3f855200db,consistent,0,12,e794d8d2642f11de5ada459f30fe00db3d0023edbd0dbee7fc4149c1a88bfda8,D8,D8,,{},operator-corrective-review-v2,full-ontology-resolution-v2,Reviewed provider-specific unresolved term,full-ontology-resolution/pilot-provider-workbook.csv
cookidoo,ingredient-topology-v1,com.vorwerk.ingredients.Ingredient-rpf,com.vorwerk.ingredients.Ingredient-rpf-1988,black tea leaves,cf92811e43a77f7b3524666607c717acc7234b8b82dfb2cda482b67a585335ed,consistent,0,1,278e6e414ca02a90db594e722e28a96a711ec2eb7bb7d7058390a20b22657a2a,D8,D8,,{},operator-corrective-review-v2,full-ontology-resolution-v2,Reviewed provider-specific unresolved term,full-ontology-resolution/pilot-provider-workbook.csv
cookidoo,ingredient-topology-v1,com.vorwerk.ingredients.Ingredient-rpf,com.vorwerk.ingredients.Ingredient-rpf-199,cucumber,dd832404e8eeb90793f0369b96ed1702e0e22487a58eb4c1f285a4af5c4f6f21,consistent,0,3,6d1d2e221c24cacb3bc5c8da5c62db1662d9ded3f3d44ce2c8d1c3cd6d17835b,D8,D8,,{},operator-corrective-review-v2,full-ontology-resolution-v2,Reviewed provider-specific unresolved term,full-ontology-resolution/pilot-provider-workbook.csv
cookidoo,ingredient-topology-v1,com.vorwerk.ingredients.Ingredient-rpf,com.vorwerk.ingredients.Ingredient-rpf-1990,"butter, salted (from cows' milk)",0c7ffcf8e72fa80d33b5d78ec9cd49a4a5387bc1f21a086647c79ef4cb53f85c,consistent,0,4,beef564e3df96bc85573c490c66736bc243c4a74ee3e0c48ba70d771c77b6606,D8,D8,,{},operator-corrective-review-v2,full-ontology-resolution-v2,Reviewed provider-specific unresolved term,full-ontology-resolution/pilot-provider-workbook.csv
cookidoo,ingredient-topology-v1,com.vorwerk.ingredients.Ingredient-rpf,com.vorwerk.ingredients.Ingredient-rpf-2,"basil leaf, fresh",532b45e41f6cd03aff13b7470b390c2cf9777b71e519043f44155db40bb96534,consistent,0,5,f65133e40b8fc2c5dfcbf88e577452a1c178d3a70ee777cee93c1d69f9896a0d,D8,D8,,{},operator-corrective-review-v2,full-ontology-resolution-v2,Reviewed provider-specific unresolved term,full-ontology-resolution/pilot-provider-workbook.csv
cookidoo,ingredient-topology-v1,com.vorwerk.ingredients.Ingredient-rpf,com.vorwerk.ingredients.Ingredient-rpf-200390,"chicken winglet, skin on",ef0bd3d78b6f0773a1fbb6dd060ad60cb01c03f4d5cba110c10b41dc58ea14a3,consistent,0,1,3e4f6a00e56c393e6fbb6194b6d08831951e95b4f58232c81036f2f183d94e6a,D8,D8,,{},operator-corrective-review-v2,full-ontology-resolution-v2,Reviewed provider-specific unresolved term,full-ontology-resolution/pilot-provider-workbook.csv
cookidoo,ingredient-topology-v1,com.vorwerk.ingredients.Ingredient-rpf,com.vorwerk.ingredients.Ingredient-rpf-2009,"food colouring, powder, yellow: Sunset yellow FCF",ad89150000b280301bacc852c0ab3dfe0e4ddc0bb488ec43896b21e139e6cad8,consistent,0,1,8af0a4d2f401c38bc60630e08a99d3587559e06de5b11f672bc227fabf70f6b4,D8,D8,,{},operator-corrective-review-v2,full-ontology-resolution-v2,Reviewed provider-specific unresolved term,full-ontology-resolution/pilot-provider-workbook.csv
cookidoo,ingredient-topology-v1,com.vorwerk.ingredients.Ingredient-rpf,com.vorwerk.ingredients.Ingredient-rpf-203214,"biscuit, chocolate ripple",6f684fe8c4375634d4284466295a944c7a46ff9f0a7c052c0934b4173850e11a,consistent,0,1,97065c5dbd987d7929c3aec672ba608e6b98f4afe6745c69f7640ec9e9588bf2,D8,D8,,{},operator-corrective-review-v2,full-ontology-resolution-v2,Reviewed provider-specific unresolved term,full-ontology-resolution/pilot-provider-workbook.csv
cookidoo,ingredient-topology-v1,com.vorwerk.ingredients.Ingredient-rpf,com.vorwerk.ingredients.Ingredient-rpf-2037,red curry paste,9447824ce2796409164fc86bff8f0d343d4956f05fa6efcad6b6754722058e32,consistent,0,1,8d93138b5928c48c7781a7cc77467c9b9947b11cd995fcc098df5190620567b3,D8,D8,,{},operator-corrective-review-v2,full-ontology-resolution-v2,Reviewed provider-specific unresolved term,full-ontology-resolution/pilot-provider-workbook.csv
cookidoo,ingredient-topology-v1,com.vorwerk.ingredients.Ingredient-rpf,com.vorwerk.ingredients.Ingredient-rpf-2043,tikka curry paste,2e2c1899e2db52c37aeb01664a5ef7e54b1172096998de49aa8706c3e3cba5d8,consistent,0,1,99d2777e9f08f2801c2cf37ee3929de54de5e17f0cff71e868c438fbb7d139d0,D8,D8,,{},operator-corrective-review-v2,full-ontology-resolution-v2,Reviewed provider-specific unresolved term,full-ontology-resolution/pilot-provider-workbook.csv
cookidoo,ingredient-topology-v1,com.vorwerk.ingredients.Ingredient-rpf,com.vorwerk.ingredients.Ingredient-rpf-205,egg yolk (from chicken egg),ad0a4a543b61f16afb4d0f0826518da0adc3932792e5080a12825078f85f28e3,consistent,0,7,7e11b2333997b74159ac67dabe1f1362841dac33ba3594fee134b4695971451a,D8,D8,,{},operator-corrective-review-v2,full-ontology-resolution-v2,Reviewed provider-specific unresolved term,full-ontology-resolution/pilot-provider-workbook.csv
cookidoo,ingredient-topology-v1,com.vorwerk.ingredients.Ingredient-rpf,com.vorwerk.ingredients.Ingredient-rpf-2055,bouquet garni,6e1b92cfa2a7538fe520711fd9ab29ac8f98ddeecd80826dc789cc042d8d21b0,consistent,0,1,ee4cca0b76559699fb963007c1d73e8efa5320227905f79d0d2e649f14053c4b,D8,D8,,{},operator-corrective-review-v2,full-ontology-resolution-v2,Reviewed provider-specific unresolved term,full-ontology-resolution/pilot-provider-workbook.csv
cookidoo,ingredient-topology-v1,com.vorwerk.ingredients.Ingredient-rpf,com.vorwerk.ingredients.Ingredient-rpf-2071,hoisin sauce,2ed70d643be8f663260db68faa2c747ea293a0731e90961fa4f7195d1e295716,consistent,0,4,ea618c8149bd46186d451c36585ae4ae323dc57ff42d58c980023314f3110cad,D8,D8,,{},operator-corrective-review-v2,full-ontology-resolution-v2,Reviewed provider-specific unresolved term,full-ontology-resolution/pilot-provider-workbook.csv
cookidoo,ingredient-topology-v1,com.vorwerk.ingredients.Ingredient-rpf,com.vorwerk.ingredients.Ingredient-rpf-2075,"chilli sauce, sweet",50a75501833d37d66dff1fcb8c0675be3f6643856b3f03493d11ce867431446b,consistent,0,2,66190d273a0db17edcc0dee792d83d3452ae83a00670f05095f9e48e7c8ade31,D8,D8,,{},operator-corrective-review-v2,full-ontology-resolution-v2,Reviewed provider-specific unresolved term,full-ontology-resolution/pilot-provider-workbook.csv
cookidoo,ingredient-topology-v1,com.vorwerk.ingredients.Ingredient-rpf,com.vorwerk.ingredients.Ingredient-rpf-208,"cod fillet, skinless",7c8ae74d29cea276306ddf171f1f028036571345403916153ff6ab67c5f07551,consistent,0,1,c39cde0cb4e9b481a460dd0ebd363cfc3382023598815d0b4e53a087cb584f43,D8,D8,,{},operator-corrective-review-v2,full-ontology-resolution-v2,Reviewed provider-specific unresolved term,full-ontology-resolution/pilot-provider-workbook.csv
cookidoo,ingredient-topology-v1,com.vorwerk.ingredients.Ingredient-rpf,com.vorwerk.ingredients.Ingredient-rpf-209,"anchovy fillet, preserved in oil",74886c377dfa94a97daef046a3c7905ae99a918a348afd6e36f17d5b783121fa,consistent,0,2,135e63e64ebe43cdee0c990b9f8007f0a4da99804e0fcfcd722bb6e7773d1925,D8,D8,,{},operator-corrective-review-v2,full-ontology-resolution-v2,Reviewed provider-specific unresolved term,full-ontology-resolution/pilot-provider-workbook.csv
cookidoo,ingredient-topology-v1,com.vorwerk.ingredients.Ingredient-rpf,com.vorwerk.ingredients.Ingredient-rpf-21,potato,e91c254ad58860a02c788dfb5c1a65d6a8846ab1dc649631c7db16fef4af2dec,consistent,0,6,27e18cbd0a05ad652462bf0d236ccdc8ce672033bebbade75f59865aa4112735,D8,D8,,{},operator-corrective-review-v2,full-ontology-resolution-v2,Reviewed provider-specific unresolved term,full-ontology-resolution/pilot-provider-workbook.csv
cookidoo,ingredient-topology-v1,com.vorwerk.ingredients.Ingredient-rpf,com.vorwerk.ingredients.Ingredient-rpf-2106,mandarin juice,35caf20cfd9b249622c6e6ecb56e3617742a911cdcc2b0184c2807d560c3ef3e,consistent,0,2,9ccd08c933957b989091c0055f93d105e4d351e16b8897c766457e78c10c9cfa,D8,D8,,{},operator-corrective-review-v2,full-ontology-resolution-v2,Reviewed provider-specific unresolved term,full-ontology-resolution/pilot-provider-workbook.csv
cookidoo,ingredient-topology-v1,com.vorwerk.ingredients.Ingredient-rpf,com.vorwerk.ingredients.Ingredient-rpf-211,saffron,822f39a2cb6507321ac9c490ded0cce0d2f646e1a72026caac480a815843ed98,consistent,0,5,9f781b96585da77545a8d7e2ea5881cbb789e3e483f00a513b2a1f7a87b6c8a1,D8,D8,,{},operator-corrective-review-v2,full-ontology-resolution-v2,Reviewed provider-specific unresolved term,full-ontology-resolution/pilot-provider-workbook.csv
cookidoo,ingredient-topology-v1,com.vorwerk.ingredients.Ingredient-rpf,com.vorwerk.ingredients.Ingredient-rpf-212,olive (any type),98d99d65f15168adbdbbfb245850f3ceff27907bfc08aded177333083b2e6700,consistent,1,7,84f3237d2c6dd0addd0313dc6252863887962bda2e566b799c8e3f571ca575f8,D8,D8,,{},operator-corrective-review-v2,full-ontology-resolution-v2,Reviewed provider-specific unresolved term,full-ontology-resolution/pilot-provider-workbook.csv
cookidoo,ingredient-topology-v1,com.vorwerk.ingredients.Ingredient-rpf,com.vorwerk.ingredients.Ingredient-rpf-2136,tahini,b974df55f0865156e97a17f0af0b3f3c6a6b9b615ef557ddb2d6643853952174,consistent,0,1,075323fd09095248191819180aa7e3dc7bec5a641849352f37433e3e5419cae6,D1,D1,tahini,[],operator-corrective-review-v2,full-ontology-resolution-v2,Reviewed exact title-to-existing-identity assertion; provider reference remains owner context only,full-ontology-resolution/pilot-provider-workbook.csv
cookidoo,ingredient-topology-v1,com.vorwerk.ingredients.Ingredient-rpf,com.vorwerk.ingredients.Ingredient-rpf-2153,gelatine powder,9484b8b987abac273f672f179d38fa314e0c09f905eb66def58d0bcc2203b5a4,consistent,0,2,d4a19cf286e5512ef5536e51d3ebde34d330adb215a899d5be708c6697267def,D8,D8,,{},operator-corrective-review-v2,full-ontology-resolution-v2,Reviewed provider-specific unresolved term,full-ontology-resolution/pilot-provider-workbook.csv
cookidoo,ingredient-topology-v1,com.vorwerk.ingredients.Ingredient-rpf,com.vorwerk.ingredients.Ingredient-rpf-2167,vanilla paste,943a6027eb7d52291edafcd47be8d028174033bab6d0ce7c1891de6ffc4b9ad4,consistent,0,1,035426e6f1929a1298d218c0743de33723043d03c2ef0d1f691b0b5329553dd6,D8,D8,,{},operator-corrective-review-v2,full-ontology-resolution-v2,Reviewed provider-specific unresolved term,full-ontology-resolution/pilot-provider-workbook.csv
cookidoo,ingredient-topology-v1,com.vorwerk.ingredients.Ingredient-rpf,com.vorwerk.ingredients.Ingredient-rpf-2188,"black bean, whole, canned",9998adc344d73ab5e66b21bf94a97606f83f170771ce0c441782342a3cfa4101,consistent,0,3,10350e962af41f530cf4d90d95b1c8bdad4d64e22f7e777a9bce3bfb6154b39e,D8,D8,,{},operator-corrective-review-v2,full-ontology-resolution-v2,Reviewed provider-specific unresolved term,full-ontology-resolution/pilot-provider-workbook.csv
cookidoo,ingredient-topology-v1,com.vorwerk.ingredients.Ingredient-rpf,com.vorwerk.ingredients.Ingredient-rpf-219,rum,57f64f1b45572420f70df63573f4b115970951a20723cd4e8371d88e13dbcea2,consistent,0,2,7f823c3ace6119140ee1346db699a59385a03549485562933692c95ba66b5d50,D8,D8,,{},operator-corrective-review-v2,full-ontology-resolution-v2,Reviewed provider-specific unresolved term,full-ontology-resolution/pilot-provider-workbook.csv
cookidoo,ingredient-topology-v1,com.vorwerk.ingredients.Ingredient-rpf,com.vorwerk.ingredients.Ingredient-rpf-22,icing sugar (may contain 3-5% anti-caking agent),a0ea432f9cbb2ce1332f1d8810c83f01879839d737da61e4bbb7adab17909aa5,consistent,0,5,fc6c373709f0554d740bd422a9b0ab9901122876778593b5664671e616152b95,D8,D8,,{},operator-corrective-review-v2,full-ontology-resolution-v2,Reviewed provider-specific unresolved term,full-ontology-resolution/pilot-provider-workbook.csv
cookidoo,ingredient-topology-v1,com.vorwerk.ingredients.Ingredient-rpf,com.vorwerk.ingredients.Ingredient-rpf-2200,agave syrup,2de960791b88f07492df059d5089f9ce552d31db7c6720000930f21d0d13a71c,consistent,0,1,141c4d95e5b055a84bb67b4f46f352989b9805779d41dd9825753702d62b6a32,D8,D8,,{},operator-corrective-review-v2,full-ontology-resolution-v2,Reviewed provider-specific unresolved term,full-ontology-resolution/pilot-provider-workbook.csv
cookidoo,ingredient-topology-v1,com.vorwerk.ingredients.Ingredient-rpf,com.vorwerk.ingredients.Ingredient-rpf-221,vodka,b39a60f59bbf47bd5e334bca6a223a8111b4cadfd181e92db68994940989b475,consistent,0,2,dd66a44a9f02cde1cf50795cfd3fc33b914fe736af1e75cbf8c72c906e955b9f,D8,D8,,{},operator-corrective-review-v2,full-ontology-resolution-v2,Reviewed provider-specific unresolved term,full-ontology-resolution/pilot-provider-workbook.csv
cookidoo,ingredient-topology-v1,com.vorwerk.ingredients.Ingredient-rpf,com.vorwerk.ingredients.Ingredient-rpf-2214,coconut oil,11f29ed5ef47d6674f0d40c0b8715021b20950fe57adac0d91cfd807a2a9c949,consistent,0,3,707a91f778996ecac6f471b1eda3df6b7dce06dd547953962906f2b7a2ca1d8b,D2,D2,oil,"{""variety"":""coconut""}",operator-corrective-review-v2,full-ontology-resolution-v2,Reviewed exact title-to-existing-identity assertion; provider reference remains owner context only,full-ontology-resolution/pilot-provider-workbook.csv
cookidoo,ingredient-topology-v1,com.vorwerk.ingredients.Ingredient-rpf,com.vorwerk.ingredients.Ingredient-rpf-2219,"'chile de árbol' chilli, dried",1c9a9560d9ebaec6082d2856875f5e87eba443738fd6757cedffffcdad8f2af0,consistent,0,1,6c67ff7443a387cab616fe39673d033b5484605cca144c5b01df49a1a615a8a5,D8,D8,,{},operator-corrective-review-v2,full-ontology-resolution-v2,Reviewed provider-specific unresolved term,full-ontology-resolution/pilot-provider-workbook.csv
cookidoo,ingredient-topology-v1,com.vorwerk.ingredients.Ingredient-rpf,com.vorwerk.ingredients.Ingredient-rpf-224,mozzarella,b5508392157fa1c40dcab78b7a43b66ece775fd4bbb6e04a1b426db2d42310d7,consistent,0,6,babfc722b3c21fa45997fc69fa833e5057564933491a7c8fc12e31ef71fc5ac2,D8,D8,,{},operator-corrective-review-v2,full-ontology-resolution-v2,Reviewed provider-specific unresolved term,full-ontology-resolution/pilot-provider-workbook.csv
cookidoo,ingredient-topology-v1,com.vorwerk.ingredients.Ingredient-rpf,com.vorwerk.ingredients.Ingredient-rpf-2254,"date, pitted",6ec5da34c1ce9f1fa196f290b410dd77dcf84967136364e68e05f4a04913d5a4,consistent,0,5,fcd5ee07b9b32ad7d7066e90651259f11a51367d240cb30de4ae78fecc7775c1,D8,D8,,{},operator-corrective-review-v2,full-ontology-resolution-v2,Reviewed provider-specific unresolved term,full-ontology-resolution/pilot-provider-workbook.csv
cookidoo,ingredient-topology-v1,com.vorwerk.ingredients.Ingredient-rpf,com.vorwerk.ingredients.Ingredient-rpf-226,celery stalk,eea151fcd78526d4d5654d9c000237f88f62ae02f6ff71ed48e577cf3e1bcabb,consistent,0,8,76e7a19bf723bb8060631f411cea57bae27b399b26d4f026bd33492e8bfb7062,D8,D8,,{},operator-corrective-review-v2,full-ontology-resolution-v2,Reviewed provider-specific unresolved term,full-ontology-resolution/pilot-provider-workbook.csv
cookidoo,ingredient-topology-v1,com.vorwerk.ingredients.Ingredient-rpf,com.vorwerk.ingredients.Ingredient-rpf-227,linseed,49423df7323c25696474960d9207a9aee749154e6196d5bf9e65ae888307363e,consistent,0,1,c833a18f8e9b8ae7b1df6cfa58334a9ece63801dfd678c96b663e1849e69610a,D8,D8,,{},operator-corrective-review-v2,full-ontology-resolution-v2,Reviewed provider-specific unresolved term,full-ontology-resolution/pilot-provider-workbook.csv
cookidoo,ingredient-topology-v1,com.vorwerk.ingredients.Ingredient-rpf,com.vorwerk.ingredients.Ingredient-rpf-23,"black pepper, ground",b9d9d00903cd8e0753b7c6490d465f14455279bf9a90aa5d561645dadbd9a53e,consistent,0,101,2b5d4d6c07833e07fc8f27820f51154611cb36930bcc0eb3de96ed725dae5acd,D8,D8,,{},operator-corrective-review-v2,full-ontology-resolution-v2,Reviewed provider-specific unresolved term,full-ontology-resolution/pilot-provider-workbook.csv
cookidoo,ingredient-topology-v1,com.vorwerk.ingredients.Ingredient-rpf,com.vorwerk.ingredients.Ingredient-rpf-230,canned crushed tomatoes,8cbc665db7fe9ee9cadd966a0c1164db7be3727462986ba9d5c4ddc3f1fcf449,consistent,0,1,5b0d4decce2a8ed60a055b92634658fd19ab97457974033cd8ef918bddf3f1cf,D8,D8,,{},operator-corrective-review-v2,full-ontology-resolution-v2,Reviewed provider-specific unresolved term,full-ontology-resolution/pilot-provider-workbook.csv
cookidoo,ingredient-topology-v1,com.vorwerk.ingredients.Ingredient-rpf,com.vorwerk.ingredients.Ingredient-rpf-2324,Lebanese cucumber,c6d8f5a152168bf7866dbd1d456c10c2620bf9a50be2816d04af8bd7c2b3c3e5,consistent,0,1,2c0db65bb82fb4a4f2fb3e388c3b5ef15197a5b965396c90a3cc67ac676a2dc9,D8,D8,,{},operator-corrective-review-v2,full-ontology-resolution-v2,Reviewed provider-specific unresolved term,full-ontology-resolution/pilot-provider-workbook.csv
cookidoo,ingredient-topology-v1,com.vorwerk.ingredients.Ingredient-rpf,com.vorwerk.ingredients.Ingredient-rpf-2335,Roquefort cheese,798b368229d984e484485cc7a9e5a4a3ed374a29948d9701aec113ae8d4a3227,consistent,0,1,f86ea61e86b9c247e7f09ab6fba763b1dec16ffcdd55fe834d0aab33926441f2,D8,D8,,{},operator-corrective-review-v2,full-ontology-resolution-v2,Reviewed provider-specific unresolved term,full-ontology-resolution/pilot-provider-workbook.csv
cookidoo,ingredient-topology-v1,com.vorwerk.ingredients.Ingredient-rpf,com.vorwerk.ingredients.Ingredient-rpf-234,"sesame seed, any colour",c90a83396b10ea1b386cccffeaa3b7d6c42931561bcb8ea23108160c9f193ab6,consistent,1,11,8a5872ac5359ffff0196792905b63d5e77130c82f43214782dfc2b18dcd99288,D8,D8,,{},operator-corrective-review-v2,full-ontology-resolution-v2,Reviewed provider-specific unresolved term,full-ontology-resolution/pilot-provider-workbook.csv
cookidoo,ingredient-topology-v1,com.vorwerk.ingredients.Ingredient-rpf,com.vorwerk.ingredients.Ingredient-rpf-235,beef broth,5a31eb4cb71cc124b49cbe3c98ec031ce0a2407db64c76c2062249122e1a62e9,consistent,0,3,4948c25c21db8561af5a99bf0d6bb9578636cb51edad77b8da6fe8524b719b0d,D8,D8,,{},operator-corrective-review-v2,full-ontology-resolution-v2,Reviewed provider-specific unresolved term,full-ontology-resolution/pilot-provider-workbook.csv
cookidoo,ingredient-topology-v1,com.vorwerk.ingredients.Ingredient-rpf,com.vorwerk.ingredients.Ingredient-rpf-236,pickled gherkin,f1ff324079e536ddea77052b836de84cf265ddcd43d07ea6aa5ca94c824527a6,consistent,0,4,78099d503219ec8cc4ef42f004dd8e23027dbb8d0afe4eb02409d88d4a019586,D8,D8,,{},operator-corrective-review-v2,full-ontology-resolution-v2,Reviewed provider-specific unresolved term,full-ontology-resolution/pilot-provider-workbook.csv
cookidoo,ingredient-topology-v1,com.vorwerk.ingredients.Ingredient-rpf,com.vorwerk.ingredients.Ingredient-rpf-2368,"bird's eye chilli, dried",6b70af2c21281cefdc186920d928260694a84c6df683e9df37ced4c88318b193,consistent,0,2,70877f7be316e7462b6a2ea39e09edaf7c1ebde07c737acd722bdc24d4bdceff,D8,D8,,{},operator-corrective-review-v2,full-ontology-resolution-v2,Reviewed provider-specific unresolved term,full-ontology-resolution/pilot-provider-workbook.csv
cookidoo,ingredient-topology-v1,com.vorwerk.ingredients.Ingredient-rpf,com.vorwerk.ingredients.Ingredient-rpf-2370,"ginger, dried, ground",1768f5d1b65bbdaf3db8937f3c97496897d6b5c93449bec8030a13f9293e260d,consistent,0,9,899cca2259cc0644fb641dffc3c31db43eefd2edb90a42d54bab41e375d3d169,D8,D8,,{},operator-corrective-review-v2,full-ontology-resolution-v2,Reviewed provider-specific unresolved term,full-ontology-resolution/pilot-provider-workbook.csv
cookidoo,ingredient-topology-v1,com.vorwerk.ingredients.Ingredient-rpf,com.vorwerk.ingredients.Ingredient-rpf-238,shallot,0cd903a1eb6be1ec4b41f16eba048704156dea31c2da82ababdad9b97e20eddf,consistent,0,14,58a139759f6e411e3efcedc8ebc85b035336f33acb54fbb589ded7a2309db84a,D1,D1,shallot,[],operator-corrective-review-v2,full-ontology-resolution-v2,Reviewed exact title-to-existing-identity assertion; provider reference remains owner context only,full-ontology-resolution/pilot-provider-workbook.csv
cookidoo,ingredient-topology-v1,com.vorwerk.ingredients.Ingredient-rpf,com.vorwerk.ingredients.Ingredient-rpf-2387,"curry leaf, fresh",bda0bf4f6a7a227155c4575fad400b21e63fd323b18b8cb347ff2b1a0b617d83,consistent,0,2,aa5d60f4f7cf6211d135c399d0440d6b949df49f29224860bfd0218fb5494f12,D8,D8,,{},operator-corrective-review-v2,full-ontology-resolution-v2,Reviewed provider-specific unresolved term,full-ontology-resolution/pilot-provider-workbook.csv
cookidoo,ingredient-topology-v1,com.vorwerk.ingredients.Ingredient-rpf,com.vorwerk.ingredients.Ingredient-rpf-2388,"curry leaf, dried",0f2c38fff86f0a012ad89a3ba3cd89079b1ce3ddc5c5e1c476a8c9407bd953b2,consistent,0,2,1a42b61b16279e8618c29684d9ae14e77e566a8c96d1102818fcf83bb14b500a,D8,D8,,{},operator-corrective-review-v2,full-ontology-resolution-v2,Reviewed provider-specific unresolved term,full-ontology-resolution/pilot-provider-workbook.csv
cookidoo,ingredient-topology-v1,com.vorwerk.ingredients.Ingredient-rpf,com.vorwerk.ingredients.Ingredient-rpf-239,cabbage,0a7a27bedd1f822ac176d55217c0cdc9e8573f173d2b1a525e3607a7614a29b7,consistent,0,2,5eb5ed205f52bf63aa1d45a263bc573b6425e25641e296314395b529f34c994d,D8,D8,,{},operator-corrective-review-v2,full-ontology-resolution-v2,Reviewed provider-specific unresolved term,full-ontology-resolution/pilot-provider-workbook.csv
cookidoo,ingredient-topology-v1,com.vorwerk.ingredients.Ingredient-rpf,com.vorwerk.ingredients.Ingredient-rpf-24,"pepper, ground",c44f5b07ba5630c6e843c99ba6f6adebcf20c60dfe28295bc5dcceefd1819b1b,consistent,0,9,1fb365a8936b94c2054b4091e0160d2e58ea5a6d616a3a756787be2cc079e922,D8,D8,,{},operator-corrective-review-v2,full-ontology-resolution-v2,Reviewed provider-specific unresolved term,full-ontology-resolution/pilot-provider-workbook.csv
cookidoo,ingredient-topology-v1,com.vorwerk.ingredients.Ingredient-rpf,com.vorwerk.ingredients.Ingredient-rpf-2414,"pickles, mixed",89ffb8f17bc6078a21c52ddca88449ba03baf7ae8c38666d347f13e845979d9c,consistent,0,1,9dd48c892ed2c34609597547fc311c41a94400597339f9ff52e27d98d0118fd6,D8,D8,,{},operator-corrective-review-v2,full-ontology-resolution-v2,Reviewed provider-specific unresolved term,full-ontology-resolution/pilot-provider-workbook.csv
cookidoo,ingredient-topology-v1,com.vorwerk.ingredients.Ingredient-rpf,com.vorwerk.ingredients.Ingredient-rpf-2420,"sherry wine, dry",a4032aca42f58196ba8c5c0711ae0087fe98367b2d07a9daf459429b8a5c50e5,consistent,0,2,deaa6672f8bb658e63f25a634bf8086212012542de60b145c1be4133f79c4cf9,D8,D8,,{},operator-corrective-review-v2,full-ontology-resolution-v2,Reviewed provider-specific unresolved term,full-ontology-resolution/pilot-provider-workbook.csv
cookidoo,ingredient-topology-v1,com.vorwerk.ingredients.Ingredient-rpf,com.vorwerk.ingredients.Ingredient-rpf-243,raw cane sugar,6b24e9ca2682b2fe26a2990400b6ce7925d73f042dbdd8d30f5de3d0ed7bd75c,consistent,0,6,e4a9a663766ae433b1f8718f5c724a9fc66bf3b2d4bc73a95eaaa2a94b4cfee4,D8,D8,,{},operator-corrective-review-v2,full-ontology-resolution-v2,Reviewed provider-specific unresolved term,full-ontology-resolution/pilot-provider-workbook.csv
cookidoo,ingredient-topology-v1,com.vorwerk.ingredients.Ingredient-rpf,com.vorwerk.ingredients.Ingredient-rpf-244,"spinach leaf, fresh",bdf7531365c0adc1d0bbb038114925cd468d3731b9fdc7e31a9eea3bdc086fdc,consistent,0,2,555c5c0eb6edd1ed32689ffc0ca0bfd3583ea6375532c77ee59a51ac33e53e42,D8,D8,,{},operator-corrective-review-v2,full-ontology-resolution-v2,Reviewed provider-specific unresolved term,full-ontology-resolution/pilot-provider-workbook.csv
cookidoo,ingredient-topology-v1,com.vorwerk.ingredients.Ingredient-rpf,com.vorwerk.ingredients.Ingredient-rpf-245,"salt, coarse",e78755d82c3a79c556b770483f98b37f3f1ac9655c3e60ec4d0d47f034830dfa,consistent,0,2,a447cbb59bdd51251beefeaa6ef329b4f20e024e1ea91936307e3121d3cb571d,D8,D8,,{},operator-corrective-review-v2,full-ontology-resolution-v2,Reviewed provider-specific unresolved term,full-ontology-resolution/pilot-provider-workbook.csv
cookidoo,ingredient-topology-v1,com.vorwerk.ingredients.Ingredient-rpf,com.vorwerk.ingredients.Ingredient-rpf-2451,"black pepper, freshly ground",e4f934b2bba35df39860627c1bcd78cf4cfa9fe0e6548261a92dc671f732b5d6,consistent,0,10,8a1488d97c8c5cde79d7cb4da440d1441fda923f1b7d87394b2fe2afe3146247,D8,D8,,{},operator-corrective-review-v2,full-ontology-resolution-v2,Reviewed provider-specific unresolved term,full-ontology-resolution/pilot-provider-workbook.csv
cookidoo,ingredient-topology-v1,com.vorwerk.ingredients.Ingredient-rpf,com.vorwerk.ingredients.Ingredient-rpf-2452,"chilli, dried",2d748d20aa9280ce57c45157a0f0b8fc5e7795a2421948a4ad08d24721d0b81b,consistent,0,1,1f414c27328a83b7b91c616deece63bb16a749ddd15029b29cb5ea0037669d9c,D8,D8,,{},operator-corrective-review-v2,full-ontology-resolution-v2,Reviewed provider-specific unresolved term,full-ontology-resolution/pilot-provider-workbook.csv
cookidoo,ingredient-topology-v1,com.vorwerk.ingredients.Ingredient-rpf,com.vorwerk.ingredients.Ingredient-rpf-246,"mixed herbs, dried",5b24d72ea57bdf5c56ed8be2f111a7b33ba3b264db9a8d3b6065e275b4f025a0,consistent,0,2,76a9a12329ef3159f113780ca6b01de5b646a2c003844650785db3aae67fcdc0,D8,D8,,{},operator-corrective-review-v2,full-ontology-resolution-v2,Reviewed provider-specific unresolved term,full-ontology-resolution/pilot-provider-workbook.csv
cookidoo,ingredient-topology-v1,com.vorwerk.ingredients.Ingredient-rpf,com.vorwerk.ingredients.Ingredient-rpf-2460,"pepper, mixed, freshly ground",d86d9e9ae388282bbf3b6cd4d7b5692d2a303ffa4bb5472684684b99ae8f0171,consistent,0,1,73ac85e17b04709547b2312e61104e3c9833832a54bc32553ef3b7bdf8e518d8,D8,D8,,{},operator-corrective-review-v2,full-ontology-resolution-v2,Reviewed provider-specific unresolved term,full-ontology-resolution/pilot-provider-workbook.csv
cookidoo,ingredient-topology-v1,com.vorwerk.ingredients.Ingredient-rpf,com.vorwerk.ingredients.Ingredient-rpf-247,yellow pepper,20e2a38b7461ceb42a828d1ab2cc3692e2f87de491ccd881aec53aaacc705396,consistent,0,5,036b905fc492cb38560f7efa4786aa13caedaf59b809c6f36b5a56869af4e932,D8,D8,,{},operator-corrective-review-v2,full-ontology-resolution-v2,Reviewed provider-specific unresolved term,full-ontology-resolution/pilot-provider-workbook.csv
cookidoo,ingredient-topology-v1,com.vorwerk.ingredients.Ingredient-rpf,com.vorwerk.ingredients.Ingredient-rpf-2478,"chilli, dried, flake",9560140fccd2f0edc3c3ba4f31195578f7f20b332455122afae69b67dacf3974,consistent,0,9,332ef9d2b04dbeca65bf82c9a3421cc32e04d062fc246a946a0ec4cf3c1e50f2,D8,D8,,{},operator-corrective-review-v2,full-ontology-resolution-v2,Reviewed provider-specific unresolved term,full-ontology-resolution/pilot-provider-workbook.csv
cookidoo,ingredient-topology-v1,com.vorwerk.ingredients.Ingredient-rpf,com.vorwerk.ingredients.Ingredient-rpf-248,"chicken leg, skin on, bone in",5b22d6b91377640840d1c90f00568261ecc6779d431bc338e1bad0e04a671d8d,consistent,0,1,f5d3fc5bc9e0035d327971351bb0ec2612468867d4efbd38212204d517d0fd5d,D8,D8,,{},operator-corrective-review-v2,full-ontology-resolution-v2,Reviewed provider-specific unresolved term,full-ontology-resolution/pilot-provider-workbook.csv
cookidoo,ingredient-topology-v1,com.vorwerk.ingredients.Ingredient-rpf,com.vorwerk.ingredients.Ingredient-rpf-2488,"treacle, black",4675549ce11ca212a1bfa9bad423355761576f54dd5b88c43ff7c8dd1522e825,consistent,0,1,0a6ac6b457c7f208adb51bb2aaa0db607a479f06600d13e182d93969e96b642c,D8,D8,,{},operator-corrective-review-v2,full-ontology-resolution-v2,Reviewed provider-specific unresolved term,full-ontology-resolution/pilot-provider-workbook.csv
cookidoo,ingredient-topology-v1,com.vorwerk.ingredients.Ingredient-rpf,com.vorwerk.ingredients.Ingredient-rpf-2491,"mint leaf, fresh",681d23a4a749e43346fe1b7259e8f848e74fbfdae267fe0a6b4cab9d73530b4a,consistent,0,2,1d820ce49c83ad09369283e57a4a65a83187f6e855169773f246b30ee5d45f0b,D8,D8,,{},operator-corrective-review-v2,full-ontology-resolution-v2,Reviewed provider-specific unresolved term,full-ontology-resolution/pilot-provider-workbook.csv
cookidoo,ingredient-topology-v1,com.vorwerk.ingredients.Ingredient-rpf,com.vorwerk.ingredients.Ingredient-rpf-25,sea salt,69a9d240344e1e06ae6fccbce4c8904dae23dddbed90deb01dc596a525b98089,consistent,0,65,044d5cffff9e3b5da5f9ad6ff707b2ed76aa86921dbd6a160dc1e47143ba2e9d,D2,D2,salt,"{""salt_class"":""sea""}",operator-corrective-review-v2,full-ontology-resolution-v2,Reviewed exact title-to-existing-identity assertion; provider reference remains owner context only,full-ontology-resolution/pilot-provider-workbook.csv
cookidoo,ingredient-topology-v1,com.vorwerk.ingredients.Ingredient-rpf,com.vorwerk.ingredients.Ingredient-rpf-250,"tomato, ripe",d4c751abd1ab37b068e89f96cec3d91d7b3c803f004a388e1228c0105ba2713a,consistent,0,5,70c367d285afd94f814f5cca970e09014f4ad608bf3e4ac21163c51dfbed36ae,D8,D8,,{},operator-corrective-review-v2,full-ontology-resolution-v2,Reviewed provider-specific unresolved term,full-ontology-resolution/pilot-provider-workbook.csv
cookidoo,ingredient-topology-v1,com.vorwerk.ingredients.Ingredient-rpf,com.vorwerk.ingredients.Ingredient-rpf-251,"artichoke heart, fresh",676c6ebb356e829dd19adc778c0213c24ac383fe399264ce2c2df29ecf3d0717,consistent,0,2,4404b3614b68c336413458523bf03c3f1ef4e70241d2bcbe7dfbd1bc841091a4,D8,D8,,{},operator-corrective-review-v2,full-ontology-resolution-v2,Reviewed provider-specific unresolved term,full-ontology-resolution/pilot-provider-workbook.csv
cookidoo,ingredient-topology-v1,com.vorwerk.ingredients.Ingredient-rpf,com.vorwerk.ingredients.Ingredient-rpf-252,tomato sauce,acb55318ad82ff647cd801dc794f35773b4e5f0fec25b5ffefa5e3d20029c2db,consistent,0,3,a5d19aad067b35707a73b82e94621bc3b1070e7523ef0d80ebf7ec01259f18b7,D8,D8,,{},operator-corrective-review-v2,full-ontology-resolution-v2,Reviewed provider-specific unresolved term,full-ontology-resolution/pilot-provider-workbook.csv
cookidoo,ingredient-topology-v1,com.vorwerk.ingredients.Ingredient-rpf,com.vorwerk.ingredients.Ingredient-rpf-254,chicken,811eb81b9d11d65a36c53c3ebdb738ee303403cb79d781ccf4b40764e0a9d12a,consistent,0,35,06213b3abcfd7a520dff13b42f799865f61ebfb76b3cf059ce063b768e397e76,D8,D8,,{},operator-corrective-review-v2,full-ontology-resolution-v2,Reviewed provider-specific unresolved term,full-ontology-resolution/pilot-provider-workbook.csv
cookidoo,ingredient-topology-v1,com.vorwerk.ingredients.Ingredient-rpf,com.vorwerk.ingredients.Ingredient-rpf-255,"white wine, dry",7f04bcbfbc5ce754ee95855f71f157488e7e0bd8f4f63f27ac0334d5aa5bf883,consistent,0,6,d99a3291284187ea4722fea799f2347ac5998e5da27892532da66c79ba62ffec,D8,D8,,{},operator-corrective-review-v2,full-ontology-resolution-v2,Reviewed provider-specific unresolved term,full-ontology-resolution/pilot-provider-workbook.csv
cookidoo,ingredient-topology-v1,com.vorwerk.ingredients.Ingredient-rpf,com.vorwerk.ingredients.Ingredient-rpf-256,red onion,eb31a331ca00003eaf7da5003795d7dd0a6b88438dbeecc3c74f78a9a1cb87dc,consistent,0,11,d92b169aa71586d03863f47d4c589912854df4283ac13c47f98ce384590e8512,D2,D2,onion,"{""variety"":""red""}",operator-corrective-review-v2,full-ontology-resolution-v2,Reviewed exact title-to-existing-identity assertion; provider reference remains owner context only,full-ontology-resolution/pilot-provider-workbook.csv
cookidoo,ingredient-topology-v1,com.vorwerk.ingredients.Ingredient-rpf,com.vorwerk.ingredients.Ingredient-rpf-2587,strawberry jam,dcfe076791ccd85b8baa51bc129145b780e57012c21ad3f074fa3764975b9298,consistent,0,1,d3225a8db5736ff5a4a12604928780686b806733c661a7b2d9b92b44d5d7fb8e,D8,D8,,{},operator-corrective-review-v2,full-ontology-resolution-v2,Reviewed provider-specific unresolved term,full-ontology-resolution/pilot-provider-workbook.csv
cookidoo,ingredient-topology-v1,com.vorwerk.ingredients.Ingredient-rpf,com.vorwerk.ingredients.Ingredient-rpf-259,spring onion,885e64fbba0a02fe96ca2e9b7a1cd9832aa11aacc9a31168e1dcb338e9572132,consistent,0,19,6911bfd62e5548eb7ce0c78a644cfa91007bc27fbc0b226fe8e390a9402ff9b6,D1,D1,spring-onion,[],operator-corrective-review-v2,full-ontology-resolution-v2,Reviewed exact title-to-existing-identity assertion; provider reference remains owner context only,full-ontology-resolution/pilot-provider-workbook.csv
cookidoo,ingredient-topology-v1,com.vorwerk.ingredients.Ingredient-rpf,com.vorwerk.ingredients.Ingredient-rpf-262,"mixed herbs, fresh",90291ce1a2e4868b3130c56012071c20d31cc3eb218c4d5ca054fc04c4170c46,consistent,0,2,819bc8170493e443b6d3e836440ad85251442e52ea99a9a4081987a55886ed2a,D8,D8,,{},operator-corrective-review-v2,full-ontology-resolution-v2,Reviewed provider-specific unresolved term,full-ontology-resolution/pilot-provider-workbook.csv
cookidoo,ingredient-topology-v1,com.vorwerk.ingredients.Ingredient-rpf,com.vorwerk.ingredients.Ingredient-rpf-2632,celery,ddc5177b9204093a546234ec07894a03ca791c2440c23ac331b7d69f3cd11034,consistent,0,4,8504f91a2dc1d9a63fd1713df3cb33b05fc5e583ac3158618cb6b807781e70d7,D1,D1,celery,[],operator-corrective-review-v2,full-ontology-resolution-v2,Reviewed exact title-to-existing-identity assertion; provider reference remains owner context only,full-ontology-resolution/pilot-provider-workbook.csv
cookidoo,ingredient-topology-v1,com.vorwerk.ingredients.Ingredient-rpf,com.vorwerk.ingredients.Ingredient-rpf-264,walnut oil,f56e3c429a56ad75ad5812d5a2668c1cdcf4dd1cad6c91db2fb244c78576c695,consistent,0,1,3d73f7479fd5a83b3f78dab07fe97a3dbc1e6d4757380e947e8947f251da5686,D2,D2,oil,"{""variety"":""walnut""}",operator-corrective-review-v2,full-ontology-resolution-v2,Reviewed exact title-to-existing-identity assertion; provider reference remains owner context only,full-ontology-resolution/pilot-provider-workbook.csv
cookidoo,ingredient-topology-v1,com.vorwerk.ingredients.Ingredient-rpf,com.vorwerk.ingredients.Ingredient-rpf-265,"lemon zest, grated",0d1b425f42fee6484cf9598e35658406cb4caf24828743d9f754ae676d202744,consistent,0,1,f9753968279cf56719570aef77a983d1f1b8e3b1436c98d298fb842515f4353b,D8,D8,,{},operator-corrective-review-v2,full-ontology-resolution-v2,Reviewed provider-specific unresolved term,full-ontology-resolution/pilot-provider-workbook.csv
cookidoo,ingredient-topology-v1,com.vorwerk.ingredients.Ingredient-rpf,com.vorwerk.ingredients.Ingredient-rpf-2659,brown onion,74e53ba086f22cb959a11e3aca0f2ecd0af369e3fe2cfe74c5a8d80b71237a37,consistent,0,14,4b8d09d453f981d6f6cb19fccaff19cc875d89831032bf45c2a83b79d6a4da65,D8,D8,,{},operator-corrective-review-v2,full-ontology-resolution-v2,Reviewed provider-specific unresolved term,full-ontology-resolution/pilot-provider-workbook.csv
cookidoo,ingredient-topology-v1,com.vorwerk.ingredients.Ingredient-rpf,com.vorwerk.ingredients.Ingredient-rpf-267,pumpkin seeds,2f9f4e384a7a6c2a390530bd0da6047fe2f8efa0c6cb2976f440657bbe27f1cd,consistent,0,1,20f702048410e526c0b90f29deec02d2f1746e535ff934e8b8273fed50e5eaa7,D8,D8,,{},operator-corrective-review-v2,full-ontology-resolution-v2,Reviewed provider-specific unresolved term,full-ontology-resolution/pilot-provider-workbook.csv
cookidoo,ingredient-topology-v1,com.vorwerk.ingredients.Ingredient-rpf,com.vorwerk.ingredients.Ingredient-rpf-2678,"jalapeño chilli, canned",7be3a9bb9885059c141f238b202cd41b36e0ae55da47aab7af3494681c342dc0,consistent,0,1,bbaddae8540fd5491a7485ad62c4752296587315d5bca7e3f9ccbbf11b8f4eed,D8,D8,,{},operator-corrective-review-v2,full-ontology-resolution-v2,Reviewed provider-specific unresolved term,full-ontology-resolution/pilot-provider-workbook.csv
cookidoo,ingredient-topology-v1,com.vorwerk.ingredients.Ingredient-rpf,com.vorwerk.ingredients.Ingredient-rpf-268,dried yeast,78bfdfc8fbbdb91efe11e24a170c96d44737baa924bac7d99b4840be64d5bb96,consistent,0,3,2ac02307c5572973c051302d21585a36dcd9cd79d0356c3a888461c26de88776,D8,D8,,{},operator-corrective-review-v2,full-ontology-resolution-v2,Reviewed provider-specific unresolved term,full-ontology-resolution/pilot-provider-workbook.csv
cookidoo,ingredient-topology-v1,com.vorwerk.ingredients.Ingredient-rpf,com.vorwerk.ingredients.Ingredient-rpf-269,salt,63479ad69a090b258277ec8fba6f99419a2ffb248981510657c944ccd1148e97,consistent,0,130,51cdc1fdf7be8418de5c0a90aca5418402f5afe2952230d44a5f742986fcb343,D1,D1,salt,[],operator-corrective-review-v2,full-ontology-resolution-v2,Reviewed exact title-to-existing-identity assertion; provider reference remains owner context only,full-ontology-resolution/pilot-provider-workbook.csv
cookidoo,ingredient-topology-v1,com.vorwerk.ingredients.Ingredient-rpf,com.vorwerk.ingredients.Ingredient-rpf-2704,"rice, brown",861484ecdbb8d2e58d8af54bb0e2018c3599045eca0702e4828d8c801391ace1,consistent,0,1,4530fc85d443d15714f335cd21bacd8df2a4d469162d12effeadc6d814acbfb3,D8,D8,,{},operator-corrective-review-v2,full-ontology-resolution-v2,Reviewed provider-specific unresolved term,full-ontology-resolution/pilot-provider-workbook.csv
cookidoo,ingredient-topology-v1,com.vorwerk.ingredients.Ingredient-rpf,com.vorwerk.ingredients.Ingredient-rpf-271,"pepper, freshly ground",865f0f350cd2737184a0b23e6e7fc84e011f10beec4b0ea410731a468d475573,consistent,0,2,e1cec9cab6081d43e1d427ac304620918274d2841b2fe95285aa88c37aa6adfa,D8,D8,,{},operator-corrective-review-v2,full-ontology-resolution-v2,Reviewed provider-specific unresolved term,full-ontology-resolution/pilot-provider-workbook.csv
cookidoo,ingredient-topology-v1,com.vorwerk.ingredients.Ingredient-rpf,com.vorwerk.ingredients.Ingredient-rpf-2724,rock sugar,4fd1cfa848c7352d095d0eaa6b7e7bd277fb8118ec9777e91fa036c48f60fea3,consistent,0,2,8241d4c899f82327d0e8f24c62ba809e84370ed5fb09cb156f5f0f2caab761b5,D8,D8,,{},operator-corrective-review-v2,full-ontology-resolution-v2,Reviewed provider-specific unresolved term,full-ontology-resolution/pilot-provider-workbook.csv
cookidoo,ingredient-topology-v1,com.vorwerk.ingredients.Ingredient-rpf,com.vorwerk.ingredients.Ingredient-rpf-2744,"tofu skin, dried",4c61cb0d4e4ab7797b6156be8e85e990283b9ca7fac87323fb6f366635b02964,consistent,0,1,1dcc1f83469cf4549ce72187e185e34f3e3f86cf9eeb7121d9a1e4bab0a1c7a0,D8,D8,,{},operator-corrective-review-v2,full-ontology-resolution-v2,Reviewed provider-specific unresolved term,full-ontology-resolution/pilot-provider-workbook.csv
cookidoo,ingredient-topology-v1,com.vorwerk.ingredients.Ingredient-rpf,com.vorwerk.ingredients.Ingredient-rpf-2757,spring roll rice paper,99d720e5976a98d8ef086c5d22dc11043d921e2a2c74ccd593ec66e47213e171,consistent,0,1,0f08dccdb50624b2e73be1e4adf907c4adbabb3e379af27623e98bf0d44536b4,D8,D8,,{},operator-corrective-review-v2,full-ontology-resolution-v2,Reviewed provider-specific unresolved term,full-ontology-resolution/pilot-provider-workbook.csv
cookidoo,ingredient-topology-v1,com.vorwerk.ingredients.Ingredient-rpf,com.vorwerk.ingredients.Ingredient-rpf-276,Gruyère cheese,f91ed2c4c6c0123c49128a8324f840dccae0e423ff53edac108974f984a0b2df,consistent,0,1,27e92e1bce9386baddfd38c3d28e6f6d995a8bb18aff17dfdf20bbc8e078db60,D8,D8,,{},operator-corrective-review-v2,full-ontology-resolution-v2,Reviewed provider-specific unresolved term,full-ontology-resolution/pilot-provider-workbook.csv
cookidoo,ingredient-topology-v1,com.vorwerk.ingredients.Ingredient-rpf,com.vorwerk.ingredients.Ingredient-rpf-2763,wholemeal wheat flour,6652c248a238fb04eb14fb96e23adcbb5e213523ec5bc3a096d45a0674fdde86,consistent,0,1,210cbb4dc0d59b992f4158546e1cdeef68e608cedc1a15640c6cc16617060d56,D8,D8,,{},operator-corrective-review-v2,full-ontology-resolution-v2,Reviewed provider-specific unresolved term,full-ontology-resolution/pilot-provider-workbook.csv
cookidoo,ingredient-topology-v1,com.vorwerk.ingredients.Ingredient-rpf,com.vorwerk.ingredients.Ingredient-rpf-2765,paprika,67aa6b6c143c668356e0bf2568c44deafba7758bc84b5d53372d41cab0d5fa98,consistent,0,21,c0028cabb0e813f4d0149543afea43b85558d19e57a9282f75ce9dae8ba71813,D1,D1,paprika,[],operator-corrective-review-v2,full-ontology-resolution-v2,Reviewed exact title-to-existing-identity assertion; provider reference remains owner context only,full-ontology-resolution/pilot-provider-workbook.csv
cookidoo,ingredient-topology-v1,com.vorwerk.ingredients.Ingredient-rpf,com.vorwerk.ingredients.Ingredient-rpf-2781,"lettuce, any type",e06ed3f511c372df0da467375976f2c8a476f50b0650579542f6b24d5aea6d36,consistent,1,1,1bc5b074de2b2002b64c8893f2b9118c04a90a1bdea580cc43cc504b1707cf38,D8,D8,,{},operator-corrective-review-v2,full-ontology-resolution-v2,Reviewed provider-specific unresolved term,full-ontology-resolution/pilot-provider-workbook.csv
cookidoo,ingredient-topology-v1,com.vorwerk.ingredients.Ingredient-rpf,com.vorwerk.ingredients.Ingredient-rpf-28,curry powder,2126e6951825d3ea0a86c461bb4834fece99f4ca6b67e450dab08a5e6c37c5bf,consistent,0,4,0a67828ac73d78c020869fd9344a222651c18a777c280e73d48d850797f6776c,D1,D1,curry-powder,[],operator-corrective-review-v2,full-ontology-resolution-v2,Reviewed exact title-to-existing-identity assertion; provider reference remains owner context only,full-ontology-resolution/pilot-provider-workbook.csv
cookidoo,ingredient-topology-v1,com.vorwerk.ingredients.Ingredient-rpf,com.vorwerk.ingredients.Ingredient-rpf-2805,soy flour,e0ba07f9e9739bef511c3e47a67009083a888c0e86ef54ef1340c0d4178152d9,consistent,0,1,49312a196e84c624f104ec0011ac20af56204431a887de514f2816b332fdfab2,D8,D8,,{},operator-corrective-review-v2,full-ontology-resolution-v2,Reviewed provider-specific unresolved term,full-ontology-resolution/pilot-provider-workbook.csv
cookidoo,ingredient-topology-v1,com.vorwerk.ingredients.Ingredient-rpf,com.vorwerk.ingredients.Ingredient-rpf-2815,"passion fruit pulp, fresh",0e782355bac11cecc033dac343bd4786778fca603179c5801b23b8c22658849f,consistent,0,1,4645fbb8f90aee37ba70093cfc8fd1d5831af7513023aae012769133d88f334f,D8,D8,,{},operator-corrective-review-v2,full-ontology-resolution-v2,Reviewed provider-specific unresolved term,full-ontology-resolution/pilot-provider-workbook.csv
cookidoo,ingredient-topology-v1,com.vorwerk.ingredients.Ingredient-rpf,com.vorwerk.ingredients.Ingredient-rpf-2821,"dried fruit, mixed",d36137df9fb168aca9432f5690b0993a9f724ed5dc8fc9b5674ec834a84d2551,consistent,0,1,00829c04acaac7aa781b1197d2cfd0cb3ca33980db4650e2578e75ca56a37a8b,D8,D8,,{},operator-corrective-review-v2,full-ontology-resolution-v2,Reviewed provider-specific unresolved term,full-ontology-resolution/pilot-provider-workbook.csv
cookidoo,ingredient-topology-v1,com.vorwerk.ingredients.Ingredient-rpf,com.vorwerk.ingredients.Ingredient-rpf-283,pork tenderloin,8521e52897e89d652220f575038ffc8b755e67fd16eaa624b4d7fc40c313e640,consistent,0,1,1baa046c9505eb75c7511c95906e8cdc33263e0f53f5fe6e71b036af512fcdf1,D8,D8,,{},operator-corrective-review-v2,full-ontology-resolution-v2,Reviewed provider-specific unresolved term,full-ontology-resolution/pilot-provider-workbook.csv
cookidoo,ingredient-topology-v1,com.vorwerk.ingredients.Ingredient-rpf,com.vorwerk.ingredients.Ingredient-rpf-2840,maple syrup,549819b27ee092f84cbc4dab9aec5e10a2b64d44069133b1ae5d238df179d967,consistent,0,3,5889be1c34411e887a3c398a5af57112ca9f68ee1e43a65ec23817060211adf0,D8,D8,,{},operator-corrective-review-v2,full-ontology-resolution-v2,Reviewed provider-specific unresolved term,full-ontology-resolution/pilot-provider-workbook.csv
cookidoo,ingredient-topology-v1,com.vorwerk.ingredients.Ingredient-rpf,com.vorwerk.ingredients.Ingredient-rpf-284557,"AU cornflour, with wheat",5ecdbde47d2a010e02058fee0441082b94a8b033683c0f3eaf57c3ca153ed91f,consistent,0,7,343047d7b307b8b46723925ebf9f4620863ac39f62c3a830ee2598ea6001a927,D8,D8,,{},operator-corrective-review-v2,full-ontology-resolution-v2,Reviewed provider-specific unresolved term,full-ontology-resolution/pilot-provider-workbook.csv
cookidoo,ingredient-topology-v1,com.vorwerk.ingredients.Ingredient-rpf,com.vorwerk.ingredients.Ingredient-rpf-2857,"pepper, pickled",b5c213996bb671b5a9f18cf8494e86901e844b2ea873718f033f286861cd13c7,consistent,0,2,d8a8018d6bb9f2912898c616a7680caa5e7779ab9414b7bcea3a6e6f77eb26f5,D8,D8,,{},operator-corrective-review-v2,full-ontology-resolution-v2,Reviewed provider-specific unresolved term,full-ontology-resolution/pilot-provider-workbook.csv
cookidoo,ingredient-topology-v1,com.vorwerk.ingredients.Ingredient-rpf,com.vorwerk.ingredients.Ingredient-rpf-2860,"pasta, dried, type penne",5bb3515267bdc7176beca5fffb0ca4b124573e5a02e286b6bc641ab81e65529b,consistent,0,3,43f3019c14b8fb819f8c7fa7345c4e975b237f947849d67d203560e4fc2f7493,D8,D8,,{},operator-corrective-review-v2,full-ontology-resolution-v2,Reviewed provider-specific unresolved term,full-ontology-resolution/pilot-provider-workbook.csv
cookidoo,ingredient-topology-v1,com.vorwerk.ingredients.Ingredient-rpf,com.vorwerk.ingredients.Ingredient-rpf-287,"radish, red",84512980714d8b0dd707b6b01a5b2c19711f03849550d450e897c9a51ecee6d3,consistent,0,2,2e108a6ef09dd027207d64d2ab52814322dcfecb858c93ae9f05dfd24997177e,D8,D8,,{},operator-corrective-review-v2,full-ontology-resolution-v2,Reviewed provider-specific unresolved term,full-ontology-resolution/pilot-provider-workbook.csv
cookidoo,ingredient-topology-v1,com.vorwerk.ingredients.Ingredient-rpf,com.vorwerk.ingredients.Ingredient-rpf-288,cornflour (starch),56d06490386dc20e95e16f9dce0a3adee88966c6f093008c83c6f060843d143f,consistent,0,19,35f0aa8acb6fcc39ef8d49a0b2ba17e12b4181d0ec9439a271ea51ae55705646,D8,D8,,{},operator-corrective-review-v2,full-ontology-resolution-v2,Reviewed provider-specific unresolved term,full-ontology-resolution/pilot-provider-workbook.csv
cookidoo,ingredient-topology-v1,com.vorwerk.ingredients.Ingredient-rpf,com.vorwerk.ingredients.Ingredient-rpf-2900,"walnut, shelled",e0477639ed129bdbe515816aff968d37605cb654a484bea01fcc464b9aa27acc,consistent,0,5,eeda37510919d32ceb8f675789ae21bfcd803ab90f362c4c31a62f5abdeb645b,D8,D8,,{},operator-corrective-review-v2,full-ontology-resolution-v2,Reviewed provider-specific unresolved term,full-ontology-resolution/pilot-provider-workbook.csv
cookidoo,ingredient-topology-v1,com.vorwerk.ingredients.Ingredient-rpf,com.vorwerk.ingredients.Ingredient-rpf-2903,golden syrup,948ab214249edafbe98771ba2fa684f3102c948ef8182990cea1f7a7e69cbb7c,consistent,0,1,737006e527739cf721a963fc16b213c8711f8c5e51163110a613ebeba7e5fb69,D8,D8,,{},operator-corrective-review-v2,full-ontology-resolution-v2,Reviewed provider-specific unresolved term,full-ontology-resolution/pilot-provider-workbook.csv
cookidoo,ingredient-topology-v1,com.vorwerk.ingredients.Ingredient-rpf,com.vorwerk.ingredients.Ingredient-rpf-291,star anise,aab8b8d556820d47e2e4ea2faa3aab2a730ad8386ba9f30b457969314b2ec591,consistent,0,3,c7a5dccff04463897668e642ccb3a1f19243798a78dc816b9fd061d3c289553d,D8,D8,,{},operator-corrective-review-v2,full-ontology-resolution-v2,Reviewed provider-specific unresolved term,full-ontology-resolution/pilot-provider-workbook.csv
cookidoo,ingredient-topology-v1,com.vorwerk.ingredients.Ingredient-rpf,com.vorwerk.ingredients.Ingredient-rpf-296,cellophane noodle,9d9f2e3c4529591324291c15b8696653de1eba484dcc0ceaa1cb60437c3a6d87,consistent,0,2,185d29d2a438514f3f09da5ede82b2714ad2068722fe8bd63027677861d89e61,D8,D8,,{},operator-corrective-review-v2,full-ontology-resolution-v2,Reviewed provider-specific unresolved term,full-ontology-resolution/pilot-provider-workbook.csv
cookidoo,ingredient-topology-v1,com.vorwerk.ingredients.Ingredient-rpf,com.vorwerk.ingredients.Ingredient-rpf-2982,"pasta, dried, short pipe",d9a976447fd63c549379025183a5133180b2da06684c48ce034b6c98fda4e61e,consistent,0,1,119dc9fdaea3b64c7720402f2ab6d0fe538a465d6949caf02fe1e00e0924b822,D8,D8,,{},operator-corrective-review-v2,full-ontology-resolution-v2,Reviewed provider-specific unresolved term,full-ontology-resolution/pilot-provider-workbook.csv
cookidoo,ingredient-topology-v1,com.vorwerk.ingredients.Ingredient-rpf,com.vorwerk.ingredients.Ingredient-rpf-2983,"red pepper, roasted, preserved",3e7cc5d46f0c5b12f83944f2ff18e7170fbe7a5696dda634e23f4b76a9a4c81d,consistent,0,1,11806b07e36976e044e71ced8945e8fdd3d119ea6fe2317b43bcf07767575779,D8,D8,,{},operator-corrective-review-v2,full-ontology-resolution-v2,Reviewed provider-specific unresolved term,full-ontology-resolution/pilot-provider-workbook.csv
cookidoo,ingredient-topology-v1,com.vorwerk.ingredients.Ingredient-rpf,com.vorwerk.ingredients.Ingredient-rpf-2988,"bacon, smoked",a0552884fe2d680f032b651dfac044da0c4dfaf73a2ec119a2a5aff2ce48d6b5,consistent,0,2,a00c37b1221e9a27f6d15a1129712fdd5b93977e076c577616691c6d1bef616b,D8,D8,,{},operator-corrective-review-v2,full-ontology-resolution-v2,Reviewed provider-specific unresolved term,full-ontology-resolution/pilot-provider-workbook.csv
cookidoo,ingredient-topology-v1,com.vorwerk.ingredients.Ingredient-rpf,com.vorwerk.ingredients.Ingredient-rpf-299,coriander seed,3ceb6dae84860661eff33d00e467be1652ddc23015395782b9a7ed1a861cbb34,consistent,0,6,39c1a5a098f44347caa9904c92a1b1f3c6aee66cb66177905eb7c95762b5e916,D2,D2,coriander-seed,"{""form"":""whole""}",operator-corrective-review-v2,full-ontology-resolution-v2,Reviewed exact title-to-existing-identity assertion; provider reference remains owner context only,full-ontology-resolution/pilot-provider-workbook.csv
cookidoo,ingredient-topology-v1,com.vorwerk.ingredients.Ingredient-rpf,com.vorwerk.ingredients.Ingredient-rpf-2993,"chicken breast fillet, skin on or skinless",724606d317bdc101b6d28d300dd675aefe3ece5d0c3f22306f4715fe052736aa,consistent,0,3,93a299c1da1cfa69694c4aca1bf6d99a4ab911ce3dd3955bc22c62e73b3febda,D8,D8,,{},operator-corrective-review-v2,full-ontology-resolution-v2,Reviewed provider-specific unresolved term,full-ontology-resolution/pilot-provider-workbook.csv
cookidoo,ingredient-topology-v1,com.vorwerk.ingredients.Ingredient-rpf,com.vorwerk.ingredients.Ingredient-rpf-2995,"chicken breast, skinless, boneless",1bbe7335a638182f7d542dbf4c46440a7b6392b9ac4ae0fd6ad425383b133acc,consistent,0,2,64493a4726c8e32ca7668a018c759480061ed4ebc10e8e8854157cb894fe8ad0,D8,D8,,{},operator-corrective-review-v2,full-ontology-resolution-v2,Reviewed provider-specific unresolved term,full-ontology-resolution/pilot-provider-workbook.csv
cookidoo,ingredient-topology-v1,com.vorwerk.ingredients.Ingredient-rpf,com.vorwerk.ingredients.Ingredient-rpf-30,tomato,5ed728c2fa5d767bc6c1ec6a732db1e37c343be46913e6498d340f7782691f14,consistent,0,9,1cd418b9596c62ddcaa00eb82544a458b1189800835fbe8d112d1d09e2e4deb4,D1,D1,tomato,[],operator-corrective-review-v2,full-ontology-resolution-v2,Reviewed exact title-to-existing-identity assertion; provider reference remains owner context only,full-ontology-resolution/pilot-provider-workbook.csv
cookidoo,ingredient-topology-v1,com.vorwerk.ingredients.Ingredient-rpf,com.vorwerk.ingredients.Ingredient-rpf-300,mustard seed,8c41d4927bda30da9ea15ab8e90b7ec37b0fc845cef61960a690fa79783e785a,consistent,0,1,f587dfc0d30e4d1ba460ec8f674f92db8857b086123c170928ea488e4b0c1c96,D8,D8,,{},operator-corrective-review-v2,full-ontology-resolution-v2,Reviewed provider-specific unresolved term,full-ontology-resolution/pilot-provider-workbook.csv
cookidoo,ingredient-topology-v1,com.vorwerk.ingredients.Ingredient-rpf,com.vorwerk.ingredients.Ingredient-rpf-3025,"bacon, any type",8f1871c213c0584e1cc70ef6bb4300d7804ea19bd1bf0c803e598a550cca3c00,consistent,1,4,2cadab16aa1ce6e40c86a386cfadda13746afc205afffbaced77cb6b84bf42fd,D8,D8,,{},operator-corrective-review-v2,full-ontology-resolution-v2,Reviewed provider-specific unresolved term,full-ontology-resolution/pilot-provider-workbook.csv
cookidoo,ingredient-topology-v1,com.vorwerk.ingredients.Ingredient-rpf,com.vorwerk.ingredients.Ingredient-rpf-303,coconut cream,6a33818e1472a0b8d8a95a02b1119e962a88e7735628206a6e4664184f496685,consistent,0,5,5086b71285296c8504694debd4d31a049359a4290497cc04032816a74d40ea8d,D8,D8,,{},operator-corrective-review-v2,full-ontology-resolution-v2,Reviewed provider-specific unresolved term,full-ontology-resolution/pilot-provider-workbook.csv
cookidoo,ingredient-topology-v1,com.vorwerk.ingredients.Ingredient-rpf,com.vorwerk.ingredients.Ingredient-rpf-304,"red chilli, dried",53fae148493838969b3450b439da9d6b9dadd715da94d9802d93e34b89955555,consistent,0,1,1c8703e27e4f8ca02019981275021185f223ac1347ff386c4277f71959818585,D8,D8,,{},operator-corrective-review-v2,full-ontology-resolution-v2,Reviewed provider-specific unresolved term,full-ontology-resolution/pilot-provider-workbook.csv
cookidoo,ingredient-topology-v1,com.vorwerk.ingredients.Ingredient-rpf,com.vorwerk.ingredients.Ingredient-rpf-305,"beetroot, cooked",623e62bc4789711f74a982b1f292903bbc58ac884ecbe9cf81291d44cadf1b03,consistent,0,1,d4b8a31bd2d2b5693543f0d98e7d0cd3b1d43ac7182c87e1d16f5384f3cd5e9e,D8,D8,,{},operator-corrective-review-v2,full-ontology-resolution-v2,Reviewed provider-specific unresolved term,full-ontology-resolution/pilot-provider-workbook.csv
cookidoo,ingredient-topology-v1,com.vorwerk.ingredients.Ingredient-rpf,com.vorwerk.ingredients.Ingredient-rpf-306,extra virgin olive oil,b5d1d979680671b17682b0d709a64d03d0b854f594142688d8bdc2b45404c7fc,consistent,0,38,6eff0feb7a8da65d71c53323b5e7f2d47c4e10357daf4ff50854e1e513f3f5ce,D2,D2,oil,"{""variety"":""olive""}",operator-corrective-review-v2,full-ontology-resolution-v2,Reviewed exact title-to-existing-identity assertion; provider reference remains owner context only,full-ontology-resolution/pilot-provider-workbook.csv
cookidoo,ingredient-topology-v1,com.vorwerk.ingredients.Ingredient-rpf,com.vorwerk.ingredients.Ingredient-rpf-307,pink peppercorn,62090f6f46bbb2fe2a12348b7347e9cbec408dd081cd327d8a6eb111cf966f4c,consistent,0,1,d46afad62f1b9c5b5ca755651c194bfbde22de86d2d7e903675b8b1cd89602f1,D8,D8,,{},operator-corrective-review-v2,full-ontology-resolution-v2,Reviewed provider-specific unresolved term,full-ontology-resolution/pilot-provider-workbook.csv
cookidoo,ingredient-topology-v1,com.vorwerk.ingredients.Ingredient-rpf,com.vorwerk.ingredients.Ingredient-rpf-308,"mixed minced meat, pork and beef",845e08afd205ed2ebd56c988be61d486076ad951c2d3f57c050e7510bc483e2d,consistent,0,1,4616a2b6371ad85e5e4d1241c8c08772551b85fb8d3abdaaedb9a50689362aa0,D8,D8,,{},operator-corrective-review-v2,full-ontology-resolution-v2,Reviewed provider-specific unresolved term,full-ontology-resolution/pilot-provider-workbook.csv
cookidoo,ingredient-topology-v1,com.vorwerk.ingredients.Ingredient-rpf,com.vorwerk.ingredients.Ingredient-rpf-309,cream of tartar,8a554c62c583cf24234c272c98a65a239bfea8cc0d095f6afa30f13fecec83ca,consistent,0,1,8ff2e73b2d3bcbb750f020a73089e505c54797839c92bfaf64e4c099caf88900,D8,D8,,{},operator-corrective-review-v2,full-ontology-resolution-v2,Reviewed provider-specific unresolved term,full-ontology-resolution/pilot-provider-workbook.csv
cookidoo,ingredient-topology-v1,com.vorwerk.ingredients.Ingredient-rpf,com.vorwerk.ingredients.Ingredient-rpf-3092,fennel,1e36798f67707f2927578519af2b561528db9d0ccd8487d5a394b0b639c93c3d,consistent,0,1,da9b8b7e191152bf7743a175134cb5ba684443e5b9728f94778498ba541738f5,D8,D8,,{},operator-corrective-review-v2,full-ontology-resolution-v2,Reviewed provider-specific unresolved term,full-ontology-resolution/pilot-provider-workbook.csv
cookidoo,ingredient-topology-v1,com.vorwerk.ingredients.Ingredient-rpf,com.vorwerk.ingredients.Ingredient-rpf-313,peeled tomato,e693ced9651da61f5bd77b24f07ebafba532bbbe77132d1cb49717a508b58009,consistent,0,2,e15cad3a2be6f690ade402b34edb1d4562ed5628051a8930becd01bc70ab413a,D8,D8,,{},operator-corrective-review-v2,full-ontology-resolution-v2,Reviewed provider-specific unresolved term,full-ontology-resolution/pilot-provider-workbook.csv
cookidoo,ingredient-topology-v1,com.vorwerk.ingredients.Ingredient-rpf,com.vorwerk.ingredients.Ingredient-rpf-314,white wine vinegar,33489e83683cb827ea1372996f80c4b0bf4ce77f6e990ea1c8504026de27c7fa,consistent,0,7,051dd72904e3dca588066da271a1f99b64d557c83e78ce68ad368d4a2706253a,D2,D2,vinegar,"{""variety"":""white_wine""}",operator-corrective-review-v2,full-ontology-resolution-v2,Reviewed exact title-to-existing-identity assertion; provider reference remains owner context only,full-ontology-resolution/pilot-provider-workbook.csv
cookidoo,ingredient-topology-v1,com.vorwerk.ingredients.Ingredient-rpf,com.vorwerk.ingredients.Ingredient-rpf-3146,bacon cube,320709989b5c4de7be62e86bf6fc45487ccb8e11db360fc847f16875a97bd0f4,consistent,0,1,f6f2cf2e2c01d27717ae0788ba40a9b465df71386f5dc8c14eba3ed068f56aa7,D8,D8,,{},operator-corrective-review-v2,full-ontology-resolution-v2,Reviewed provider-specific unresolved term,full-ontology-resolution/pilot-provider-workbook.csv
cookidoo,ingredient-topology-v1,com.vorwerk.ingredients.Ingredient-rpf,com.vorwerk.ingredients.Ingredient-rpf-316,orange,1b4c9133da73a711322404314402765ab0d23fd362a167d6f0c65bb215113d94,consistent,0,3,28bd214760fd367bcabedf7604d882c2fddc95915cf6d40f411c70986551eae4,D1,D1,orange,[],operator-corrective-review-v2,full-ontology-resolution-v2,Reviewed exact title-to-existing-identity assertion; provider reference remains owner context only,full-ontology-resolution/pilot-provider-workbook.csv
cookidoo,ingredient-topology-v1,com.vorwerk.ingredients.Ingredient-rpf,com.vorwerk.ingredients.Ingredient-rpf-317,"sesame oil, toasted",c5571cd7932fd992bc1b5710ae632381e89b24a6f4448f0cb9877d0ce988a701,consistent,0,9,1e302f1f65b6b8db3ec2a6a1f8d677ba4679982169c4fae52a91d4f175924c80,D8,D8,,{},operator-corrective-review-v2,full-ontology-resolution-v2,Reviewed provider-specific unresolved term,full-ontology-resolution/pilot-provider-workbook.csv
cookidoo,ingredient-topology-v1,com.vorwerk.ingredients.Ingredient-rpf,com.vorwerk.ingredients.Ingredient-rpf-319,"condensed milk, sweetened",14de7991a65e237346f2c435c5748d21253a8f2a82b1ba3ac1a38052ffd6b397,consistent,0,4,d52eaf44cbd11e3050327eb03c66e2e838e3faf8f5e6cf70648896bf21edc27e,D8,D8,,{},operator-corrective-review-v2,full-ontology-resolution-v2,Reviewed provider-specific unresolved term,full-ontology-resolution/pilot-provider-workbook.csv
cookidoo,ingredient-topology-v1,com.vorwerk.ingredients.Ingredient-rpf,com.vorwerk.ingredients.Ingredient-rpf-32,lemon,f464d7d71c06e47a535ce441aa202aa717cddeab902a45b0c283aac7a9a090d7,consistent,0,20,3b7b90e09c8c9d6779458cab231547e825dc9ea2835c9da716a1d04f343f1785,D8,D8,,{},operator-corrective-review-v2,full-ontology-resolution-v2,Reviewed provider-specific unresolved term,full-ontology-resolution/pilot-provider-workbook.csv
cookidoo,ingredient-topology-v1,com.vorwerk.ingredients.Ingredient-rpf,com.vorwerk.ingredients.Ingredient-rpf-320,"kidney bean, canned",c256e0cd002012d4872b627eb7e3a02a9e4c4ae280d0f951bf20e3ae56f32a13,consistent,0,1,52fd2a3fd57ee1cbf2dc86cc5a4a04cd88c70012c99f1eb4813bc83d3b37590f,D8,D8,,{},operator-corrective-review-v2,full-ontology-resolution-v2,Reviewed provider-specific unresolved term,full-ontology-resolution/pilot-provider-workbook.csv
cookidoo,ingredient-topology-v1,com.vorwerk.ingredients.Ingredient-rpf,com.vorwerk.ingredients.Ingredient-rpf-3209,chicken mince,6dcc6025da6cc938d2bccd7847876642d94c91bfab991e0331e95a1101d6f212,consistent,0,1,7585cc70b7e16be35f3846de06706221489ba2f9e014f824cb6bde50e1216c7f,D8,D8,,{},operator-corrective-review-v2,full-ontology-resolution-v2,Reviewed provider-specific unresolved term,full-ontology-resolution/pilot-provider-workbook.csv
cookidoo,ingredient-topology-v1,com.vorwerk.ingredients.Ingredient-rpf,com.vorwerk.ingredients.Ingredient-rpf-322,"coconut, dried, grated, unsweetened",2d7bbbc910f2754f9cd30eafc2d36742d5805c8bdb65b4399aa725c9a9f45d99,consistent,0,1,969d3aab47413ab189af8bdcfe58fadde685386d3991ba2ca767e8d00b777cd7,D8,D8,,{},operator-corrective-review-v2,full-ontology-resolution-v2,Reviewed provider-specific unresolved term,full-ontology-resolution/pilot-provider-workbook.csv
cookidoo,ingredient-topology-v1,com.vorwerk.ingredients.Ingredient-rpf,com.vorwerk.ingredients.Ingredient-rpf-3236,"hazelnut, skin on or blanched",d3a14100542ce03dbaa7f34728d823319080c4b04fe956898ab2770a6198d368,consistent,0,1,40d92447def352beb83f4598a0c3310c97068510713840fca0fbd1d222b30d6e,D8,D8,,{},operator-corrective-review-v2,full-ontology-resolution-v2,Reviewed provider-specific unresolved term,full-ontology-resolution/pilot-provider-workbook.csv
cookidoo,ingredient-topology-v1,com.vorwerk.ingredients.Ingredient-rpf,com.vorwerk.ingredients.Ingredient-rpf-3245,ghee,c1f2652945784f7c7f3a3afe309535eb71da22aa98985e52ce96ac308770d2aa,consistent,0,4,2c73a238bd75aff3f8143d4c4b5de4d0c041594a281b5d5c88cf881b897fab95,D1,D1,ghee,[],operator-corrective-review-v2,full-ontology-resolution-v2,Reviewed exact title-to-existing-identity assertion; provider reference remains owner context only,full-ontology-resolution/pilot-provider-workbook.csv
cookidoo,ingredient-topology-v1,com.vorwerk.ingredients.Ingredient-rpf,com.vorwerk.ingredients.Ingredient-rpf-3250,sesame oil,f65f5ac33d08146563d2f7cb7dfc174b6340494ffe6e2553352db01f383deae0,consistent,0,14,9aac0571721a5dfb31f7eb25832f0a4d46e0019998e3399cbf6865ce128bbb3c,D2,D2,oil,"{""variety"":""sesame""}",operator-corrective-review-v2,full-ontology-resolution-v2,Reviewed exact title-to-existing-identity assertion; provider reference remains owner context only,full-ontology-resolution/pilot-provider-workbook.csv
cookidoo,ingredient-topology-v1,com.vorwerk.ingredients.Ingredient-rpf,com.vorwerk.ingredients.Ingredient-rpf-3251,"prawn, raw, medium size, peeled",aa0b8446ce8d43bdf6684d25a76b576d83c7a69a3ed1c9e3fe7eabd2dbe8f77e,consistent,0,1,43ea449b5530a49b5108901ccd5ef02a4c7c1bac0d33f63c266f0bf1f6ddf112,D8,D8,,{},operator-corrective-review-v2,full-ontology-resolution-v2,Reviewed provider-specific unresolved term,full-ontology-resolution/pilot-provider-workbook.csv
cookidoo,ingredient-topology-v1,com.vorwerk.ingredients.Ingredient-rpf,com.vorwerk.ingredients.Ingredient-rpf-3259,butternut squash,d08eab9bf668623794a61b81e7235960dc97a9ad753f75b6e0e5c427a7ad1470,consistent,0,4,45acfd154729dd4edb10072c73c4a669195fb4c608a965fc2fcb28d069144108,D8,D8,,{},operator-corrective-review-v2,full-ontology-resolution-v2,Reviewed provider-specific unresolved term,full-ontology-resolution/pilot-provider-workbook.csv
cookidoo,ingredient-topology-v1,com.vorwerk.ingredients.Ingredient-rpf,com.vorwerk.ingredients.Ingredient-rpf-3260,acorn squash,6e2a29b646ae8d6dfe189d9f5ce60b9da6a8661a97c5520f9aaadec32980f15e,consistent,0,1,5081fbd43b3d50a64b51fce1fab1319467cefe377436c52ec794f1c71e32aab8,D8,D8,,{},operator-corrective-review-v2,full-ontology-resolution-v2,Reviewed provider-specific unresolved term,full-ontology-resolution/pilot-provider-workbook.csv
cookidoo,ingredient-topology-v1,com.vorwerk.ingredients.Ingredient-rpf,com.vorwerk.ingredients.Ingredient-rpf-3276,bitter melon,7ab5e0fba9e5ceae8a91fe048e088c5bbfb54534eaf1150a2de3b5c6a51d8da8,consistent,0,1,8881c24d11594eff67576469d942fd863d34420df060edaf19b668d928ca196d,D8,D8,,{},operator-corrective-review-v2,full-ontology-resolution-v2,Reviewed provider-specific unresolved term,full-ontology-resolution/pilot-provider-workbook.csv
cookidoo,ingredient-topology-v1,com.vorwerk.ingredients.Ingredient-rpf,com.vorwerk.ingredients.Ingredient-rpf-3277,plum tomato,2ee740f30742963228f40836c88bdb6cbff6f3c0899b077a642475ec0a00f22b,consistent,0,4,710af943a69c92e94a897937d31c73294d3d5b8ae619006da46e5a2e23eb19d4,D8,D8,,{},operator-corrective-review-v2,full-ontology-resolution-v2,Reviewed provider-specific unresolved term,full-ontology-resolution/pilot-provider-workbook.csv
cookidoo,ingredient-topology-v1,com.vorwerk.ingredients.Ingredient-rpf,com.vorwerk.ingredients.Ingredient-rpf-328,"paprika, sweet",661c6141fa346b1745d78505d098dff60038360ea80e525802757bcb30d75385,consistent,0,8,87a1b4dad5efd191c68cc92c301b8935a23936a878d5daa848316520883d6c4e,D8,D8,,{},operator-corrective-review-v2,full-ontology-resolution-v2,Reviewed provider-specific unresolved term,full-ontology-resolution/pilot-provider-workbook.csv
cookidoo,ingredient-topology-v1,com.vorwerk.ingredients.Ingredient-rpf,com.vorwerk.ingredients.Ingredient-rpf-3297,"button mushroom, sliced, canned",d0b802203544a9d49db4bb2e0244ad75b7958c4e635389b613e4eb3e51445669,consistent,0,1,a653319822f9d53ac4a29722a3c63df61c74ad90c2c499541cb0bf717d18d7db,D8,D8,,{},operator-corrective-review-v2,full-ontology-resolution-v2,Reviewed provider-specific unresolved term,full-ontology-resolution/pilot-provider-workbook.csv
cookidoo,ingredient-topology-v1,com.vorwerk.ingredients.Ingredient-rpf,com.vorwerk.ingredients.Ingredient-rpf-3298,"brown mushroom, fresh",20969f5fa86a0e8558ed2ef39d552413be752e9c63320bddb5ba5384cd41fedc,consistent,0,2,510b76cf631bcd71cb68863adec90db7059124d7dbe1ac2439f3fea7ebdb3546,D8,D8,,{},operator-corrective-review-v2,full-ontology-resolution-v2,Reviewed provider-specific unresolved term,full-ontology-resolution/pilot-provider-workbook.csv
cookidoo,ingredient-topology-v1,com.vorwerk.ingredients.Ingredient-rpf,com.vorwerk.ingredients.Ingredient-rpf-3299,"portobello mushroom, fresh",c6c95942da67c1e9d72471cc0d96c43b050a1a1b93b732e7f114bd293e66c92d,consistent,0,1,a711d8bf88706f8e1fe9ce96d474a4fbb9fc9a6570ebe0ebd1e91f224c000502,D8,D8,,{},operator-corrective-review-v2,full-ontology-resolution-v2,Reviewed provider-specific unresolved term,full-ontology-resolution/pilot-provider-workbook.csv
cookidoo,ingredient-topology-v1,com.vorwerk.ingredients.Ingredient-rpf,com.vorwerk.ingredients.Ingredient-rpf-33,"parsley, fresh",9f65e7fcdfcbeecd7e432bf3b24c678c05db722a5b29989be5f93b339bc86326,consistent,0,18,50feaa9aa2f756ac0fa33badcb9219c9f1e545eb2ac46001885b96695b758d31,D8,D8,,{},operator-corrective-review-v2,full-ontology-resolution-v2,Reviewed provider-specific unresolved term,full-ontology-resolution/pilot-provider-workbook.csv
cookidoo,ingredient-topology-v1,com.vorwerk.ingredients.Ingredient-rpf,com.vorwerk.ingredients.Ingredient-rpf-333,"anchovy fillet, preserved in salt",ce0f57683daac0580b7b4b8d9e1e0a2c556853bfb6bd8cd56efe84e767ef95ed,consistent,0,1,a9a48f23fa8236ecbc88873ebef0750342452962c05e05c861df39515f94c56c,D8,D8,,{},operator-corrective-review-v2,full-ontology-resolution-v2,Reviewed provider-specific unresolved term,full-ontology-resolution/pilot-provider-workbook.csv
cookidoo,ingredient-topology-v1,com.vorwerk.ingredients.Ingredient-rpf,com.vorwerk.ingredients.Ingredient-rpf-335,couscous,438292433b9c125743d88dc39afa226f0a5226cac25d6e08bfe29b419374a1a3,consistent,0,4,bdce90a0a92857f9c98b97538f14aa31792c1dbaf0eec0015f296996ba447163,D8,D8,,{},operator-corrective-review-v2,full-ontology-resolution-v2,Reviewed provider-specific unresolved term,full-ontology-resolution/pilot-provider-workbook.csv
cookidoo,ingredient-topology-v1,com.vorwerk.ingredients.Ingredient-rpf,com.vorwerk.ingredients.Ingredient-rpf-336,"chopped tomatoes, canned",d5f6630e39fcbd6d27a5235edbf6dc7f19d5cfd1e6c600a8ae6727a54f4bb748,consistent,0,10,77bfdcce6001b07074ff20438c483a94c7d5f1ae10839585039812f3d40ec3d1,D8,D8,,{},operator-corrective-review-v2,full-ontology-resolution-v2,Reviewed provider-specific unresolved term,full-ontology-resolution/pilot-provider-workbook.csv
cookidoo,ingredient-topology-v1,com.vorwerk.ingredients.Ingredient-rpf,com.vorwerk.ingredients.Ingredient-rpf-3391,chicken tenderloin,7a0c0cf06706a39cc18e129855232d248b3404f64aaae4d5153237ec8b5a2c6a,consistent,0,1,af0918c9e8fa26bee5f4b9c5aea8ff90a3f01276ee786cd4b8553091c7fd7a2d,D8,D8,,{},operator-corrective-review-v2,full-ontology-resolution-v2,Reviewed provider-specific unresolved term,full-ontology-resolution/pilot-provider-workbook.csv
cookidoo,ingredient-topology-v1,com.vorwerk.ingredients.Ingredient-rpf,com.vorwerk.ingredients.Ingredient-rpf-3404,wheat flour tortilla,794ae7b3d08ad15381cc1b8ebc57ae509d7eae58c430e3c8d5512b879a1e1114,consistent,0,1,9060a2f36c1ad5db91fa47e21ccf945df64a11ad54330fcfbf29b152079f8bbb,D8,D8,,{},operator-corrective-review-v2,full-ontology-resolution-v2,Reviewed provider-specific unresolved term,full-ontology-resolution/pilot-provider-workbook.csv
cookidoo,ingredient-topology-v1,com.vorwerk.ingredients.Ingredient-rpf,com.vorwerk.ingredients.Ingredient-rpf-341,feta cheese,2da669b07a5aa30cb57f1be445fa357d9e7b172e1f53d55b7510f7344fb3a133,consistent,0,3,2451770f91f9a9a9994bf99857c60094f2386da05ba45ccf70fa5030b721f3e6,D1,D1,feta,[],operator-corrective-review-v2,full-ontology-resolution-v2,Reviewed exact title-to-existing-identity assertion; provider reference remains owner context only,full-ontology-resolution/pilot-provider-workbook.csv
cookidoo,ingredient-topology-v1,com.vorwerk.ingredients.Ingredient-rpf,com.vorwerk.ingredients.Ingredient-rpf-345,fresh yeast,016d5723f48b4e6b67d755b7234990439a24476cd809289e0ed2312e3318aaef,consistent,0,3,dee6db1912880197350acd4b8b461a193cf05a8955d7f329b3ffb1e365f466ae,D8,D8,,{},operator-corrective-review-v2,full-ontology-resolution-v2,Reviewed provider-specific unresolved term,full-ontology-resolution/pilot-provider-workbook.csv
cookidoo,ingredient-topology-v1,com.vorwerk.ingredients.Ingredient-rpf,com.vorwerk.ingredients.Ingredient-rpf-3465,"sea salt, flakes",37919a240cdb891c9ac4d78445bdafcd6c774b4f49782e3d92ace2e47d73c51e,consistent,0,1,33c3963d1f9f9f7dc3841f3615d617412f88b22998bd283d43bd53b75d369f49,D8,D8,,{},operator-corrective-review-v2,full-ontology-resolution-v2,Reviewed provider-specific unresolved term,full-ontology-resolution/pilot-provider-workbook.csv
cookidoo,ingredient-topology-v1,com.vorwerk.ingredients.Ingredient-rpf,com.vorwerk.ingredients.Ingredient-rpf-3485,fenugreek seed,71a9a0976634a0fb0d76e0cfd87effdc83625d3a49626e2f9c8431b3a47dcd4f,consistent,0,2,d889a0c658fe8913c1d4e68d7f82f9c5324125593b4f571977a37a9752452073,D8,D8,,{},operator-corrective-review-v2,full-ontology-resolution-v2,Reviewed provider-specific unresolved term,full-ontology-resolution/pilot-provider-workbook.csv
cookidoo,ingredient-topology-v1,com.vorwerk.ingredients.Ingredient-rpf,com.vorwerk.ingredients.Ingredient-rpf-35,"chive, fresh",e9eecd8b7ca8b7072e70a541c64ddd619c7e25398ab3a413d87325f21fd46d8e,consistent,0,4,7d2ee2eb8221ea24477ceea54f9e4694e81ac2b340e95c5512a7926e98d25d55,D8,D8,,{},operator-corrective-review-v2,full-ontology-resolution-v2,Reviewed provider-specific unresolved term,full-ontology-resolution/pilot-provider-workbook.csv
cookidoo,ingredient-topology-v1,com.vorwerk.ingredients.Ingredient-rpf,com.vorwerk.ingredients.Ingredient-rpf-3502,ginger-garlic paste,665b5b926892692296c076e52f8bbb255a900bc05e2e03e8e4b47d5d74284e57,consistent,0,1,7aac092927a5b32004e68bcdbf3c0722c66ad7bc93b7377de8926a5c2919a7bd,D8,D8,,{},operator-corrective-review-v2,full-ontology-resolution-v2,Reviewed provider-specific unresolved term,full-ontology-resolution/pilot-provider-workbook.csv
cookidoo,ingredient-topology-v1,com.vorwerk.ingredients.Ingredient-rpf,com.vorwerk.ingredients.Ingredient-rpf-3511,"cacahuazintle grain, canned",2294083746f5dd81cf2e1c793dc31041e96a05c7c24918d3062ee76578e81f72,consistent,0,1,dffd3b86bb9b03dcbf5a6f61936bd9d3eefde771b80d0366cd33cbc8cfd7f5ad,D8,D8,,{},operator-corrective-review-v2,full-ontology-resolution-v2,Reviewed provider-specific unresolved term,full-ontology-resolution/pilot-provider-workbook.csv
cookidoo,ingredient-topology-v1,com.vorwerk.ingredients.Ingredient-rpf,com.vorwerk.ingredients.Ingredient-rpf-3514,self-raising wheat flour,b6aa20a1f8ef173a1d74cfd7f835356dd5cf5983b6a02412c6c7ac67f638c288,consistent,0,3,f7560e7aae8ec0627eefce2a345a9851df3b79d2ee806fd3ca601cc39648c408,D8,D8,,{},operator-corrective-review-v2,full-ontology-resolution-v2,Reviewed provider-specific unresolved term,full-ontology-resolution/pilot-provider-workbook.csv
cookidoo,ingredient-topology-v1,com.vorwerk.ingredients.Ingredient-rpf,com.vorwerk.ingredients.Ingredient-rpf-352,garlic clove,4452df579db4f1b15d9a759f28f41edd966aaa91e048f4c1f79d891e22bc3e25,consistent,0,125,d102361d6d2c9894e135d6918ed45cca392d49fc6c5485294341873e335eb151,D2,D2,garlic,"{""form"":""clove""}",operator-corrective-review-v2,full-ontology-resolution-v2,Reviewed exact title-to-existing-identity assertion; provider reference remains owner context only,full-ontology-resolution/pilot-provider-workbook.csv
cookidoo,ingredient-topology-v1,com.vorwerk.ingredients.Ingredient-rpf,com.vorwerk.ingredients.Ingredient-rpf-354,"paprika, hot",2e32655666b9bb7bc49b03a3c930a847917b1e197ddbbcbbeec89206587a5f5d,consistent,0,4,c5437a3fb43a4dd679d518c5680507c696458f09589720e6cd3d1db4f84402a0,D8,D8,,{},operator-corrective-review-v2,full-ontology-resolution-v2,Reviewed provider-specific unresolved term,full-ontology-resolution/pilot-provider-workbook.csv
cookidoo,ingredient-topology-v1,com.vorwerk.ingredients.Ingredient-rpf,com.vorwerk.ingredients.Ingredient-rpf-355,"potato, floury",496149253d923910499c986b74fd935d1a0eb49010f3e06c9d2a83a0094cc5e5,consistent,0,7,1533f0fba5f106adc025720cbfdd1eddbdc325573596996f82969f01f64cf227,D8,D8,,{},operator-corrective-review-v2,full-ontology-resolution-v2,Reviewed provider-specific unresolved term,full-ontology-resolution/pilot-provider-workbook.csv
cookidoo,ingredient-topology-v1,com.vorwerk.ingredients.Ingredient-rpf,com.vorwerk.ingredients.Ingredient-rpf-356,"rice, white, type jasmine",8e0479b37a63eed48afe8f7340d35a52ba1051dd2ac918597bda9caf96bb6d89,consistent,0,4,33dca95a97ea69c66c6e86e970dcf3ed5d5b9b2209317a7635d213d9c9473c16,D8,D8,,{},operator-corrective-review-v2,full-ontology-resolution-v2,Reviewed provider-specific unresolved term,full-ontology-resolution/pilot-provider-workbook.csv
cookidoo,ingredient-topology-v1,com.vorwerk.ingredients.Ingredient-rpf,com.vorwerk.ingredients.Ingredient-rpf-3570,miso paste,d0393f7c3b1bdfb90200bce51b5354c26e4aacfb991a8cbe075cfc37044c9dd2,consistent,0,2,ecc7433a70e0464a1fac5a055227c4bcb95eb4655bea3c7e72ad62eac8f8e4aa,D8,D8,,{},operator-corrective-review-v2,full-ontology-resolution-v2,Reviewed provider-specific unresolved term,full-ontology-resolution/pilot-provider-workbook.csv
cookidoo,ingredient-topology-v1,com.vorwerk.ingredients.Ingredient-rpf,com.vorwerk.ingredients.Ingredient-rpf-359,"palm sugar, any type",a497f1230079ed17600d519ed59a33c739ef2f5acf82f2cffd7997f9c8713472,consistent,1,1,c6b43def409e31a143aeba177c83709a3cba27277127391957c1b9b0dba6b2d2,D8,D8,,{},operator-corrective-review-v2,full-ontology-resolution-v2,Reviewed provider-specific unresolved term,full-ontology-resolution/pilot-provider-workbook.csv
cookidoo,ingredient-topology-v1,com.vorwerk.ingredients.Ingredient-rpf,com.vorwerk.ingredients.Ingredient-rpf-36,"marjoram, fresh",fceb937330557addffca4f36db1e771f96e210a224836905efdd8ca07d608e91,consistent,0,1,82f6ef317a490014ac5c64efe5e4c30fcc7093478b6c91373d79b60f5bbc08b5,D8,D8,,{},operator-corrective-review-v2,full-ontology-resolution-v2,Reviewed provider-specific unresolved term,full-ontology-resolution/pilot-provider-workbook.csv
cookidoo,ingredient-topology-v1,com.vorwerk.ingredients.Ingredient-rpf,com.vorwerk.ingredients.Ingredient-rpf-3600,"caperberry, pickled",65492b765d2492a187e48befb79568c6e59fdeab69cd790e38d6f527fb705011,consistent,0,1,b28ce626a298f6041a1fc007b8293e0cf2ed8821368ac0d2893923120f76353b,D8,D8,,{},operator-corrective-review-v2,full-ontology-resolution-v2,Reviewed provider-specific unresolved term,full-ontology-resolution/pilot-provider-workbook.csv
cookidoo,ingredient-topology-v1,com.vorwerk.ingredients.Ingredient-rpf,com.vorwerk.ingredients.Ingredient-rpf-3602,candied ginger,803d1fcde6822a6acc6bd7ef6231312ccb1920560153f4e8e5d3b1858119aad5,consistent,0,2,7bffa2ad765554f66bef47d05a6279f0c2285bc4076a32af89a45615230982f4,D8,D8,,{},operator-corrective-review-v2,full-ontology-resolution-v2,Reviewed provider-specific unresolved term,full-ontology-resolution/pilot-provider-workbook.csv
cookidoo,ingredient-topology-v1,com.vorwerk.ingredients.Ingredient-rpf,com.vorwerk.ingredients.Ingredient-rpf-3613,"crème fraîche, 15% fat",a76a727b476ad9db3826e1cdfe573c53ede5d7c74bf0c0058e17368f2bcf6bfa,consistent,0,1,438b91905b475be96a0ba957822311af3a81d29e58b77b87ddd7d08b17adfde4,D8,D8,,{},operator-corrective-review-v2,full-ontology-resolution-v2,Reviewed provider-specific unresolved term,full-ontology-resolution/pilot-provider-workbook.csv
cookidoo,ingredient-topology-v1,com.vorwerk.ingredients.Ingredient-rpf,com.vorwerk.ingredients.Ingredient-rpf-363,baguette,7824e0764d79dd525f665d48e0038138cd069fce242b1d8a7b0f6b41f1a3d1be,consistent,0,1,4ef11a9d8ee31afadcecbeae55939c51d820c001666c69c5a043c860fadb720e,D8,D8,,{},operator-corrective-review-v2,full-ontology-resolution-v2,Reviewed provider-specific unresolved term,full-ontology-resolution/pilot-provider-workbook.csv
cookidoo,ingredient-topology-v1,com.vorwerk.ingredients.Ingredient-rpf,com.vorwerk.ingredients.Ingredient-rpf-3641,"clam, fresh, cleaned",5514912f4f10544aacfe2668abe2739f13c40d061a01465a0617ce58d7ea1dce,consistent,0,2,1efdf7149f4907655ad2684bfcfd73cf18e427844f8e0590b90921a773aab35e,D8,D8,,{},operator-corrective-review-v2,full-ontology-resolution-v2,Reviewed provider-specific unresolved term,full-ontology-resolution/pilot-provider-workbook.csv
cookidoo,ingredient-topology-v1,com.vorwerk.ingredients.Ingredient-rpf,com.vorwerk.ingredients.Ingredient-rpf-3657,dark brown sugar,84ddae80c4ca044520d906ec3c5ce00d837bbfdca1ef7a8623d681f460ede94b,consistent,0,5,fa66342639d983740ded05711f348fbe7e321c291d3d5e6cda994ef8d5e631d5,D8,D8,,{},operator-corrective-review-v2,full-ontology-resolution-v2,Reviewed provider-specific unresolved term,full-ontology-resolution/pilot-provider-workbook.csv
cookidoo,ingredient-topology-v1,com.vorwerk.ingredients.Ingredient-rpf,com.vorwerk.ingredients.Ingredient-rpf-366,serrano chilli,0f0dc127751784ee1cb53f82fe928961da992ab2b6e7cca7b5d9f7b663446e88,consistent,0,1,4314cb031ae2d23125c8fb51cef1b51edec6b7d35ca093f42237f8fc06ba6a30,D8,D8,,{},operator-corrective-review-v2,full-ontology-resolution-v2,Reviewed provider-specific unresolved term,full-ontology-resolution/pilot-provider-workbook.csv
cookidoo,ingredient-topology-v1,com.vorwerk.ingredients.Ingredient-rpf,com.vorwerk.ingredients.Ingredient-rpf-3666,pesto rosso,8369dab2d5d95cb1f4d58f2fb162556525262a018dc57d9929271afdd87ebd9e,consistent,0,1,891d2070aebade235f206bb35ec184cec017ebd58c410b43435eb87de28163fb,D8,D8,,{},operator-corrective-review-v2,full-ontology-resolution-v2,Reviewed provider-specific unresolved term,full-ontology-resolution/pilot-provider-workbook.csv
cookidoo,ingredient-topology-v1,com.vorwerk.ingredients.Ingredient-rpf,com.vorwerk.ingredients.Ingredient-rpf-367,soda water,97b1f419383eb81ae0426377e79b0af826f756d106b074590f922f9d90d9c894,consistent,0,1,39530fd6d09022a807c8d45bfd5b22bfd29247c59b18d8f48933bc226c80bf94,D8,D8,,{},operator-corrective-review-v2,full-ontology-resolution-v2,Reviewed provider-specific unresolved term,full-ontology-resolution/pilot-provider-workbook.csv
cookidoo,ingredient-topology-v1,com.vorwerk.ingredients.Ingredient-rpf,com.vorwerk.ingredients.Ingredient-rpf-3677,blue cheese,83b2fcc9e36bae898b15f98ca998eff2a87768699dec98676132b32f2e2337ac,consistent,0,1,3ae6d5a305c0d6de3b93354508608eead44b8f347c64f226b6ee147e229199a1,D8,D8,,{},operator-corrective-review-v2,full-ontology-resolution-v2,Reviewed provider-specific unresolved term,full-ontology-resolution/pilot-provider-workbook.csv
cookidoo,ingredient-topology-v1,com.vorwerk.ingredients.Ingredient-rpf,com.vorwerk.ingredients.Ingredient-rpf-368,"almond, blanched",a522dcc0c64405545268cd7aef04a8483a48de79f0d72d4b51faef79c04df265,consistent,0,3,33b95cd6e7d8ccf67bc850e07c3698c9c870f180e2f6eef2db4998c2f57862f3,D8,D8,,{},operator-corrective-review-v2,full-ontology-resolution-v2,Reviewed provider-specific unresolved term,full-ontology-resolution/pilot-provider-workbook.csv
cookidoo,ingredient-topology-v1,com.vorwerk.ingredients.Ingredient-rpf,com.vorwerk.ingredients.Ingredient-rpf-369,"Chinese egg noodles, dried",7ddb701b34755ad94d1d167ad85c5e117232378be8814de622409ac047e06883,consistent,0,2,9b05f004ac3e9d37ceb2491a9c8b4fb73c30a06277bdcd55458a95def8bbb151,D8,D8,,{},operator-corrective-review-v2,full-ontology-resolution-v2,Reviewed provider-specific unresolved term,full-ontology-resolution/pilot-provider-workbook.csv
cookidoo,ingredient-topology-v1,com.vorwerk.ingredients.Ingredient-rpf,com.vorwerk.ingredients.Ingredient-rpf-37,ice cube,a25c343856888b65e507e147e043b0d4a2bb4be8c7b2136fc45109261bfc640d,consistent,0,8,97e722ab0a5358d8335ea7e87f187fe7163cdd7d296bff977795b0f1df1e94b1,D8,D8,,{},operator-corrective-review-v2,full-ontology-resolution-v2,Reviewed provider-specific unresolved term,full-ontology-resolution/pilot-provider-workbook.csv
cookidoo,ingredient-topology-v1,com.vorwerk.ingredients.Ingredient-rpf,com.vorwerk.ingredients.Ingredient-rpf-3724,"soybean, black, fermented (douchi)",1b3bb0a3f60291eff8b31552912e330ebd13b66ecef49e760af579f89cce56c0,consistent,0,1,231753a59fae7e2e508554dff6c9d38e076cb624a95cc1a31f7eb53e8ec1ccab,D8,D8,,{},operator-corrective-review-v2,full-ontology-resolution-v2,Reviewed provider-specific unresolved term,full-ontology-resolution/pilot-provider-workbook.csv
cookidoo,ingredient-topology-v1,com.vorwerk.ingredients.Ingredient-rpf,com.vorwerk.ingredients.Ingredient-rpf-3726,edible lavender flower,8ca29741f30b89b495dd3d7aeceb7edf742970988d9ce2cead102a54822922f9,consistent,0,1,f8c324031604c10645045aec17e2b7f563634747db3459ac584b96775e37ab9c,D8,D8,,{},operator-corrective-review-v2,full-ontology-resolution-v2,Reviewed provider-specific unresolved term,full-ontology-resolution/pilot-provider-workbook.csv
cookidoo,ingredient-topology-v1,com.vorwerk.ingredients.Ingredient-rpf,com.vorwerk.ingredients.Ingredient-rpf-373,"coriander root, fresh",e70474aa02770201b5216c8730150eb156cb42ee893a7e7a86a80a03e4e7aca4,consistent,0,1,98066c29f1ea044b050f6b4de608048c75dc52362265dc2fa6e30323f39cafb6,D8,D8,,{},operator-corrective-review-v2,full-ontology-resolution-v2,Reviewed provider-specific unresolved term,full-ontology-resolution/pilot-provider-workbook.csv
cookidoo,ingredient-topology-v1,com.vorwerk.ingredients.Ingredient-rpf,com.vorwerk.ingredients.Ingredient-rpf-3731,"nut, whole",64eec969e5eac30977e69f46d81d227d769712eaf301ab8c6605b105ad1659f5,consistent,0,1,f489c52a2d0c4490028bed1e9df2168638fd2ffc13decee52bb40f2cc49a66a1,D8,D8,,{},operator-corrective-review-v2,full-ontology-resolution-v2,Reviewed provider-specific unresolved term,full-ontology-resolution/pilot-provider-workbook.csv
cookidoo,ingredient-topology-v1,com.vorwerk.ingredients.Ingredient-rpf,com.vorwerk.ingredients.Ingredient-rpf-374,"shrimp paste, any kind",f6f251658ea0623ae40f307226f38238d4842e682ea5a66b3ca7b331591fe6ce,consistent,1,1,481dca5d91df6888ceef2c63e951af8194bfc93a33397f13af764a8518d8955b,D8,D8,,{},operator-corrective-review-v2,full-ontology-resolution-v2,Reviewed provider-specific unresolved term,full-ontology-resolution/pilot-provider-workbook.csv
cookidoo,ingredient-topology-v1,com.vorwerk.ingredients.Ingredient-rpf,com.vorwerk.ingredients.Ingredient-rpf-375,"Thai basil, fresh",b69d63a644caf3371a4753d007286ac5a5adf3ee701d589318c379bc20e2fe91,consistent,0,1,56872282030a0324b349bac634bdb7af64241ae5d1ba307fea3b66e8e7c491f3,D8,D8,,{},operator-corrective-review-v2,full-ontology-resolution-v2,Reviewed provider-specific unresolved term,full-ontology-resolution/pilot-provider-workbook.csv
cookidoo,ingredient-topology-v1,com.vorwerk.ingredients.Ingredient-rpf,com.vorwerk.ingredients.Ingredient-rpf-3765,mirin,36413cff904407f785f9fc2cda350203596faf365847dca195e34b4fb2f91794,consistent,0,1,42bda53562eeee927e374878991c58690e62d247fc32ef86652cdbfb6d26f2ec,D8,D8,,{},operator-corrective-review-v2,full-ontology-resolution-v2,Reviewed provider-specific unresolved term,full-ontology-resolution/pilot-provider-workbook.csv
cookidoo,ingredient-topology-v1,com.vorwerk.ingredients.Ingredient-rpf,com.vorwerk.ingredients.Ingredient-rpf-3766,"soybean kernel, green, fresh",bb1c310cab3a8cc7b2f5af15a78eecf206523ca12ce55635ade4762e16a4262a,consistent,0,2,9fc424887af831643254d6a152d01eccd41817d4f4244cfcca971240ee26e073,D8,D8,,{},operator-corrective-review-v2,full-ontology-resolution-v2,Reviewed provider-specific unresolved term,full-ontology-resolution/pilot-provider-workbook.csv
cookidoo,ingredient-topology-v1,com.vorwerk.ingredients.Ingredient-rpf,com.vorwerk.ingredients.Ingredient-rpf-378350,hot sauce,905f6a6c4f7c7c8f525a396c13b983bc6e4380a3c3e05e432a28f85c8a8f2890,consistent,0,1,d788a36bc02396954091c0670728dffe25a9e66749b310f4e5190b60b9415e9c,D8,D8,,{},operator-corrective-review-v2,full-ontology-resolution-v2,Reviewed provider-specific unresolved term,full-ontology-resolution/pilot-provider-workbook.csv
cookidoo,ingredient-topology-v1,com.vorwerk.ingredients.Ingredient-rpf,com.vorwerk.ingredients.Ingredient-rpf-3796,hamburger bun,816673cc0e1d2c9f22638c0da0afb5f2be69a54d28a64db370ccdabbb94ecb6f,consistent,0,1,f42b5506fb00b2e63e3a61702cae5d31fd632a8730811ab2b6bbe9f0c4eb3d46,D8,D8,,{},operator-corrective-review-v2,full-ontology-resolution-v2,Reviewed provider-specific unresolved term,full-ontology-resolution/pilot-provider-workbook.csv
cookidoo,ingredient-topology-v1,com.vorwerk.ingredients.Ingredient-rpf,com.vorwerk.ingredients.Ingredient-rpf-38,green pepper,aeb13f86c4b1aa67917de0948597272ad0962772ccb807867f227a4e8d09bd24,consistent,0,4,8b3e9a18b9299333ea4bef23551342adbd0b758b9ae6e3616fe0b9d8c3f8a86b,D8,D8,,{},operator-corrective-review-v2,full-ontology-resolution-v2,Reviewed provider-specific unresolved term,full-ontology-resolution/pilot-provider-workbook.csv
cookidoo,ingredient-topology-v1,com.vorwerk.ingredients.Ingredient-rpf,com.vorwerk.ingredients.Ingredient-rpf-380,cardamom seed,7d0d2fb5bf529f4ba08d0f4d7624a2f196a4747dcf959cd0b686eaa497334bf1,consistent,0,1,ea7e5da63e9569d48ef7c590f0e17f9cf845bfe1addfe23b1b0f47bbdda12f94,D8,D8,,{},operator-corrective-review-v2,full-ontology-resolution-v2,Reviewed provider-specific unresolved term,full-ontology-resolution/pilot-provider-workbook.csv
cookidoo,ingredient-topology-v1,com.vorwerk.ingredients.Ingredient-rpf,com.vorwerk.ingredients.Ingredient-rpf-381,"potato, waxy",d5db074b7eecbc6afeffeeb8f51bdeb4e2953aba1861592267b4ab405aa0e8b1,consistent,0,1,ebfd3a106d8cdcf6c613877dc97797efcca3ad1efdab8a7914658d1f9952e611,D8,D8,,{},operator-corrective-review-v2,full-ontology-resolution-v2,Reviewed provider-specific unresolved term,full-ontology-resolution/pilot-provider-workbook.csv
cookidoo,ingredient-topology-v1,com.vorwerk.ingredients.Ingredient-rpf,com.vorwerk.ingredients.Ingredient-rpf-382,"kaffir lime leaf, fresh",27aa524880c38fa808a4a99525afd04dc30f556ac1a652243c2b3edb196606df,consistent,0,3,dbc38ff672d83bb76af4aafb710b452618f6ecc0a27ffee3153b49fead66d701,D8,D8,,{},operator-corrective-review-v2,full-ontology-resolution-v2,Reviewed provider-specific unresolved term,full-ontology-resolution/pilot-provider-workbook.csv
cookidoo,ingredient-topology-v1,com.vorwerk.ingredients.Ingredient-rpf,com.vorwerk.ingredients.Ingredient-rpf-3821,"white fish fillet, skin on or skinless",98148a1b047b8bb9a51a12055a2b8e7c520338b44e131317d17542ed8433438a,consistent,0,2,ef1a217cd9bc6ca4d75347a8d96240bf2cff0b22802d972885b97a8ea4e301c2,D8,D8,,{},operator-corrective-review-v2,full-ontology-resolution-v2,Reviewed provider-specific unresolved term,full-ontology-resolution/pilot-provider-workbook.csv
cookidoo,ingredient-topology-v1,com.vorwerk.ingredients.Ingredient-rpf,com.vorwerk.ingredients.Ingredient-rpf-383069,"Italian soft wheat flour ""tipo 00""",0db4a14b167f5b4fab57d3f59016ea2b206e49d6e4b8cd92fe8630d20cd07af5,consistent,0,1,cb5ccfc04f3ab4c8f6cc72aeda3057392b0caccec8c7bb27d7f09e55ad8ba161,D8,D8,,{},operator-corrective-review-v2,full-ontology-resolution-v2,Reviewed provider-specific unresolved term,full-ontology-resolution/pilot-provider-workbook.csv
cookidoo,ingredient-topology-v1,com.vorwerk.ingredients.Ingredient-rpf,com.vorwerk.ingredients.Ingredient-rpf-3862,"yoghurt, any kind",ae017eac25eab4d7794c1b7d6e5d7dcc89994301a1ea92c49f6a00d332e5567b,consistent,1,1,24827e8189ab0fea7fd3bd70c43debae391ef760760a95146fecee1bfb512878,D8,D8,,{},operator-corrective-review-v2,full-ontology-resolution-v2,Reviewed provider-specific unresolved term,full-ontology-resolution/pilot-provider-workbook.csv
cookidoo,ingredient-topology-v1,com.vorwerk.ingredients.Ingredient-rpf,com.vorwerk.ingredients.Ingredient-rpf-3885,"peppers, mixed",c914c60b095395f58818b619a70dffb4e81a3ed75e6e1b1682761c4b970f7396,consistent,0,1,20c62ca2b38d9f28deee8c4c5c384fedab2d05f14f000d3d5c4dc50126d8a31d,D8,D8,,{},operator-corrective-review-v2,full-ontology-resolution-v2,Reviewed provider-specific unresolved term,full-ontology-resolution/pilot-provider-workbook.csv
cookidoo,ingredient-topology-v1,com.vorwerk.ingredients.Ingredient-rpf,com.vorwerk.ingredients.Ingredient-rpf-389,wholegrain mustard,6c5c3a72acb79a47d8deec528a510539b2572db7dbe1133a6ccfa1dcbf27b3f0,consistent,0,1,6bc4baa362b0d0b73dc307415714151c7b262e4ede1fec74721056b6ee8731f9,D8,D8,,{},operator-corrective-review-v2,full-ontology-resolution-v2,Reviewed provider-specific unresolved term,full-ontology-resolution/pilot-provider-workbook.csv
cookidoo,ingredient-topology-v1,com.vorwerk.ingredients.Ingredient-rpf,com.vorwerk.ingredients.Ingredient-rpf-39,"starch, any type",8f808457acdc38eaabf37ed7c0445ceea466482e82fd998669f13a40d9c39f33,consistent,1,1,e21bdcc26cb870d2708aadfba13ada0f52ad83c92c97d18049f48c59e9660de1,D8,D8,,{},operator-corrective-review-v2,full-ontology-resolution-v2,Reviewed provider-specific unresolved term,full-ontology-resolution/pilot-provider-workbook.csv
cookidoo,ingredient-topology-v1,com.vorwerk.ingredients.Ingredient-rpf,com.vorwerk.ingredients.Ingredient-rpf-391,white peppercorn,3f0a29379585a07b8d8f8c094da8f3ea3f7e7b1635143e52991a7954ff68a99d,consistent,0,2,f44ee813bb7fcc157d2aca9d3af4241992b000eb4b4cda965dd928e2574771da,D8,D8,,{},operator-corrective-review-v2,full-ontology-resolution-v2,Reviewed provider-specific unresolved term,full-ontology-resolution/pilot-provider-workbook.csv
cookidoo,ingredient-topology-v1,com.vorwerk.ingredients.Ingredient-rpf,com.vorwerk.ingredients.Ingredient-rpf-392,stock paste,385cd1c57b7f3f72e934bec3ba891ca11d433b246362e306bebec560b662154f,consistent,0,1,14de187bfaa1327dbc53e57de93acbdf0f56479cbb66ff1fb74fc9a4cf61c79c,D1,D1,stock-paste,[],operator-corrective-review-v2,full-ontology-resolution-v2,Reviewed exact title-to-existing-identity assertion; provider reference remains owner context only,full-ontology-resolution/pilot-provider-workbook.csv
cookidoo,ingredient-topology-v1,com.vorwerk.ingredients.Ingredient-rpf,com.vorwerk.ingredients.Ingredient-rpf-3927,"prawn, raw, unpeeled",85e516fb603b4f40b1de0f90868904752836266b61c168899e968d522a19a986,consistent,0,1,9ae852fcef850ef0f300a40333fccb1db82fc9029754bcbf42a1b29c3021f1b3,D8,D8,,{},operator-corrective-review-v2,full-ontology-resolution-v2,Reviewed provider-specific unresolved term,full-ontology-resolution/pilot-provider-workbook.csv
cookidoo,ingredient-topology-v1,com.vorwerk.ingredients.Ingredient-rpf,com.vorwerk.ingredients.Ingredient-rpf-393,vegetable stock paste,e3b1927cc8a763ef27c7ed0fd4923cef7a2dd56d7431ca2f36c68031cb1358a2,consistent,0,9,768127677f9cef24f88f718d03d43ffce17176cdc9b5b73e2d091ff07d9458c4,D2,D2,stock-paste,"{""form"":""paste"",""variety"":""vegetable""}",operator-corrective-review-v2,full-ontology-resolution-v2,Reviewed exact title-to-existing-identity assertion; provider reference remains owner context only,full-ontology-resolution/pilot-provider-workbook.csv
cookidoo,ingredient-topology-v1,com.vorwerk.ingredients.Ingredient-rpf,com.vorwerk.ingredients.Ingredient-rpf-3930,"chicken thigh, skinless, boneless",da82a24a41997819bcda2a46e37c9dc499ecd559102fe24d920a885d7b746dee,consistent,0,14,d3bd1036fdb3c6dbb6455156c2772ed16c1f77cef3d6f0c3e451f8995cff22c2,D8,D8,,{},operator-corrective-review-v2,full-ontology-resolution-v2,Reviewed provider-specific unresolved term,full-ontology-resolution/pilot-provider-workbook.csv
cookidoo,ingredient-topology-v1,com.vorwerk.ingredients.Ingredient-rpf,com.vorwerk.ingredients.Ingredient-rpf-394,"basil, fresh",19b3b5d99d585ada083515d77bae16e53801f537b917a045ee4f3ccb1caf676c,consistent,0,6,c4e73cbde079e7ac83f79ccfc0be8e12ce2450e6a8a1de625560484b32555fb4,D8,D8,,{},operator-corrective-review-v2,full-ontology-resolution-v2,Reviewed provider-specific unresolved term,full-ontology-resolution/pilot-provider-workbook.csv
cookidoo,ingredient-topology-v1,com.vorwerk.ingredients.Ingredient-rpf,com.vorwerk.ingredients.Ingredient-rpf-395,"basil, dried",8823038cf2ca347ce15a61347130b156d7451308f77e40aef6de421144d78f2c,consistent,0,2,1ec5d77bcadd2463d82207185df1f39f7e40ee0e74db6233ee324a7bc1f0bb72,D8,D8,,{},operator-corrective-review-v2,full-ontology-resolution-v2,Reviewed provider-specific unresolved term,full-ontology-resolution/pilot-provider-workbook.csv
cookidoo,ingredient-topology-v1,com.vorwerk.ingredients.Ingredient-rpf,com.vorwerk.ingredients.Ingredient-rpf-39625,clam juice,50ca1ce58fa99c48b6aeb01e84c6a328f02ea7f08482989c69a9b832d4475ad9,consistent,0,1,b4d5f2e519d86fad850c9cd9fe46cf5c2e84846ab3ee9d6d8f6a468829f39a94,D8,D8,,{},operator-corrective-review-v2,full-ontology-resolution-v2,Reviewed provider-specific unresolved term,full-ontology-resolution/pilot-provider-workbook.csv
cookidoo,ingredient-topology-v1,com.vorwerk.ingredients.Ingredient-rpf,com.vorwerk.ingredients.Ingredient-rpf-4,"bay leaf, dried",20c7562b17ead018869721986d3c7669801adaa50fada6a561555e0b3cef9156,consistent,0,13,9ed3576a47d6b1ca6069eb4eb3afa4345530a5615d63cc75fb0c04ec91d1fb1f,D8,D8,,{},operator-corrective-review-v2,full-ontology-resolution-v2,Reviewed provider-specific unresolved term,full-ontology-resolution/pilot-provider-workbook.csv
cookidoo,ingredient-topology-v1,com.vorwerk.ingredients.Ingredient-rpf,com.vorwerk.ingredients.Ingredient-rpf-40,wheat flour,5d055ff280ca0c2204537d8761a3e35c1f2af12ca2ec8d30d511593d1d88067d,consistent,0,45,4017689accf17dbbdb1d42b1fa24b7bdfac7a496ce7180da79cb7093269e4edb,D2,D2,flour,"{""form"":""flour""}",operator-corrective-review-v2,full-ontology-resolution-v2,Reviewed exact title-to-existing-identity assertion; provider reference remains owner context only,full-ontology-resolution/pilot-provider-workbook.csv
cookidoo,ingredient-topology-v1,com.vorwerk.ingredients.Ingredient-rpf,com.vorwerk.ingredients.Ingredient-rpf-4026,peanut butter,8ab7d8548a9a844cc15713a9cb891fbc74631843de1677673df02f43dbe489ce,consistent,0,4,e213aabb1e706815a742e1b02619cf9e58ef9683b189e92793f790cf3503130b,D8,D8,,{},operator-corrective-review-v2,full-ontology-resolution-v2,Reviewed provider-specific unresolved term,full-ontology-resolution/pilot-provider-workbook.csv
cookidoo,ingredient-topology-v1,com.vorwerk.ingredients.Ingredient-rpf,com.vorwerk.ingredients.Ingredient-rpf-4042,spice mix,01fd62980d03dc2f45cb4639e227724dea2d72b8b64aa12be9db1a2b683c8285,consistent,0,1,392f6890efeb19efeb2c256e3731e51555d15b785c35f38e25ae467a68843cff,D8,D8,,{},operator-corrective-review-v2,full-ontology-resolution-v2,Reviewed provider-specific unresolved term,full-ontology-resolution/pilot-provider-workbook.csv
cookidoo,ingredient-topology-v1,com.vorwerk.ingredients.Ingredient-rpf,com.vorwerk.ingredients.Ingredient-rpf-407,cherry tomato,f7f8259465cf4c55d513f46cd5c9f03863586bff745b282357206eb12e749c49,consistent,0,6,5110dc325cc94d08a2a25cb2a552c8e5c655c0978f70145f2fd1af7a7b160cf5,D8,D8,,{},operator-corrective-review-v2,full-ontology-resolution-v2,Reviewed provider-specific unresolved term,full-ontology-resolution/pilot-provider-workbook.csv
cookidoo,ingredient-topology-v1,com.vorwerk.ingredients.Ingredient-rpf,com.vorwerk.ingredients.Ingredient-rpf-408,"tomato, dried",7e8cc0be92dd18db8be7d197ff131a1d6e1c554212f10eb7617a41d553c41986,consistent,0,11,9a6026f7c526817668a9561d4a8fffbe7bbb13aaaba377465e2df3b7a30a7500,D8,D8,,{},operator-corrective-review-v2,full-ontology-resolution-v2,Reviewed provider-specific unresolved term,full-ontology-resolution/pilot-provider-workbook.csv
cookidoo,ingredient-topology-v1,com.vorwerk.ingredients.Ingredient-rpf,com.vorwerk.ingredients.Ingredient-rpf-409,"tomato, dried, in oil",cd97f7dbfc48c231090d913d9e6514d917782e618e0d096d2fedd8807d3891bf,consistent,0,6,430060cb239e3d055414b084d654da8d49c3c1176dcd7a4f78d5633c5786100a,D8,D8,,{},operator-corrective-review-v2,full-ontology-resolution-v2,Reviewed provider-specific unresolved term,full-ontology-resolution/pilot-provider-workbook.csv
cookidoo,ingredient-topology-v1,com.vorwerk.ingredients.Ingredient-rpf,com.vorwerk.ingredients.Ingredient-rpf-41,whole cow milk,9c01a8d0de2380b146221e6db2e1f27c28b219643898e5789fa4ea6b31977aba,consistent,0,6,1cf69d12b4aa847f85a426d1bd523cd4b7d8d29739021fd7429f9d5c50cf892b,D8,D8,,{},operator-corrective-review-v2,full-ontology-resolution-v2,Reviewed provider-specific unresolved term,full-ontology-resolution/pilot-provider-workbook.csv
cookidoo,ingredient-topology-v1,com.vorwerk.ingredients.Ingredient-rpf,com.vorwerk.ingredients.Ingredient-rpf-410,"caper, salted",5a285d2a306962854d3d8cbd3ab794fc3de7c4e9a84fa0eec01a038ea5dcb166,consistent,0,1,f4be2d5228bc14c400160ca27ff5d82dc390755a63f8462801ed30016470de6e,D8,D8,,{},operator-corrective-review-v2,full-ontology-resolution-v2,Reviewed provider-specific unresolved term,full-ontology-resolution/pilot-provider-workbook.csv
cookidoo,ingredient-topology-v1,com.vorwerk.ingredients.Ingredient-rpf,com.vorwerk.ingredients.Ingredient-rpf-411,cardamom pod,1bf97a5826eff60bad3fb7cc4a24deaec2d1c04a1663218624f854f26499339e,consistent,0,3,dffd06ae5caa6f86ccfb9c347329bcba8a16f2ba1564bf2ccb9196afcc806687,D2,D2,cardamom,"{""form"":""pod""}",operator-corrective-review-v2,full-ontology-resolution-v2,Reviewed exact title-to-existing-identity assertion; provider reference remains owner context only,full-ontology-resolution/pilot-provider-workbook.csv
cookidoo,ingredient-topology-v1,com.vorwerk.ingredients.Ingredient-rpf,com.vorwerk.ingredients.Ingredient-rpf-412,potato starch,2533d789585503f1da979f783138494eab83098a45f25a54b544676a7aaef824,consistent,0,1,ee13c6b8542fd0a45b0f6a0bf0d2007ebda8e18a1925e7b0de999144ddcf5457,D8,D8,,{},operator-corrective-review-v2,full-ontology-resolution-v2,Reviewed provider-specific unresolved term,full-ontology-resolution/pilot-provider-workbook.csv
cookidoo,ingredient-topology-v1,com.vorwerk.ingredients.Ingredient-rpf,com.vorwerk.ingredients.Ingredient-rpf-413,black peppercorn,5983f8410d9b743c0d4a57b61a09f2c1d4b54776bee302392906d304c91c5d4d,consistent,0,9,e43f475427a306e54b6954d45b0525137b51c1c8477f9972dec90420907828ef,D8,D8,,{},operator-corrective-review-v2,full-ontology-resolution-v2,Reviewed provider-specific unresolved term,full-ontology-resolution/pilot-provider-workbook.csv
cookidoo,ingredient-topology-v1,com.vorwerk.ingredients.Ingredient-rpf,com.vorwerk.ingredients.Ingredient-rpf-4163,ginger ale,73df77ede6f8122d04c4bea83e0af922951575d4a6ef370befad5c588e58fb5e,consistent,0,1,04c634a3f3b76f72410097b749fe2af2d398b57ec4152caf2ef16696f7830799,D8,D8,,{},operator-corrective-review-v2,full-ontology-resolution-v2,Reviewed provider-specific unresolved term,full-ontology-resolution/pilot-provider-workbook.csv
cookidoo,ingredient-topology-v1,com.vorwerk.ingredients.Ingredient-rpf,com.vorwerk.ingredients.Ingredient-rpf-417,"white pepper, ground",0cf96fab66978404ca0a7b06a00b969d67e985acc016965bd23afe9f0fac4e10,consistent,0,7,5cf839628f11b432aabb146d03178cd91338840802ac3104fba5cf1e354a20b0,D8,D8,,{},operator-corrective-review-v2,full-ontology-resolution-v2,Reviewed provider-specific unresolved term,full-ontology-resolution/pilot-provider-workbook.csv
cookidoo,ingredient-topology-v1,com.vorwerk.ingredients.Ingredient-rpf,com.vorwerk.ingredients.Ingredient-rpf-418530,"cream of sweet corn condensed soup, canned",a02f0aa00a3860f2c8fc996f312e95c8948d374abf275ee7688ae0973fe77cff,consistent,0,1,e6cbcc623233daed74479bb3689811b44d6937e3566e38f304aca080f2e51981,D8,D8,,{},operator-corrective-review-v2,full-ontology-resolution-v2,Reviewed provider-specific unresolved term,full-ontology-resolution/pilot-provider-workbook.csv
cookidoo,ingredient-topology-v1,com.vorwerk.ingredients.Ingredient-rpf,com.vorwerk.ingredients.Ingredient-rpf-4192,"pasta, dried, type macaroni",16a566165e2981cbd9a3e0078585243e8401e3622b202a3acaf246bbf6e0fb68,consistent,0,1,79bf3f03ab5879f5df4826b2b03323a2a18507eea16e21857de31fd013fbb952,D8,D8,,{},operator-corrective-review-v2,full-ontology-resolution-v2,Reviewed provider-specific unresolved term,full-ontology-resolution/pilot-provider-workbook.csv
cookidoo,ingredient-topology-v1,com.vorwerk.ingredients.Ingredient-rpf,com.vorwerk.ingredients.Ingredient-rpf-42,white wine,f61ff4a4c92d6a663f4b5c66e9e4d8176a0256e7ab8386866a06868ac53345b9,consistent,0,11,28140b3509a3d0436b7b572c477437808150a7b0aeac0705fcf61b6b29d87898,D2,D2,wine,"{""wine_color"":""white""}",operator-corrective-review-v2,full-ontology-resolution-v2,Reviewed exact title-to-existing-identity assertion; provider reference remains owner context only,full-ontology-resolution/pilot-provider-workbook.csv
cookidoo,ingredient-topology-v1,com.vorwerk.ingredients.Ingredient-rpf,com.vorwerk.ingredients.Ingredient-rpf-420,"yoghurt, 1.8% fat",efc73b2a94bc6572ec1760de78827ae4a073b1a1f3b87d69171a597e7ecd62d6,consistent,0,1,7e46e8267871560aabc587b8a611cc7fe866941240ce602a1f6c37d9ad221f20,D8,D8,,{},operator-corrective-review-v2,full-ontology-resolution-v2,Reviewed provider-specific unresolved term,full-ontology-resolution/pilot-provider-workbook.csv
cookidoo,ingredient-topology-v1,com.vorwerk.ingredients.Ingredient-rpf,com.vorwerk.ingredients.Ingredient-rpf-422,celery salt,0991991f5df96874d91af25333b767ce69e6e8b6701aa8b54c9749efa4fcc3a2,consistent,0,2,12e3201b899dd8990d63b51ce31b28e46cff979909eba0520e03fe031f129cf8,D8,D8,,{},operator-corrective-review-v2,full-ontology-resolution-v2,Reviewed provider-specific unresolved term,full-ontology-resolution/pilot-provider-workbook.csv
cookidoo,ingredient-topology-v1,com.vorwerk.ingredients.Ingredient-rpf,com.vorwerk.ingredients.Ingredient-rpf-4225,"red chilli, any type",ce322937e1943d67dd3e899f245176b62a2ea6fe87d769f8cd66955c30a4194e,consistent,1,1,0d1e817891a2516484ebbbb04628f82c5b075cb0f08edccfce7fed3ba4b206ec,D8,D8,,{},operator-corrective-review-v2,full-ontology-resolution-v2,Reviewed provider-specific unresolved term,full-ontology-resolution/pilot-provider-workbook.csv
cookidoo,ingredient-topology-v1,com.vorwerk.ingredients.Ingredient-rpf,com.vorwerk.ingredients.Ingredient-rpf-424,"salt, fine",e25c754920962cb214a4ef204380eeadcacd970966a3364614702dc7ac8f993d,consistent,0,6,2ac97818a3604afb36a58137334d5c90f2767f58ba3d761ca2e3b166c5a5eef6,D8,D8,,{},operator-corrective-review-v2,full-ontology-resolution-v2,Reviewed provider-specific unresolved term,full-ontology-resolution/pilot-provider-workbook.csv
cookidoo,ingredient-topology-v1,com.vorwerk.ingredients.Ingredient-rpf,com.vorwerk.ingredients.Ingredient-rpf-4242,"olive, any type, pitted",b19d1f7b3a03af64beeae0fcbb56b56f49b2f728bccd1640f8133c815e1000dd,consistent,1,1,0d3789116bb21ad9203a80164cfd47d28bea9e05e58cb7b8aba5804936b9a574,D8,D8,,{},operator-corrective-review-v2,full-ontology-resolution-v2,Reviewed provider-specific unresolved term,full-ontology-resolution/pilot-provider-workbook.csv
cookidoo,ingredient-topology-v1,com.vorwerk.ingredients.Ingredient-rpf,com.vorwerk.ingredients.Ingredient-rpf-425,parsnip,3ed7277d453de87de1ff43780dd2fe3288d6f0110b35efd7cff339ec1010d0ac,consistent,0,1,c49230fc300cc55f89f7649fbaaf48d93eb5100f884e2ad4e71d84a5e6f623dc,D8,D8,,{},operator-corrective-review-v2,full-ontology-resolution-v2,Reviewed provider-specific unresolved term,full-ontology-resolution/pilot-provider-workbook.csv
cookidoo,ingredient-topology-v1,com.vorwerk.ingredients.Ingredient-rpf,com.vorwerk.ingredients.Ingredient-rpf-4257,puntarelle chicory,de2f12465f8b704c647d88bafe15d3e3919273eb2f4b1a8c2ff248ea9606a23a,consistent,0,1,05932ffb86699eef754596bd220a071759820dd7a0212a3e36666af252af77db,D8,D8,,{},operator-corrective-review-v2,full-ontology-resolution-v2,Reviewed provider-specific unresolved term,full-ontology-resolution/pilot-provider-workbook.csv
cookidoo,ingredient-topology-v1,com.vorwerk.ingredients.Ingredient-rpf,com.vorwerk.ingredients.Ingredient-rpf-43,red pepper,d225c0651856e204dc215b0c9acd5d9d78ebcabb6fbe0d16637bb341a04fccb5,consistent,0,29,1f386631397721da23cb616e9a48197b6f8ba8813a91a5e6ea3d577f0729d144,D8,D8,,{},operator-corrective-review-v2,full-ontology-resolution-v2,Reviewed provider-specific unresolved term,full-ontology-resolution/pilot-provider-workbook.csv
cookidoo,ingredient-topology-v1,com.vorwerk.ingredients.Ingredient-rpf,com.vorwerk.ingredients.Ingredient-rpf-430,red cabbage,34d3da154700e8a115cf6a56b95e545a62f4b0e02a907c4abde230f56290e5c6,consistent,0,3,ba53b6ef6623031f39205f312999240f227e539ad5b0dd02a3ba0d0618af9e4d,D8,D8,,{},operator-corrective-review-v2,full-ontology-resolution-v2,Reviewed provider-specific unresolved term,full-ontology-resolution/pilot-provider-workbook.csv
cookidoo,ingredient-topology-v1,com.vorwerk.ingredients.Ingredient-rpf,com.vorwerk.ingredients.Ingredient-rpf-431,green cabbage,9087e97715fa5ae0501677d8da32e62a85f50ffa3706f39c94b22e37273a6d04,consistent,0,1,1dcc90e84019d3a4ba1bb2f6c7f3dbdba91abcaa1ad55563b108f462de9898f4,D8,D8,,{},operator-corrective-review-v2,full-ontology-resolution-v2,Reviewed provider-specific unresolved term,full-ontology-resolution/pilot-provider-workbook.csv
cookidoo,ingredient-topology-v1,com.vorwerk.ingredients.Ingredient-rpf,com.vorwerk.ingredients.Ingredient-rpf-432,"olive, green",99ebfeee50e9a3f8ed9350ae5df82d8759ab8c745fe00e21f1a4f38a6ab49efe,consistent,0,1,dbc377be121fea45f03c557c3e8191e87cd385a70ff1deb5bde14de1f4e89985,D8,D8,,{},operator-corrective-review-v2,full-ontology-resolution-v2,Reviewed provider-specific unresolved term,full-ontology-resolution/pilot-provider-workbook.csv
cookidoo,ingredient-topology-v1,com.vorwerk.ingredients.Ingredient-rpf,com.vorwerk.ingredients.Ingredient-rpf-434,cauliflower,bf35a2d3261f8ec8c0c47c767a0696c6c80f99f8c93eaae87993c0b111c9b031,consistent,0,2,21c8224bfd61d773750fdb6b341d32ee0b8f6b6750e777e71d58175020353bf8,D8,D8,,{},operator-corrective-review-v2,full-ontology-resolution-v2,Reviewed provider-specific unresolved term,full-ontology-resolution/pilot-provider-workbook.csv
cookidoo,ingredient-topology-v1,com.vorwerk.ingredients.Ingredient-rpf,com.vorwerk.ingredients.Ingredient-rpf-435,broccoli floret,5f146fef706018c828418e04795198266d27dde55c2c013d90f3e0989a376487,consistent,0,3,bef3ac1669ac821b332f3a1c63b4d91c7d723230f04744bb9ddf9fa58e4d10e6,D8,D8,,{},operator-corrective-review-v2,full-ontology-resolution-v2,Reviewed provider-specific unresolved term,full-ontology-resolution/pilot-provider-workbook.csv
cookidoo,ingredient-topology-v1,com.vorwerk.ingredients.Ingredient-rpf,com.vorwerk.ingredients.Ingredient-rpf-436,broccoli,067d83642a45da492b3e51c4ad9c71ac223264ad8cdb00094af99447f3f57c07,consistent,0,5,b228f6f3cd120691a46d15a9aa083e38f52f781e04723c7e4f03040cc88775f6,D1,D1,broccoli,[],operator-corrective-review-v2,full-ontology-resolution-v2,Reviewed exact title-to-existing-identity assertion; provider reference remains owner context only,full-ontology-resolution/pilot-provider-workbook.csv
cookidoo,ingredient-topology-v1,com.vorwerk.ingredients.Ingredient-rpf,com.vorwerk.ingredients.Ingredient-rpf-44,"cayenne pepper, ground",a882e6342753d6a7c6bd596bbcada4cc0924c97b89ed47e681fbfb46d79fa14f,consistent,0,11,cf93da1562775f7950b9e1b2ea4a76cf430fb9a4fddc20be66d3cf71e15e163d,D8,D8,,{},operator-corrective-review-v2,full-ontology-resolution-v2,Reviewed provider-specific unresolved term,full-ontology-resolution/pilot-provider-workbook.csv
cookidoo,ingredient-topology-v1,com.vorwerk.ingredients.Ingredient-rpf,com.vorwerk.ingredients.Ingredient-rpf-441,kale,9857e117dd0722da68e8dbc1c35987456fc9cc0d9915a53984dda728c36bd1fe,consistent,0,4,841f9b1ec5888008210ec81f6e92673d9b323dd138f705456a455f990b85dbbd,D8,D8,,{},operator-corrective-review-v2,full-ontology-resolution-v2,Reviewed provider-specific unresolved term,full-ontology-resolution/pilot-provider-workbook.csv
cookidoo,ingredient-topology-v1,com.vorwerk.ingredients.Ingredient-rpf,com.vorwerk.ingredients.Ingredient-rpf-446,"almond, slivered",eff538788f9ad90c179ceb0ea1168f3251b972b3877a8872ecb7f88ce8471f83,consistent,0,1,905c6f5ccadd14c11b7ddeebceb76b672e8c76b23053cc9082931162d79e8091,D8,D8,,{},operator-corrective-review-v2,full-ontology-resolution-v2,Reviewed provider-specific unresolved term,full-ontology-resolution/pilot-provider-workbook.csv
cookidoo,ingredient-topology-v1,com.vorwerk.ingredients.Ingredient-rpf,com.vorwerk.ingredients.Ingredient-rpf-4466,"pasta, dried, type lasagne sheet",15a5928c1d0fde06b4361272ec74da26b5732dc381fbb930dd30082a7463e771,consistent,0,3,fa236cbc4dc43d3b1e76be601c5e8b63d2a86c3500b06c2a1c6ecf567d3e81dd,D8,D8,,{},operator-corrective-review-v2,full-ontology-resolution-v2,Reviewed provider-specific unresolved term,full-ontology-resolution/pilot-provider-workbook.csv
cookidoo,ingredient-topology-v1,com.vorwerk.ingredients.Ingredient-rpf,com.vorwerk.ingredients.Ingredient-rpf-4483,lime zest,5f9c9ab19152301cb5c1691d7bc6acc7e6e710c4993021cffedbeff4264dff31,consistent,0,1,efc82835a792bf0640e9bec61034dfaf9cd41f6fc0431c4c654a4f17fca36cad,D8,D8,,{},operator-corrective-review-v2,full-ontology-resolution-v2,Reviewed provider-specific unresolved term,full-ontology-resolution/pilot-provider-workbook.csv
cookidoo,ingredient-topology-v1,com.vorwerk.ingredients.Ingredient-rpf,com.vorwerk.ingredients.Ingredient-rpf-4489,"cheese, hard",f6ecaa833c97f18da46da5ec5a83b101f4ed11004b8af9892ad5cb979e08ccf9,consistent,0,2,e8c661d72848bc0fc89bb000b2176ee93e9963d58abf3bbfc530fb9a4131ce86,D8,D8,,{},operator-corrective-review-v2,full-ontology-resolution-v2,Reviewed provider-specific unresolved term,full-ontology-resolution/pilot-provider-workbook.csv
cookidoo,ingredient-topology-v1,com.vorwerk.ingredients.Ingredient-rpf,com.vorwerk.ingredients.Ingredient-rpf-450,"almond, ground",58d3021fe8259578cf011061e50ab40aa67397549c52f6540e8b866076abb788,consistent,0,2,d5f1c3fd52f233a0a3450fb268d27aa487ceb2100a55c97ece50c72ff2cc2ab2,D8,D8,,{},operator-corrective-review-v2,full-ontology-resolution-v2,Reviewed provider-specific unresolved term,full-ontology-resolution/pilot-provider-workbook.csv
cookidoo,ingredient-topology-v1,com.vorwerk.ingredients.Ingredient-rpf,com.vorwerk.ingredients.Ingredient-rpf-451,"almond, flaked",c01d2b43d99e321ef8bb499f14c1d70a126c4ded839298beb639a5323ee857d7,consistent,0,2,7d3edfee879aa0effa800027221bb5d7302288d9f47b04680975e05223111796,D8,D8,,{},operator-corrective-review-v2,full-ontology-resolution-v2,Reviewed provider-specific unresolved term,full-ontology-resolution/pilot-provider-workbook.csv
cookidoo,ingredient-topology-v1,com.vorwerk.ingredients.Ingredient-rpf,com.vorwerk.ingredients.Ingredient-rpf-4536,chilli paste,3ba7b46ac69bb9f47c88b526d09d8047d1a9ad7d65df20c02fc0a2f1c7d9c6eb,consistent,0,1,4bff4605b165540fe7f294a7f785aca69360a7a76e032e1504a211df33154606,D8,D8,,{},operator-corrective-review-v2,full-ontology-resolution-v2,Reviewed provider-specific unresolved term,full-ontology-resolution/pilot-provider-workbook.csv
cookidoo,ingredient-topology-v1,com.vorwerk.ingredients.Ingredient-rpf,com.vorwerk.ingredients.Ingredient-rpf-455,"mustard seed, white",021923c72492882c37d03fd814bd166b9c79314f8624c647d4a81fadf2eef27a,consistent,0,3,07d2226c658d221718f691f572466cbba8fa8760aa26ed51ff934ace83f1a184,D8,D8,,{},operator-corrective-review-v2,full-ontology-resolution-v2,Reviewed provider-specific unresolved term,full-ontology-resolution/pilot-provider-workbook.csv
cookidoo,ingredient-topology-v1,com.vorwerk.ingredients.Ingredient-rpf,com.vorwerk.ingredients.Ingredient-rpf-458,Dijon mustard,9c48958eb2d8a6b2b6f50bbccbc5e1b1daa290126f6c29414c7e0692d268dec3,consistent,0,7,77e68e9ec07fb8a8b9dd8684b87f74a6c887beebc2c909eceb9c95e6aea9224f,D8,D8,,{},operator-corrective-review-v2,full-ontology-resolution-v2,Reviewed provider-specific unresolved term,full-ontology-resolution/pilot-provider-workbook.csv
cookidoo,ingredient-topology-v1,com.vorwerk.ingredients.Ingredient-rpf,com.vorwerk.ingredients.Ingredient-rpf-459,apricot,918f112d100d00dec359dcf58c5be7052076c0f47bc5752bae153c0e92eafda0,consistent,0,1,a936e500d19d84b59954e8e3bc98bad940baab1f26b1d70d3e36b18ed94823df,D8,D8,,{},operator-corrective-review-v2,full-ontology-resolution-v2,Reviewed provider-specific unresolved term,full-ontology-resolution/pilot-provider-workbook.csv
cookidoo,ingredient-topology-v1,com.vorwerk.ingredients.Ingredient-rpf,com.vorwerk.ingredients.Ingredient-rpf-46,lemon juice,a0d92592fbf2d89fdca2631774ae813178a8a28f886f4be9e19414dcdcaf2d17,consistent,0,21,a55496a39f297c3f02c7b25ac06fa33f8ad5648f97a17c96e48a3b02a44526e3,D1,D1,lemon-juice,[],operator-corrective-review-v2,full-ontology-resolution-v2,Reviewed exact title-to-existing-identity assertion; provider reference remains owner context only,full-ontology-resolution/pilot-provider-workbook.csv
cookidoo,ingredient-topology-v1,com.vorwerk.ingredients.Ingredient-rpf,com.vorwerk.ingredients.Ingredient-rpf-460,"apricot, dried, pitted",cd05d09392b2af8f032aceef16463bf65d99c74488263f7b41b68c39c5fd4a54,consistent,0,1,92cb09c9c687f31cea868813d4b20e426d61093129ac89ed75ea7f8b17632a9e,D8,D8,,{},operator-corrective-review-v2,full-ontology-resolution-v2,Reviewed provider-specific unresolved term,full-ontology-resolution/pilot-provider-workbook.csv
cookidoo,ingredient-topology-v1,com.vorwerk.ingredients.Ingredient-rpf,com.vorwerk.ingredients.Ingredient-rpf-4636,"pork belly meat, boneless, with rind",313104e526f993fdc276bc3aec8a4d50ec6f54db4ee7880fa4b34bc5bd369b00,consistent,0,1,edec4867082e046f0e4ed9beffee3498bff2201608fc0a791d0ab6d83b0160e2,D8,D8,,{},operator-corrective-review-v2,full-ontology-resolution-v2,Reviewed provider-specific unresolved term,full-ontology-resolution/pilot-provider-workbook.csv
cookidoo,ingredient-topology-v1,com.vorwerk.ingredients.Ingredient-rpf,com.vorwerk.ingredients.Ingredient-rpf-468,chicken wing,9479454b6a129395aea783348bd849dd77851e9a3d4e0d1f1cfa477dd7b3a8b6,consistent,0,2,4b8886f8840162aeee59f40d24368c4cfbeb12ec827f5a985edabd47f3f9f8e1,D8,D8,,{},operator-corrective-review-v2,full-ontology-resolution-v2,Reviewed provider-specific unresolved term,full-ontology-resolution/pilot-provider-workbook.csv
cookidoo,ingredient-topology-v1,com.vorwerk.ingredients.Ingredient-rpf,com.vorwerk.ingredients.Ingredient-rpf-4685,"pasta, dried, type fusilli",141e84b0c61095d6296654aaf3e54145b333fbf3a106e1ed0ccc4ee6928a5822,consistent,0,8,349a4ae2bd0e627d70281c79b15b375905041292142f4d3ee1b5dec17f45ece9,D8,D8,,{},operator-corrective-review-v2,full-ontology-resolution-v2,Reviewed provider-specific unresolved term,full-ontology-resolution/pilot-provider-workbook.csv
cookidoo,ingredient-topology-v1,com.vorwerk.ingredients.Ingredient-rpf,com.vorwerk.ingredients.Ingredient-rpf-469,chicken escalope,8ad2ba5c3b736b4d48725ad3f7dc6fd275727e87188fa8e2eb11b61e45b810c0,consistent,0,1,2e4d7aa289370874996ac4c920478274850de0e2043cb4e6dab9aa1b01ddb5c3,D8,D8,,{},operator-corrective-review-v2,full-ontology-resolution-v2,Reviewed provider-specific unresolved term,full-ontology-resolution/pilot-provider-workbook.csv
cookidoo,ingredient-topology-v1,com.vorwerk.ingredients.Ingredient-rpf,com.vorwerk.ingredients.Ingredient-rpf-471,"chicken thigh, skin on, bone in",979830e7d07c1a610b06c9847bfd54b55418a130d8c5ce5e18da30590cd193ed,consistent,0,2,5b924ad209f6300e374d65acda110e5d9316bd82ae7f22b9e5fd05e7f81b8773,D8,D8,,{},operator-corrective-review-v2,full-ontology-resolution-v2,Reviewed provider-specific unresolved term,full-ontology-resolution/pilot-provider-workbook.csv
cookidoo,ingredient-topology-v1,com.vorwerk.ingredients.Ingredient-rpf,com.vorwerk.ingredients.Ingredient-rpf-473,"chicken drumstick, skin on",182afcddd1e44b6792a52c978c015b77e6521b81e8c23216f863f7b40c842049,consistent,0,1,533da30434a38145ac208c8a389d6f27b3fe2addfe118dd19a0c7397a7b22cfe,D8,D8,,{},operator-corrective-review-v2,full-ontology-resolution-v2,Reviewed provider-specific unresolved term,full-ontology-resolution/pilot-provider-workbook.csv
cookidoo,ingredient-topology-v1,com.vorwerk.ingredients.Ingredient-rpf,com.vorwerk.ingredients.Ingredient-rpf-4744,"sesame seed, toasted",a71f76f82c07e12fbc518421f908e01cfc9e35ab70e9d1533e99f823706e58ba,consistent,0,1,be2f80ed854bd4f3ba7a22894fb6e44d42d299481085740e3bee71f3ec00f632,D8,D8,,{},operator-corrective-review-v2,full-ontology-resolution-v2,Reviewed provider-specific unresolved term,full-ontology-resolution/pilot-provider-workbook.csv
cookidoo,ingredient-topology-v1,com.vorwerk.ingredients.Ingredient-rpf,com.vorwerk.ingredients.Ingredient-rpf-477,fish broth,bf7ec579618c9f6b7f28ac8f0829828745bf06151d14287adc78c5ba5eb678d5,consistent,0,1,504d974e8fc577d6aff37696a7c5a9b1adae61c6d49d30eeb34a832a825e5eee,D8,D8,,{},operator-corrective-review-v2,full-ontology-resolution-v2,Reviewed provider-specific unresolved term,full-ontology-resolution/pilot-provider-workbook.csv
cookidoo,ingredient-topology-v1,com.vorwerk.ingredients.Ingredient-rpf,com.vorwerk.ingredients.Ingredient-rpf-4770,light brown sugar,7aca7003fa69e371a37c16d2949c7a3384e7b332eedf0b928d461c70484daecc,consistent,0,6,7e9fcfdb4dcc2faa55efc678f2013888bb8425656507708cf42f9e6361b5a4b9,D8,D8,,{},operator-corrective-review-v2,full-ontology-resolution-v2,Reviewed provider-specific unresolved term,full-ontology-resolution/pilot-provider-workbook.csv
cookidoo,ingredient-topology-v1,com.vorwerk.ingredients.Ingredient-rpf,com.vorwerk.ingredients.Ingredient-rpf-48,"nutmeg, ground",81282061819ba99e7b10ee1771628938aaf9ec9609c54274500e0443065f00c0,consistent,0,13,665ed5f8188f9ae6dc8dd0324ec14d7873f99acc61f4c435e6b43e4d1f2940a2,D8,D8,,{},operator-corrective-review-v2,full-ontology-resolution-v2,Reviewed provider-specific unresolved term,full-ontology-resolution/pilot-provider-workbook.csv
cookidoo,ingredient-topology-v1,com.vorwerk.ingredients.Ingredient-rpf,com.vorwerk.ingredients.Ingredient-rpf-480,vegetable fond,a43662d3518eac8394317b5bf0a724f3b9dad9e5250fae4ad8fa118b888ce491,consistent,0,1,5ece132e5ec2846501f15052d34fda6faf0baef628e2483291efa28b854acdea,D8,D8,,{},operator-corrective-review-v2,full-ontology-resolution-v2,Reviewed provider-specific unresolved term,full-ontology-resolution/pilot-provider-workbook.csv
cookidoo,ingredient-topology-v1,com.vorwerk.ingredients.Ingredient-rpf,com.vorwerk.ingredients.Ingredient-rpf-484,chicken stock cube (for 0.5 l),8a367c68be5d0a897e31b95358ef7c9e72b295ed0e10b3873d8ef061291e8139,consistent,0,6,7debff9e2bd8cd1ac01650bb7ef08408e1f00d322d75a2867c4bb44a189c17d6,D8,D8,,{},operator-corrective-review-v2,full-ontology-resolution-v2,Reviewed provider-specific unresolved term,full-ontology-resolution/pilot-provider-workbook.csv
cookidoo,ingredient-topology-v1,com.vorwerk.ingredients.Ingredient-rpf,com.vorwerk.ingredients.Ingredient-rpf-487,meat stock cube (for 0.5 l),06d4cadf3298ee6cfebf46e9b8bbc560d58750d6d7c11fd5eec5fbffa0982108,consistent,0,1,bdef00b9e583c5a60fa4b8921efc3f2d431b1892b8c98c8260e63c8404530458,D8,D8,,{},operator-corrective-review-v2,full-ontology-resolution-v2,Reviewed provider-specific unresolved term,full-ontology-resolution/pilot-provider-workbook.csv
cookidoo,ingredient-topology-v1,com.vorwerk.ingredients.Ingredient-rpf,com.vorwerk.ingredients.Ingredient-rpf-4876,"goji berry, dried",1a5754752fe11753b58b33b2d47cf5029b8a8d5958b5b7d75f0f9db871e64013,consistent,0,2,29a90610013a9bab215f8140c51595ca92cd41e99477b817672ee0ec77ae6ab2,D8,D8,,{},operator-corrective-review-v2,full-ontology-resolution-v2,Reviewed provider-specific unresolved term,full-ontology-resolution/pilot-provider-workbook.csv
cookidoo,ingredient-topology-v1,com.vorwerk.ingredients.Ingredient-rpf,com.vorwerk.ingredients.Ingredient-rpf-489,meat stock paste,357aa37c07ae8fc52fc9d6bfaaf11ceb81b2da0150d54cff9c2b1c97dfc604b1,consistent,0,1,e76900f01a382b80c0dd0730a81f85ec3964049602786a0a4433885bf0e59384,D8,D8,,{},operator-corrective-review-v2,full-ontology-resolution-v2,Reviewed provider-specific unresolved term,full-ontology-resolution/pilot-provider-workbook.csv
cookidoo,ingredient-topology-v1,com.vorwerk.ingredients.Ingredient-rpf,com.vorwerk.ingredients.Ingredient-rpf-49,"crème fraîche, min 30% fat",5323ba319932795c569f580b34d4d16c410afe447187a9dd87de7eacda791f4c,consistent,0,2,fa974012f7c2b29d7493b2941696b2ca8013ce28ed9c4898dc2a562805eb204e,D8,D8,,{},operator-corrective-review-v2,full-ontology-resolution-v2,Reviewed provider-specific unresolved term,full-ontology-resolution/pilot-provider-workbook.csv
cookidoo,ingredient-topology-v1,com.vorwerk.ingredients.Ingredient-rpf,com.vorwerk.ingredients.Ingredient-rpf-490,chicken stock paste,570da856e0100c159843eba8c056965f662551540b5a6026e987515b49ed4fdc,consistent,0,20,6f56becf2fb44aba50c187bc39b8ea50a9916e2521d2339c50a8d751f37cb6f6,D2,D2,stock-paste,"{""form"":""paste"",""species"":""chicken"",""variety"":""chicken""}",operator-corrective-review-v2,full-ontology-resolution-v2,Reviewed exact title-to-existing-identity assertion; provider reference remains owner context only,full-ontology-resolution/pilot-provider-workbook.csv
cookidoo,ingredient-topology-v1,com.vorwerk.ingredients.Ingredient-rpf,com.vorwerk.ingredients.Ingredient-rpf-4979,"hazelnut, toasted",fe845dbc4642b9134525c6cf1499fbeb1c91e8d067d2ec89623bbde5444e356a,consistent,0,1,5a7a02da15babf4d80b07d8f9b47cafb02df85c35c50a2f999100706acc0d407,D8,D8,,{},operator-corrective-review-v2,full-ontology-resolution-v2,Reviewed provider-specific unresolved term,full-ontology-resolution/pilot-provider-workbook.csv
cookidoo,ingredient-topology-v1,com.vorwerk.ingredients.Ingredient-rpf,com.vorwerk.ingredients.Ingredient-rpf-50,"almond, skin on",6ce3cebafd8bb702199bec970d98eaa5be166e6f49d9b85209f982dd3981c727,consistent,0,3,2f2c6f4193795cdee99d4e355b3384d4d9aa57713dbdf6978df0877091286162,D8,D8,,{},operator-corrective-review-v2,full-ontology-resolution-v2,Reviewed provider-specific unresolved term,full-ontology-resolution/pilot-provider-workbook.csv
cookidoo,ingredient-topology-v1,com.vorwerk.ingredients.Ingredient-rpf,com.vorwerk.ingredients.Ingredient-rpf-5039,blackcurrant nectar,13703f4d87d9a05d2812d2fc99eb91cef23737713d8707a1c6ab1db52464d4e1,consistent,0,1,66814863959db7347654ad9a0e52d6749afd28347fb3caee404108dad3b43316,D8,D8,,{},operator-corrective-review-v2,full-ontology-resolution-v2,Reviewed provider-specific unresolved term,full-ontology-resolution/pilot-provider-workbook.csv
cookidoo,ingredient-topology-v1,com.vorwerk.ingredients.Ingredient-rpf,com.vorwerk.ingredients.Ingredient-rpf-5056,sweet bean sauce,26aab5df54d947b6b14ea3bdf490446ad0b44a199642276e52f68b7d47430591,consistent,0,1,30da08762062fb05b033d76b3d7677acb620dc09704fe9733a1d53d9e248236d,D8,D8,,{},operator-corrective-review-v2,full-ontology-resolution-v2,Reviewed provider-specific unresolved term,full-ontology-resolution/pilot-provider-workbook.csv
cookidoo,ingredient-topology-v1,com.vorwerk.ingredients.Ingredient-rpf,com.vorwerk.ingredients.Ingredient-rpf-5057,chilli oil,8821ac85120bb9dea550e37644657d0f3c377f8b8342a432ee4f7db64e6004ab,consistent,0,1,56cbccb3dab806ec9e308d2d791ae89f3304b17e3cf590fd0f5a56676d10487a,D8,D8,,{},operator-corrective-review-v2,full-ontology-resolution-v2,Reviewed provider-specific unresolved term,full-ontology-resolution/pilot-provider-workbook.csv
cookidoo,ingredient-topology-v1,com.vorwerk.ingredients.Ingredient-rpf,com.vorwerk.ingredients.Ingredient-rpf-507,"chicken thigh, skinless, bone in",3112cdadd2bd596ef04653c04be0cb7b80e107160a34a4253b7ab4f387a5addf,consistent,0,1,387718bb6ef98a7c6a45576f497ec73598215ab78a07a41ba31eb08ce1854523,D8,D8,,{},operator-corrective-review-v2,full-ontology-resolution-v2,Reviewed provider-specific unresolved term,full-ontology-resolution/pilot-provider-workbook.csv
cookidoo,ingredient-topology-v1,com.vorwerk.ingredients.Ingredient-rpf,com.vorwerk.ingredients.Ingredient-rpf-5076,Korean chilli paste,4f9e4949adaacae9ec6c266f9a37b2e77091da325a9975b5429766d0a9b0e4e9,consistent,0,3,52e5ce39a164539be9caef27fa99355cc77e275d0e5eaeb72d78c02a87fa970c,D8,D8,,{},operator-corrective-review-v2,full-ontology-resolution-v2,Reviewed provider-specific unresolved term,full-ontology-resolution/pilot-provider-workbook.csv
cookidoo,ingredient-topology-v1,com.vorwerk.ingredients.Ingredient-rpf,com.vorwerk.ingredients.Ingredient-rpf-5105,chia seed,5572482b31237419a07de2b5af04f41dd1505d5a0a4e3fe20824151250574bc3,consistent,0,3,a1240091f956a9456494d55bbd3bd68beb80f20bf546f57e4bd5509040100542,D8,D8,,{},operator-corrective-review-v2,full-ontology-resolution-v2,Reviewed provider-specific unresolved term,full-ontology-resolution/pilot-provider-workbook.csv
cookidoo,ingredient-topology-v1,com.vorwerk.ingredients.Ingredient-rpf,com.vorwerk.ingredients.Ingredient-rpf-512,"duck breast, skin on, boneless",6ace5567783a9c83fadf3fe619f77c207a1e76b79d1d61452e39acd034d5722c,consistent,0,1,f0a6f6d6dbeba3569118103369931647cafe00be1f40403f1ffe341c04b31c14,D8,D8,,{},operator-corrective-review-v2,full-ontology-resolution-v2,Reviewed provider-specific unresolved term,full-ontology-resolution/pilot-provider-workbook.csv
cookidoo,ingredient-topology-v1,com.vorwerk.ingredients.Ingredient-rpf,com.vorwerk.ingredients.Ingredient-rpf-5132,coconut sugar,b5f9e3323acfa5a679b3be1b4eeb8bfa1938ee8ddb2f534f5c64bcac74bf1ea3,consistent,0,1,00305c0b6f1a8a3477e692d6d3258a40c08f32b98c3746ff40aaf760b5692d63,D8,D8,,{},operator-corrective-review-v2,full-ontology-resolution-v2,Reviewed provider-specific unresolved term,full-ontology-resolution/pilot-provider-workbook.csv
cookidoo,ingredient-topology-v1,com.vorwerk.ingredients.Ingredient-rpf,com.vorwerk.ingredients.Ingredient-rpf-517,"bacon, cured, smoked, sliced",2e2d0fbe1dbbb130b41dd0510291d56b4710f9cb6bc46ce21a30ed8741fc9f91,consistent,0,2,16496bc63bde010371e663373c64af06b728830378d71e7fb36723591928a752,D8,D8,,{},operator-corrective-review-v2,full-ontology-resolution-v2,Reviewed provider-specific unresolved term,full-ontology-resolution/pilot-provider-workbook.csv
cookidoo,ingredient-topology-v1,com.vorwerk.ingredients.Ingredient-rpf,com.vorwerk.ingredients.Ingredient-rpf-5200,beef rump steak,6fb4bf8cc6bb505164464de87f23671e9e0f122c37a418cb4a6cce970ae4468e,consistent,0,1,d7d9ddfed4787376f1c1d03bbfe6da5edb8b48a9e3b2ad517aeff394d14a0b48,D8,D8,,{},operator-corrective-review-v2,full-ontology-resolution-v2,Reviewed provider-specific unresolved term,full-ontology-resolution/pilot-provider-workbook.csv
cookidoo,ingredient-topology-v1,com.vorwerk.ingredients.Ingredient-rpf,com.vorwerk.ingredients.Ingredient-rpf-5205,"Japanese soy sauce (or shoyu), type tamari",4158f61857280c1a528bcffb572c59ff876aec4984533e818ce10e552868fa55,consistent,0,1,83a437be3c0a8826eaec044bb8c3d5033d504db888b2eea835c11c3a47f806e8,D8,D8,,{},operator-corrective-review-v2,full-ontology-resolution-v2,Reviewed provider-specific unresolved term,full-ontology-resolution/pilot-provider-workbook.csv
cookidoo,ingredient-topology-v1,com.vorwerk.ingredients.Ingredient-rpf,com.vorwerk.ingredients.Ingredient-rpf-5220,"green bean, fresh",1068813889c7078eb0a609a1adc8c2db6d5624832241c6b590dce7c0e8ef3333,consistent,0,3,590192ec081c95af3e3acc14f4c146ad5f879d638ade0a42f82f508178e9aed0,D8,D8,,{},operator-corrective-review-v2,full-ontology-resolution-v2,Reviewed provider-specific unresolved term,full-ontology-resolution/pilot-provider-workbook.csv
cookidoo,ingredient-topology-v1,com.vorwerk.ingredients.Ingredient-rpf,com.vorwerk.ingredients.Ingredient-rpf-522903,Asian red shallot,db74a53afe48da050d0e566ca71e187640ca83d5e9cea8176b420897288b51fb,consistent,0,3,cdccd28258a39549a2bd92137f270857dd631643881d739bde482090a78ca009,D8,D8,,{},operator-corrective-review-v2,full-ontology-resolution-v2,Reviewed provider-specific unresolved term,full-ontology-resolution/pilot-provider-workbook.csv
cookidoo,ingredient-topology-v1,com.vorwerk.ingredients.Ingredient-rpf,com.vorwerk.ingredients.Ingredient-rpf-5247,broccolini,9e50349598e21a90660df3ab19873af2974e5eae1621c138df7681cd169a70f0,consistent,0,3,724f1f5e83374195325a2c941ff592a69cb02bed1a9a0a85e8d639b90a09686d,D8,D8,,{},operator-corrective-review-v2,full-ontology-resolution-v2,Reviewed provider-specific unresolved term,full-ontology-resolution/pilot-provider-workbook.csv
cookidoo,ingredient-topology-v1,com.vorwerk.ingredients.Ingredient-rpf,com.vorwerk.ingredients.Ingredient-rpf-525,"ham, cooked",5646a79c92c9d811cb98cfeaf421bb6313470668d857ac8baded21b98ea5eef0,consistent,0,1,53bfa627fcc9804b9f3ff9e650e6ade7b202320efc1033633247d8672fa78c4e,D8,D8,,{},operator-corrective-review-v2,full-ontology-resolution-v2,Reviewed provider-specific unresolved term,full-ontology-resolution/pilot-provider-workbook.csv
cookidoo,ingredient-topology-v1,com.vorwerk.ingredients.Ingredient-rpf,com.vorwerk.ingredients.Ingredient-rpf-53,tomato purée,89eaf3451f7d69d4617ba503b678570006cf8d564952a2e4a7c7a266ec7b1751,consistent,0,16,f48682502688a3a851ef00f046dbda69080689b9a3c0279ba764eabd5adfb230,D8,D8,,{},operator-corrective-review-v2,full-ontology-resolution-v2,Reviewed provider-specific unresolved term,full-ontology-resolution/pilot-provider-workbook.csv
cookidoo,ingredient-topology-v1,com.vorwerk.ingredients.Ingredient-rpf,com.vorwerk.ingredients.Ingredient-rpf-5308,"vegetable mixture, frozen",3beb564745da4325439bbfc335c2de02688f710799a3d7e0aa33aa26191fee70,consistent,0,1,4371c7bc5b68b1d0e57f4de5b33c400d54564a87aff0be793f6ff88a4f6bc987,D8,D8,,{},operator-corrective-review-v2,full-ontology-resolution-v2,Reviewed provider-specific unresolved term,full-ontology-resolution/pilot-provider-workbook.csv
cookidoo,ingredient-topology-v1,com.vorwerk.ingredients.Ingredient-rpf,com.vorwerk.ingredients.Ingredient-rpf-533,"Parmesan cheese, grated",d69267506d2c6001312b038ec8a36b446f715eb8727d2d09268fc8b604c36367,consistent,0,6,da713a92ca2ea9538b479ac4363236b401992ef1b62ddcd94acc02ca7bb74fab,D8,D8,,{},operator-corrective-review-v2,full-ontology-resolution-v2,Reviewed provider-specific unresolved term,full-ontology-resolution/pilot-provider-workbook.csv
cookidoo,ingredient-topology-v1,com.vorwerk.ingredients.Ingredient-rpf,com.vorwerk.ingredients.Ingredient-rpf-534,"sea salt, coarse",dd0a2098946469cc86a8a26a0a7b6276dc76776da844cd7f8de6c79082dba8b8,consistent,0,4,3b03cf638092dae3de8f65074b4c2ad0d8b9bfbe610ad0172f483fc17248e48a,D8,D8,,{},operator-corrective-review-v2,full-ontology-resolution-v2,Reviewed provider-specific unresolved term,full-ontology-resolution/pilot-provider-workbook.csv
cookidoo,ingredient-topology-v1,com.vorwerk.ingredients.Ingredient-rpf,com.vorwerk.ingredients.Ingredient-rpf-535,green onion,1ffd58e701c0a9f857b2a0a9d458777b4b96ed42a22691d4d81482c4691102b9,consistent,0,9,d042a3016db7d7e27b357d9279c4da53c4fc698ffabd4e7e9e8367a52e177e5a,D1,D1,spring-onion,[],operator-corrective-review-v2,full-ontology-resolution-v2,Reviewed exact title-to-existing-identity assertion; provider reference remains owner context only,full-ontology-resolution/pilot-provider-workbook.csv
cookidoo,ingredient-topology-v1,com.vorwerk.ingredients.Ingredient-rpf,com.vorwerk.ingredients.Ingredient-rpf-536,Spanish onion,aed237b05dadec1df1c180356039429b4b1dc36a7899ada6cf9044cb1828a779,consistent,0,1,c7908eea934679f4bbd9a14beb01f8b6ade8211e50371d354c575c4b32b714e3,D8,D8,,{},operator-corrective-review-v2,full-ontology-resolution-v2,Reviewed provider-specific unresolved term,full-ontology-resolution/pilot-provider-workbook.csv
cookidoo,ingredient-topology-v1,com.vorwerk.ingredients.Ingredient-rpf,com.vorwerk.ingredients.Ingredient-rpf-539,pecan nut,702cbd1aabd6930256971cb2953eb71519a8a631ce248dc479db04aae2af2809,consistent,0,2,38175e2606dcd01dd83b1ab206ea11b353d559067a1f939fc5370b09e449f540,D8,D8,,{},operator-corrective-review-v2,full-ontology-resolution-v2,Reviewed provider-specific unresolved term,full-ontology-resolution/pilot-provider-workbook.csv
cookidoo,ingredient-topology-v1,com.vorwerk.ingredients.Ingredient-rpf,com.vorwerk.ingredients.Ingredient-rpf-5392,sumac,7ca208799b0f34d9efc70e26ede0f6fe9f42c26755adbda91b6ebfc183c1cc1e,consistent,0,1,23c459ebdb08f5064b4049fb2d262b4ef686a9d34caa2f17a47aafdd948ab8d4,D8,D8,,{},operator-corrective-review-v2,full-ontology-resolution-v2,Reviewed provider-specific unresolved term,full-ontology-resolution/pilot-provider-workbook.csv
cookidoo,ingredient-topology-v1,com.vorwerk.ingredients.Ingredient-rpf,com.vorwerk.ingredients.Ingredient-rpf-54,water,0f4168490e38b8447e11ba4bd656aa11b925bd22af30bac464bc153fdb608501,consistent,0,127,3ba0f77176f33661c19f5f06d37c52a98cc9413160c9912de40328b1fc794afe,D1,D1,water,[],operator-corrective-review-v2,full-ontology-resolution-v2,Reviewed exact title-to-existing-identity assertion; provider reference remains owner context only,full-ontology-resolution/pilot-provider-workbook.csv
cookidoo,ingredient-topology-v1,com.vorwerk.ingredients.Ingredient-rpf,com.vorwerk.ingredients.Ingredient-rpf-5405,psyllium husk,09d19dd576fe92c295680b266fa9e27ae3faea0749a90d6f15adae87ef2c9d4f,consistent,0,1,bec55f1eafec26af5bd55a8a0b90924ac12dfcb30859aa399e6dac1ce30072bf,D8,D8,,{},operator-corrective-review-v2,full-ontology-resolution-v2,Reviewed provider-specific unresolved term,full-ontology-resolution/pilot-provider-workbook.csv
cookidoo,ingredient-topology-v1,com.vorwerk.ingredients.Ingredient-rpf,com.vorwerk.ingredients.Ingredient-rpf-541,filo pastry,d3fd3e9b16b9bc1ff9b11d2d5f48ef305dc7775139c2378419346da84b4d8417,consistent,0,1,54549ae44761a1d7f8659a8805965376b68b77ee5351b50fee5da961aeab6806,D8,D8,,{},operator-corrective-review-v2,full-ontology-resolution-v2,Reviewed provider-specific unresolved term,full-ontology-resolution/pilot-provider-workbook.csv
cookidoo,ingredient-topology-v1,com.vorwerk.ingredients.Ingredient-rpf,com.vorwerk.ingredients.Ingredient-rpf-542,white onion,905719a4fb07bc7cff5595bf05a180a1ba05efa39ffea2f0ed5afee6e4dc1661,consistent,0,2,3f4f112dcea0597b74d16c85f45323ee53b4c4ffc92bfd089f70f9d67c2b1909,D2,D2,onion,"{""variety"":""white""}",operator-corrective-review-v2,full-ontology-resolution-v2,Reviewed exact title-to-existing-identity assertion; provider reference remains owner context only,full-ontology-resolution/pilot-provider-workbook.csv
cookidoo,ingredient-topology-v1,com.vorwerk.ingredients.Ingredient-rpf,com.vorwerk.ingredients.Ingredient-rpf-545,"coriander, ground",c4e886f0bdfd5ce97e6bcd866db5200e6bdc8df0af1d6c8eaa02f75274988577,consistent,0,6,81171e6d230ba3c7ef7dd76e39c1a5c0257b28c2c86bc245d10266189559ab37,D8,D8,,{},operator-corrective-review-v2,full-ontology-resolution-v2,Reviewed provider-specific unresolved term,full-ontology-resolution/pilot-provider-workbook.csv
cookidoo,ingredient-topology-v1,com.vorwerk.ingredients.Ingredient-rpf,com.vorwerk.ingredients.Ingredient-rpf-5460,rice vermicelli noodles,600405ff5ef4ea8dc631ebffc997cfd0b321a070370158c1e10ab2ff51835b58,consistent,0,1,f73f6c1f48c0b6913e5c08dd3974aa97a323310f3f98e6ca063f1ab860582c66,D8,D8,,{},operator-corrective-review-v2,full-ontology-resolution-v2,Reviewed provider-specific unresolved term,full-ontology-resolution/pilot-provider-workbook.csv
cookidoo,ingredient-topology-v1,com.vorwerk.ingredients.Ingredient-rpf,com.vorwerk.ingredients.Ingredient-rpf-548,fresh jalapeño chilli,e501eba7610999d8e3fa6e5c6a4cfb3be60c2adfff2319e374b1874800ba0fbe,variant,0,2,1a7484138865ebd881ea828fd8c8e4f9c7836b170c704e801df72c80ff921f85,D8,D8,,{},operator-corrective-review-v2,full-ontology-resolution-v2,Reviewed provider-specific unresolved term,full-ontology-resolution/pilot-provider-workbook.csv
cookidoo,ingredient-topology-v1,com.vorwerk.ingredients.Ingredient-rpf,com.vorwerk.ingredients.Ingredient-rpf-5489,"apple, red",08dbba43405c3a97d2c3a89994c070d831c5d03429828ac99a55222f82995334,consistent,0,1,34fae311fffa8e0071bb757af44c740cf18492fc626913f6bf7a05a64ac2a83e,D8,D8,,{},operator-corrective-review-v2,full-ontology-resolution-v2,Reviewed provider-specific unresolved term,full-ontology-resolution/pilot-provider-workbook.csv
cookidoo,ingredient-topology-v1,com.vorwerk.ingredients.Ingredient-rpf,com.vorwerk.ingredients.Ingredient-rpf-5494,white vinegar,3da3d290f69b5bb130145aa1066d82c3205f6095bcb55162c5bde30e008fdca7,consistent,0,2,16be2d781cf370a7ab754d430f90a0764f374182b0ee7095b6dd3e4c4aabd602,D8,D8,,{},operator-corrective-review-v2,full-ontology-resolution-v2,Reviewed provider-specific unresolved term,full-ontology-resolution/pilot-provider-workbook.csv
cookidoo,ingredient-topology-v1,com.vorwerk.ingredients.Ingredient-rpf,com.vorwerk.ingredients.Ingredient-rpf-55,egg (from chicken),2e20d14df9a092a972de92cc1c474941c8baf9b85f8f449a47c69bed8b3e4ed7,consistent,0,29,b601339e95051a08aced53cb1def3124d90a3383e16c66938001d068934104c9,D8,D8,,{},operator-corrective-review-v2,full-ontology-resolution-v2,Reviewed provider-specific unresolved term,full-ontology-resolution/pilot-provider-workbook.csv
cookidoo,ingredient-topology-v1,com.vorwerk.ingredients.Ingredient-rpf,com.vorwerk.ingredients.Ingredient-rpf-551,chilli powder,4569bd6f9c6851cb911013fca43946ad20d5942b68932c35eb7a5f2bf633c000,consistent,0,6,5453943a45b0684544db3551715bb2a7c51a29db53386de39930a7e4b91e473a,D8,D8,,{},operator-corrective-review-v2,full-ontology-resolution-v2,Reviewed provider-specific unresolved term,full-ontology-resolution/pilot-provider-workbook.csv
cookidoo,ingredient-topology-v1,com.vorwerk.ingredients.Ingredient-rpf,com.vorwerk.ingredients.Ingredient-rpf-552,"cayenne chilli, dried, flakes",dab36e38ae986b87a5b17de7a404eb5cfb9d2cfc7e49ad047daa59d0834d9ace,consistent,0,6,68a55b0ef078ebc6624809fb26064b1ef42e84770377dafbc5db30c086415bab,D8,D8,,{},operator-corrective-review-v2,full-ontology-resolution-v2,Reviewed provider-specific unresolved term,full-ontology-resolution/pilot-provider-workbook.csv
cookidoo,ingredient-topology-v1,com.vorwerk.ingredients.Ingredient-rpf,com.vorwerk.ingredients.Ingredient-rpf-5524,"berries, mixed, fresh",f87f996da8ed368023ddba8c718afae4997b57e04ead21d6d30addeb2319b711,consistent,0,1,fad5850abe9280d9af29b3000d25b945d1afbb5ee9e42e5687b109448dac0c33,D8,D8,,{},operator-corrective-review-v2,full-ontology-resolution-v2,Reviewed provider-specific unresolved term,full-ontology-resolution/pilot-provider-workbook.csv
cookidoo,ingredient-topology-v1,com.vorwerk.ingredients.Ingredient-rpf,com.vorwerk.ingredients.Ingredient-rpf-5525,"berries, mixed, frozen",eef3d09ecbb370cb77bacb2b31c850eb27c62862e37790244b26ad5373897ca2,consistent,0,1,ad50d972f442023cd1066a31af6de64d6605baa2cd742f403efd50c9a6cc3203,D8,D8,,{},operator-corrective-review-v2,full-ontology-resolution-v2,Reviewed provider-specific unresolved term,full-ontology-resolution/pilot-provider-workbook.csv
cookidoo,ingredient-topology-v1,com.vorwerk.ingredients.Ingredient-rpf,com.vorwerk.ingredients.Ingredient-rpf-5555,kombu,b1337d4152bba3228a899e198f0f4c74851484400fdc8b174b5f8f74c3a13681,consistent,0,1,78c793f46bcfdde6d76ea41d0b15c556451734bae2cd8f2ac8aee83177e6b0ad,D8,D8,,{},operator-corrective-review-v2,full-ontology-resolution-v2,Reviewed provider-specific unresolved term,full-ontology-resolution/pilot-provider-workbook.csv
cookidoo,ingredient-topology-v1,com.vorwerk.ingredients.Ingredient-rpf,com.vorwerk.ingredients.Ingredient-rpf-5562,"soba noodle, dried",817b4578ef7dce7b3ae9b16386c5e6109a9eb320958596d517783736d5079001,consistent,0,1,c207254dd6082859f78081fca0bae39a328190bafdc61465e88abc9ccd699d44,D8,D8,,{},operator-corrective-review-v2,full-ontology-resolution-v2,Reviewed provider-specific unresolved term,full-ontology-resolution/pilot-provider-workbook.csv
cookidoo,ingredient-topology-v1,com.vorwerk.ingredients.Ingredient-rpf,com.vorwerk.ingredients.Ingredient-rpf-5564,"red chilli, long",ec7067b9456a4fec15566a1a5f4cc11dd860f2a715502d406a6261a836173fb0,consistent,0,6,976c07b0d4b642a69e003ed532e650fa635e336a3f909828ed0077cb3a268d05,D8,D8,,{},operator-corrective-review-v2,full-ontology-resolution-v2,Reviewed provider-specific unresolved term,full-ontology-resolution/pilot-provider-workbook.csv
cookidoo,ingredient-topology-v1,com.vorwerk.ingredients.Ingredient-rpf,com.vorwerk.ingredients.Ingredient-rpf-5589,"rice noodle, dried",68a06a85605adc6f374bc6b8500eba493d19ceb4a8b7daae02fbc84ccdb78bd0,consistent,0,1,2802b17339ccf38d776bb7d8c89955cad38ccfe0d566233e469d226832ae945f,D8,D8,,{},operator-corrective-review-v2,full-ontology-resolution-v2,Reviewed provider-specific unresolved term,full-ontology-resolution/pilot-provider-workbook.csv
cookidoo,ingredient-topology-v1,com.vorwerk.ingredients.Ingredient-rpf,com.vorwerk.ingredients.Ingredient-rpf-5592,"semolina, fine",0ca550d5d997270855ff408686f9400a89232021e54bd547c53840959accaf02,consistent,0,1,4e34caeb1d64f5714477937a125a656ba30053013847bbf352463fa4d51fd730,D8,D8,,{},operator-corrective-review-v2,full-ontology-resolution-v2,Reviewed provider-specific unresolved term,full-ontology-resolution/pilot-provider-workbook.csv
cookidoo,ingredient-topology-v1,com.vorwerk.ingredients.Ingredient-rpf,com.vorwerk.ingredients.Ingredient-rpf-56,sunflower oil,41c2dd3e9121e2b944cadfe3a3acb1a0debd7ecc6619b14f481d3c16b0586022,consistent,0,1,533573ebda5ed5a9889a9a849dfaa53da8bfe9c3e9a204145d847a9c29f5048f,D2,D2,oil,"{""variety"":""sunflower""}",operator-corrective-review-v2,full-ontology-resolution-v2,Reviewed exact title-to-existing-identity assertion; provider reference remains owner context only,full-ontology-resolution/pilot-provider-workbook.csv
cookidoo,ingredient-topology-v1,com.vorwerk.ingredients.Ingredient-rpf,com.vorwerk.ingredients.Ingredient-rpf-5609,rosé wine,cb3427133cfda4c160c322f3d4c4659118ecd1262af666c8ecaca12eeaeea63b,consistent,0,1,0acebf48bb39e7782931779da2d2adcb0cd73b307b3e4a3dfd0fc127a8e649cf,D8,D8,,{},operator-corrective-review-v2,full-ontology-resolution-v2,Reviewed provider-specific unresolved term,full-ontology-resolution/pilot-provider-workbook.csv
cookidoo,ingredient-topology-v1,com.vorwerk.ingredients.Ingredient-rpf,com.vorwerk.ingredients.Ingredient-rpf-5622,"beef mince, lean",764a2cdc160ab4496ea8a08045165315430c35eb52d459a4e8f88e55d56c899a,consistent,0,1,38470767cf06c8771d44143a99358c3c22184f7eb803f6d2b6c5ffd2386bf2e7,D8,D8,,{},operator-corrective-review-v2,full-ontology-resolution-v2,Reviewed provider-specific unresolved term,full-ontology-resolution/pilot-provider-workbook.csv
cookidoo,ingredient-topology-v1,com.vorwerk.ingredients.Ingredient-rpf,com.vorwerk.ingredients.Ingredient-rpf-563259,Christmas spice mix,f82f17a0ce2c201edea8476e4183de82ad096873fe50ae4b3f869f71d6e7db49,consistent,0,1,298e00fb12fa9ac5e306491d044408dddf4a0f400af6d779acd9f59655d6270d,D8,D8,,{},operator-corrective-review-v2,full-ontology-resolution-v2,Reviewed provider-specific unresolved term,full-ontology-resolution/pilot-provider-workbook.csv
cookidoo,ingredient-topology-v1,com.vorwerk.ingredients.Ingredient-rpf,com.vorwerk.ingredients.Ingredient-rpf-5636,baharat spice mix,3bd38b663aea5ee61189184adae84451f42437415e7f85315ef1b826ca1bfd4c,consistent,0,1,3742aec9d919ed908c6afaa69ac62681d77b00a5430c00c9f20de61c95d2bc2d,D8,D8,,{},operator-corrective-review-v2,full-ontology-resolution-v2,Reviewed provider-specific unresolved term,full-ontology-resolution/pilot-provider-workbook.csv
cookidoo,ingredient-topology-v1,com.vorwerk.ingredients.Ingredient-rpf,com.vorwerk.ingredients.Ingredient-rpf-565,"button mushroom, fresh",3a0c6069f9ca9de8fd621c66f865513508d25e31eb6754810a2f79e30d08048a,consistent,0,3,cc4ca4528792b210014a7d04837b807b25880f947ce015c42fe0524996959b93,D8,D8,,{},operator-corrective-review-v2,full-ontology-resolution-v2,Reviewed provider-specific unresolved term,full-ontology-resolution/pilot-provider-workbook.csv
cookidoo,ingredient-topology-v1,com.vorwerk.ingredients.Ingredient-rpf,com.vorwerk.ingredients.Ingredient-rpf-5674,"peanut, unsalted, raw",0636d7b276dc45e413568ee8c6928e7fbb3dfcdb539676e7bbfb2a410454ab65,consistent,0,1,ce912d528c1b795ef19991ce481bdfb8411209f99a4bf6bd5671027898cb8bb6,D8,D8,,{},operator-corrective-review-v2,full-ontology-resolution-v2,Reviewed provider-specific unresolved term,full-ontology-resolution/pilot-provider-workbook.csv
cookidoo,ingredient-topology-v1,com.vorwerk.ingredients.Ingredient-rpf,com.vorwerk.ingredients.Ingredient-rpf-5696,gluten-free baking powder,33b83fd388f55a3b8c480b6aa5559d7fbae8054857a549dfe0501b1daa1e06e5,consistent,0,1,e11dd43daaddfd01469f8e4d94fd1f0975fcb19b46fe0ca44603542fe0b62734,D8,D8,,{},operator-corrective-review-v2,full-ontology-resolution-v2,Reviewed provider-specific unresolved term,full-ontology-resolution/pilot-provider-workbook.csv
cookidoo,ingredient-topology-v1,com.vorwerk.ingredients.Ingredient-rpf,com.vorwerk.ingredients.Ingredient-rpf-57,"pepper sauce, type Tabasco",1dbff54e830fb74f3f844f3ef2f3e1995a2eb942e4c5600eeaac38598bbc413d,consistent,0,3,57a69da7ea2ab9a9cca50208b95f57ef61f71ca82a50a8502c962a967b6db966,D8,D8,,{},operator-corrective-review-v2,full-ontology-resolution-v2,Reviewed provider-specific unresolved term,full-ontology-resolution/pilot-provider-workbook.csv
cookidoo,ingredient-topology-v1,com.vorwerk.ingredients.Ingredient-rpf,com.vorwerk.ingredients.Ingredient-rpf-5710,ginger wine,8c55187bbb9397315d36bb6cf1fc774910e01e8073c93fab75e17c3b7a1f003e,consistent,0,1,e585faf86195eca3ac207be026bf1425e2565716e03c2bcb66b7211148550068,D8,D8,,{},operator-corrective-review-v2,full-ontology-resolution-v2,Reviewed provider-specific unresolved term,full-ontology-resolution/pilot-provider-workbook.csv
cookidoo,ingredient-topology-v1,com.vorwerk.ingredients.Ingredient-rpf,com.vorwerk.ingredients.Ingredient-rpf-5724,"chia seed, white",f216d7c41f8f8bd716cae3813f5fcc92e2887fb345a675c649354e9555f603cc,consistent,0,1,eb7649a9ffcac334388710ca35b1c0662735485892f676d62f013e1c5584474a,D8,D8,,{},operator-corrective-review-v2,full-ontology-resolution-v2,Reviewed provider-specific unresolved term,full-ontology-resolution/pilot-provider-workbook.csv
cookidoo,ingredient-topology-v1,com.vorwerk.ingredients.Ingredient-rpf,com.vorwerk.ingredients.Ingredient-rpf-5744,ground mustard powder,8e96b46adf405cb65625a74be3b662932733bdc5fca61ea22ac8b6c188252b83,consistent,0,2,eee8314bf846b9dc7d6215f1928bf71c74e8f443a4eae45dfcabbab239a3bd7d,D8,D8,,{},operator-corrective-review-v2,full-ontology-resolution-v2,Reviewed provider-specific unresolved term,full-ontology-resolution/pilot-provider-workbook.csv
cookidoo,ingredient-topology-v1,com.vorwerk.ingredients.Ingredient-rpf,com.vorwerk.ingredients.Ingredient-rpf-5751,sourdough bread,bb158e4fa747aa8c2e388e802b31ac0a19034c85a15566d20604e3de50b3e750,consistent,0,1,fba77f90fe27a4f481504dcdb75cf19b4d70956c1cde5886e8da5a089803faa5,D8,D8,,{},operator-corrective-review-v2,full-ontology-resolution-v2,Reviewed provider-specific unresolved term,full-ontology-resolution/pilot-provider-workbook.csv
cookidoo,ingredient-topology-v1,com.vorwerk.ingredients.Ingredient-rpf,com.vorwerk.ingredients.Ingredient-rpf-5769,thickened cream,c1d6e43fe9e5895ca9fd6c191a7456f14457693a391807c06d39bca29e7eea90,consistent,0,1,12f5ca7e1d742d1f5be6609e403457f896fc2afa6862b2a0b8d1a7d5a125c4e0,D8,D8,,{},operator-corrective-review-v2,full-ontology-resolution-v2,Reviewed provider-specific unresolved term,full-ontology-resolution/pilot-provider-workbook.csv
cookidoo,ingredient-topology-v1,com.vorwerk.ingredients.Ingredient-rpf,com.vorwerk.ingredients.Ingredient-rpf-5774,"maple syrup, pure",b5fea949757ab39b8503384c5c45b0872f5b3bddf803a50b9469d55985c24a78,consistent,0,1,99432eb0c18abfcc6564d2d24781cc1d4733e5a45dcb86771c7b183f1bd41319,D8,D8,,{},operator-corrective-review-v2,full-ontology-resolution-v2,Reviewed provider-specific unresolved term,full-ontology-resolution/pilot-provider-workbook.csv
cookidoo,ingredient-topology-v1,com.vorwerk.ingredients.Ingredient-rpf,com.vorwerk.ingredients.Ingredient-rpf-5780,tomato passata,8d6b058739101940c9d72b956075c18e232526532c6453f230f1fc6862d89984,consistent,0,2,5ee6e4bcbc42f477ddb767e75a303f4ef078d587555ac0ccc87b2a9c6465368d,D1,D1,passata,[],operator-corrective-review-v2,full-ontology-resolution-v2,Reviewed exact title-to-existing-identity assertion; provider reference remains owner context only,full-ontology-resolution/pilot-provider-workbook.csv
cookidoo,ingredient-topology-v1,com.vorwerk.ingredients.Ingredient-rpf,com.vorwerk.ingredients.Ingredient-rpf-5788,brown rice vinegar,037792d54d8942de1eb46792b5a6e40b289223b2b0f67042df54688135a862b0,consistent,0,2,4b1a70ef4f38c3a106577fa3d3580ebb97d3e93d1231b924543a587142aaf3c7,D8,D8,,{},operator-corrective-review-v2,full-ontology-resolution-v2,Reviewed provider-specific unresolved term,full-ontology-resolution/pilot-provider-workbook.csv
cookidoo,ingredient-topology-v1,com.vorwerk.ingredients.Ingredient-rpf,com.vorwerk.ingredients.Ingredient-rpf-5790,"muscovado sugar, dark",9422866024510012aff4e2e7172244b67a1e1f1e1cfe4414c47d085ce24f9ab1,consistent,0,1,32ab435a564917b5ab98a653abd6f179f518c1bbaa0642ec04ff0d580801a4ad,D8,D8,,{},operator-corrective-review-v2,full-ontology-resolution-v2,Reviewed provider-specific unresolved term,full-ontology-resolution/pilot-provider-workbook.csv
cookidoo,ingredient-topology-v1,com.vorwerk.ingredients.Ingredient-rpf,com.vorwerk.ingredients.Ingredient-rpf-58,vinegar,1bc690684dc2af6fde7849d9715f499f0c074c19dff137aa047a68c42f488b26,consistent,0,5,516efd5d31f0aa7d4939c1a1928724312803d595c7278796da0c51d1cc504e4d,D8,D8,,{},operator-corrective-review-v2,full-ontology-resolution-v2,Reviewed provider-specific unresolved term,full-ontology-resolution/pilot-provider-workbook.csv
cookidoo,ingredient-topology-v1,com.vorwerk.ingredients.Ingredient-rpf,com.vorwerk.ingredients.Ingredient-rpf-5819,"back bacon, sliced",fef72b744d3474ce9e07879005766a8f77666a87d5a6c38ff2253df0e6bbcad1,consistent,0,1,4102fcd84a43951082d7f6f77a48aeccec15ae08024703d4b8511463b778a2e6,D8,D8,,{},operator-corrective-review-v2,full-ontology-resolution-v2,Reviewed provider-specific unresolved term,full-ontology-resolution/pilot-provider-workbook.csv
cookidoo,ingredient-topology-v1,com.vorwerk.ingredients.Ingredient-rpf,com.vorwerk.ingredients.Ingredient-rpf-5825,"liquid chicken stock, homemade",3272c1ac3292835c3579f8bd948dc330403f8a5f20d0b1bced0bf161eb379d30,consistent,0,1,ef84c4a1e618cb5d05a390094ce9b6480714d32a39787d38e9043e6caded4fe6,D8,D8,,{},operator-corrective-review-v2,full-ontology-resolution-v2,Reviewed provider-specific unresolved term,full-ontology-resolution/pilot-provider-workbook.csv
cookidoo,ingredient-topology-v1,com.vorwerk.ingredients.Ingredient-rpf,com.vorwerk.ingredients.Ingredient-rpf-5846,"prawn, cooked, peeled",16bbda982c45b5828faefded6dba1ccfb78a7cd69327900bf3fbb71c47ca81c6,consistent,0,1,c05d246c7fdb0a6f8b93c1d700c8cb57691d05f7fb99f8ac0ce86595bdc1f5bb,D8,D8,,{},operator-corrective-review-v2,full-ontology-resolution-v2,Reviewed provider-specific unresolved term,full-ontology-resolution/pilot-provider-workbook.csv
cookidoo,ingredient-topology-v1,com.vorwerk.ingredients.Ingredient-rpf,com.vorwerk.ingredients.Ingredient-rpf-5854,"peanut, unsalted (raw or toasted)",69e5236534fb218f95a4dcab94cab78bd149d7ce7944e69da942878480067591,consistent,0,1,f1db210b7afe2d8789a408a1bc02dcaa16a052aab518148be309136926cc9060,D8,D8,,{},operator-corrective-review-v2,full-ontology-resolution-v2,Reviewed provider-specific unresolved term,full-ontology-resolution/pilot-provider-workbook.csv
cookidoo,ingredient-topology-v1,com.vorwerk.ingredients.Ingredient-rpf,com.vorwerk.ingredients.Ingredient-rpf-5856,"chickpea, dried",6ea7da9e96f8a9d1daa40981f4568eeb1bea87da3ed993e6f9d63f53b783d537,consistent,0,1,f9cfa74ff4614840d573af8e2c3c9bbdf6bcb1ef959ca56c14f31dd5a4f03a52,D8,D8,,{},operator-corrective-review-v2,full-ontology-resolution-v2,Reviewed provider-specific unresolved term,full-ontology-resolution/pilot-provider-workbook.csv
cookidoo,ingredient-topology-v1,com.vorwerk.ingredients.Ingredient-rpf,com.vorwerk.ingredients.Ingredient-rpf-5860,"pine nut, toasted",2120b2c3e564c8e93ea8a06dbd0e194eb46186137f9afddd9f7f1e7d2cc77a9f,consistent,0,2,ff422ac10d8b73922c9f590bc1fe76e02c1d9e1501ce9bccc542b8d631107dd2,D8,D8,,{},operator-corrective-review-v2,full-ontology-resolution-v2,Reviewed provider-specific unresolved term,full-ontology-resolution/pilot-provider-workbook.csv
cookidoo,ingredient-topology-v1,com.vorwerk.ingredients.Ingredient-rpf,com.vorwerk.ingredients.Ingredient-rpf-5864,onion powder,89fe7297f9e4d840a3dacf50ff27389598e9cde10a64ab0a0f36d2c6043e7485,consistent,0,2,e61a6311c2c4fc1fa20a24000595995d2fca59627ce73ffba0ac90dbb88ab76a,D2,D2,onion,"{""form"":""powder""}",operator-corrective-review-v2,full-ontology-resolution-v2,Reviewed exact title-to-existing-identity assertion; provider reference remains owner context only,full-ontology-resolution/pilot-provider-workbook.csv
cookidoo,ingredient-topology-v1,com.vorwerk.ingredients.Ingredient-rpf,com.vorwerk.ingredients.Ingredient-rpf-5883,grapeseed oil,0c5a8812990ada3f56e2d2ae0a9277358713a714c83b8b4249e361acd7a0a96b,consistent,0,1,1a7e6b6eef2b9aac8d88881b44ab99de9c5a4b22655796da6a2b9c2584c35f34,D2,D2,oil,"{""variety"":""grapeseed""}",operator-corrective-review-v2,full-ontology-resolution-v2,Reviewed exact title-to-existing-identity assertion; provider reference remains owner context only,full-ontology-resolution/pilot-provider-workbook.csv
cookidoo,ingredient-topology-v1,com.vorwerk.ingredients.Ingredient-rpf,com.vorwerk.ingredients.Ingredient-rpf-59,lime,efbaa8cbfffc1af3afcf8082a3732e4d5111104ae3f6ef8b2545975e50497505,consistent,0,5,f078e61ed48c8cca7dcf7096d18f4ab65f8aeff4bfb162380a9275844e421504,D8,D8,,{},operator-corrective-review-v2,full-ontology-resolution-v2,Reviewed provider-specific unresolved term,full-ontology-resolution/pilot-provider-workbook.csv
cookidoo,ingredient-topology-v1,com.vorwerk.ingredients.Ingredient-rpf,com.vorwerk.ingredients.Ingredient-rpf-5900,panko breadcrumbs,8d1cc55b1949850f76ed14d81082477ce3325db636a8f815844850456318d386,consistent,0,7,2c1ce5edb4ffb7c225942a8873bd1e53e111b095b54938ddc5e6bfec64adbb45,D8,D8,,{},operator-corrective-review-v2,full-ontology-resolution-v2,Reviewed provider-specific unresolved term,full-ontology-resolution/pilot-provider-workbook.csv
cookidoo,ingredient-topology-v1,com.vorwerk.ingredients.Ingredient-rpf,com.vorwerk.ingredients.Ingredient-rpf-5908,"artichoke heart, marinated",7c4e665a6c7294bdab011c7997736bab7d6b700628f6ff0a2bba20cc940d74c5,consistent,0,2,7bcac44c0af556b979d55e755def85caadaaf8b5c6b6dca162ea48153e2835e2,D8,D8,,{},operator-corrective-review-v2,full-ontology-resolution-v2,Reviewed provider-specific unresolved term,full-ontology-resolution/pilot-provider-workbook.csv
cookidoo,ingredient-topology-v1,com.vorwerk.ingredients.Ingredient-rpf,com.vorwerk.ingredients.Ingredient-rpf-5923,brown rice syrup,a0ae3c2a18071a006aa2bef6ef57d2b09e7f6eb5d471ad2ea8ad123b144c8245,consistent,0,1,2877db9fc2da039c0ae0ad39f022fcfa8317f00ee237ab7710d4c91ce912e625,D8,D8,,{},operator-corrective-review-v2,full-ontology-resolution-v2,Reviewed provider-specific unresolved term,full-ontology-resolution/pilot-provider-workbook.csv
cookidoo,ingredient-topology-v1,com.vorwerk.ingredients.Ingredient-rpf,com.vorwerk.ingredients.Ingredient-rpf-5966,"paprika, smoked, ground",300f95bf72f3d20725d7a7290dc468e09859d89451b15682994178355803ec0f,consistent,0,7,8ea83044e4961af67897c010af46394baebf630b4c985486f2fdb1e5ab1c40ac,D8,D8,,{},operator-corrective-review-v2,full-ontology-resolution-v2,Reviewed provider-specific unresolved term,full-ontology-resolution/pilot-provider-workbook.csv
cookidoo,ingredient-topology-v1,com.vorwerk.ingredients.Ingredient-rpf,com.vorwerk.ingredients.Ingredient-rpf-597,pumpkin,ff48e511e1638fc379cb75de1c28fe2016051b167f9aa8cac3dd86c6f4787539,consistent,0,1,32dace810ae83a989ae2ee2cbc1ebbbcf74da5c4593f0a4dc4f25b133108cc75,D8,D8,,{},operator-corrective-review-v2,full-ontology-resolution-v2,Reviewed provider-specific unresolved term,full-ontology-resolution/pilot-provider-workbook.csv
cookidoo,ingredient-topology-v1,com.vorwerk.ingredients.Ingredient-rpf,com.vorwerk.ingredients.Ingredient-rpf-60,lime juice,7a27b49d802e7afe175331b6fb35e946fbab6849f7e48bd4c184177750fe9cc3,consistent,0,6,3aa6af4a7f66b85b9d7573190a8b2c3e2f0ef9978e097d66175060a5319753fc,D1,D1,lime-juice,[],operator-corrective-review-v2,full-ontology-resolution-v2,Reviewed exact title-to-existing-identity assertion; provider reference remains owner context only,full-ontology-resolution/pilot-provider-workbook.csv
cookidoo,ingredient-topology-v1,com.vorwerk.ingredients.Ingredient-rpf,com.vorwerk.ingredients.Ingredient-rpf-6000,"minced ginger, preserved",fad95f4646e2619e4571cd6c4cf16a0b407e35cf5e78a2202e1555088ac38eb6,consistent,0,4,3a876e285709f5f09507658521cb24e1867a70e275d4cba7e465c3f42c120665,D8,D8,,{},operator-corrective-review-v2,full-ontology-resolution-v2,Reviewed provider-specific unresolved term,full-ontology-resolution/pilot-provider-workbook.csv
cookidoo,ingredient-topology-v1,com.vorwerk.ingredients.Ingredient-rpf,com.vorwerk.ingredients.Ingredient-rpf-60027,shellfish,f2efc9d909cdf9b75e97fff27a0ea4c3dd201f6c7a16ad9731a633daba91f205,consistent,0,1,9e35faad58a0a3ad60578743f734599392dc5afca81f108e23fbc6132f5bfbd6,D8,D8,,{},operator-corrective-review-v2,full-ontology-resolution-v2,Reviewed provider-specific unresolved term,full-ontology-resolution/pilot-provider-workbook.csv
cookidoo,ingredient-topology-v1,com.vorwerk.ingredients.Ingredient-rpf,com.vorwerk.ingredients.Ingredient-rpf-60028,"squid tube, fresh",0ee33ac042bfc8b8fb168322b89360408fb28baf233ab50172f7a81016f516ac,consistent,0,1,37154cdd0323f60abd13f864c3586ed585635ba9f88afe7e9615791f6fa046e9,D8,D8,,{},operator-corrective-review-v2,full-ontology-resolution-v2,Reviewed provider-specific unresolved term,full-ontology-resolution/pilot-provider-workbook.csv
cookidoo,ingredient-topology-v1,com.vorwerk.ingredients.Ingredient-rpf,com.vorwerk.ingredients.Ingredient-rpf-6013,tempeh (made from fermented soybeans),a2122912a6b1cdf485a99b0d91c4b4124d772343489b24fa284d6bbaffbd1211,consistent,0,1,427938385033d2bf92dc88d261c322332cba50213b6008d805176a203f8ca9fc,D8,D8,,{},operator-corrective-review-v2,full-ontology-resolution-v2,Reviewed provider-specific unresolved term,full-ontology-resolution/pilot-provider-workbook.csv
cookidoo,ingredient-topology-v1,com.vorwerk.ingredients.Ingredient-rpf,com.vorwerk.ingredients.Ingredient-rpf-6017,"chilli sauce, red",57f69455b957cbd158261bd84865bd843dbca1d43c3ea37c6f444f17a9a063b6,consistent,0,2,8c1f9ec92a66044ea3f0fce4fee81481971265f569e7bb32ac88a443935e4138,D8,D8,,{},operator-corrective-review-v2,full-ontology-resolution-v2,Reviewed provider-specific unresolved term,full-ontology-resolution/pilot-provider-workbook.csv
cookidoo,ingredient-topology-v1,com.vorwerk.ingredients.Ingredient-rpf,com.vorwerk.ingredients.Ingredient-rpf-6030,beef stock paste,89a59c1464fb8084a7421ddc8f24534cf197fb14af5edcd3ffd08406b2c33553,consistent,0,1,494c9d8c647bd2f3c2409fc3d34c0399301146a8cbd5210c6e12ac12af31adf8,D8,D8,,{},operator-corrective-review-v2,full-ontology-resolution-v2,Reviewed provider-specific unresolved term,full-ontology-resolution/pilot-provider-workbook.csv
cookidoo,ingredient-topology-v1,com.vorwerk.ingredients.Ingredient-rpf,com.vorwerk.ingredients.Ingredient-rpf-6036,"meat, any kind",a0b57a1d0534a6fbc1b8944416c416f9354450fa26a47c59a86ab99ee4013e7f,consistent,1,1,8e023a70fc8926ddfa704c9a678063029153a2af8e9c944f1ccb26b44ceaa3e8,D8,D8,,{},operator-corrective-review-v2,full-ontology-resolution-v2,Reviewed provider-specific unresolved term,full-ontology-resolution/pilot-provider-workbook.csv
cookidoo,ingredient-topology-v1,com.vorwerk.ingredients.Ingredient-rpf,com.vorwerk.ingredients.Ingredient-rpf-6084,"soy sauce, light",8664f0076267bf665db883c1c96c8e8f2e2ae264964585fa9e63d3b2afb872f2,consistent,0,11,5e2423364d3582a96b1cfca97bce6eb64e221439e645591c86441672ffd9e6fd,D8,D8,,{},operator-corrective-review-v2,full-ontology-resolution-v2,Reviewed provider-specific unresolved term,full-ontology-resolution/pilot-provider-workbook.csv
cookidoo,ingredient-topology-v1,com.vorwerk.ingredients.Ingredient-rpf,com.vorwerk.ingredients.Ingredient-rpf-6085,fermented tofu,614db487136cebb6fac1e1c408e3c2440022f1414fdcb20ebdfcd1161e1cba10,consistent,0,1,10ba15514825083799ea69c66498193179574f8f190f17af5062825be34d50f1,D8,D8,,{},operator-corrective-review-v2,full-ontology-resolution-v2,Reviewed provider-specific unresolved term,full-ontology-resolution/pilot-provider-workbook.csv
cookidoo,ingredient-topology-v1,com.vorwerk.ingredients.Ingredient-rpf,com.vorwerk.ingredients.Ingredient-rpf-6091,English mustard,57b6b29ead70f006eaf4e96e5d149002f572e8254b7cfa9226289f2ea3f1ad5b,consistent,0,1,7f42a5ad59776c89137a0a1d8b437fdd86a1a85b1807ede7810390564b5c45de,D8,D8,,{},operator-corrective-review-v2,full-ontology-resolution-v2,Reviewed provider-specific unresolved term,full-ontology-resolution/pilot-provider-workbook.csv
cookidoo,ingredient-topology-v1,com.vorwerk.ingredients.Ingredient-rpf,com.vorwerk.ingredients.Ingredient-rpf-6094,"Cheddar cheese, vintage",50cb95591265c8919f5502a1c17733a1b5530f5a0ac6da25f1ec1a0e31162415,consistent,0,1,fecabae8e7a67cc5841ae6898cf081f4a7ec607506e8cb5983ec4cc71a196e84,D8,D8,,{},operator-corrective-review-v2,full-ontology-resolution-v2,Reviewed provider-specific unresolved term,full-ontology-resolution/pilot-provider-workbook.csv
cookidoo,ingredient-topology-v1,com.vorwerk.ingredients.Ingredient-rpf,com.vorwerk.ingredients.Ingredient-rpf-61,avocado,f9c9baac9006160a6d84a09e77cbfeac349c861513e1786ea447e00198068e20,consistent,0,3,e6b63b2ce0d5650af00221532c89f1327a9b87670962d646b66bd02661f75bd0,D1,D1,avocado,[],operator-corrective-review-v2,full-ontology-resolution-v2,Reviewed exact title-to-existing-identity assertion; provider reference remains owner context only,full-ontology-resolution/pilot-provider-workbook.csv
cookidoo,ingredient-topology-v1,com.vorwerk.ingredients.Ingredient-rpf,com.vorwerk.ingredients.Ingredient-rpf-6157,"fenugreek seed, ground",2e0907a17b4421333a1b6a92ae7773b5f62c6084dde694a6fad5c60db6f1ff89,consistent,0,1,98b23aa84ba180cb43be28b4c2b20c54263398c440fd9494b9f28644d62b1945,D8,D8,,{},operator-corrective-review-v2,full-ontology-resolution-v2,Reviewed provider-specific unresolved term,full-ontology-resolution/pilot-provider-workbook.csv
cookidoo,ingredient-topology-v1,com.vorwerk.ingredients.Ingredient-rpf,com.vorwerk.ingredients.Ingredient-rpf-6160,"taco shell, hard",0642b1a211293e04aab62ed589b96a98e2b4455a24ec01d1c8d09538a9c94ebf,consistent,0,1,a104905d1bc588e08a99a8ca2d1d8d143423d16560b07bc24b0ce07952446056,D8,D8,,{},operator-corrective-review-v2,full-ontology-resolution-v2,Reviewed provider-specific unresolved term,full-ontology-resolution/pilot-provider-workbook.csv
cookidoo,ingredient-topology-v1,com.vorwerk.ingredients.Ingredient-rpf,com.vorwerk.ingredients.Ingredient-rpf-6177,"water, filtered",ef52a0efa82a82346220dd32232b97e0aa99845832897ab37399cc4fe8d455cc,consistent,0,2,11ad9e263b36fc4f93ebe000ab8bd0be27ecd007a55fb339277d000c607ce823,D8,D8,,{},operator-corrective-review-v2,full-ontology-resolution-v2,Reviewed provider-specific unresolved term,full-ontology-resolution/pilot-provider-workbook.csv
cookidoo,ingredient-topology-v1,com.vorwerk.ingredients.Ingredient-rpf,com.vorwerk.ingredients.Ingredient-rpf-62,"chilli, fresh",d7ce36d2afeb537d3e2375c8d7ad8f9ae6e2b811d29fdf735ae4d63d5b284b1b,consistent,0,5,407d4bb2b731552bf1f47a9cc653b42a3b018313daa477a76fb787d19c48ed89,D8,D8,,{},operator-corrective-review-v2,full-ontology-resolution-v2,Reviewed provider-specific unresolved term,full-ontology-resolution/pilot-provider-workbook.csv
cookidoo,ingredient-topology-v1,com.vorwerk.ingredients.Ingredient-rpf,com.vorwerk.ingredients.Ingredient-rpf-620,"sour cream, any type",6d679d63fe4b71afeef146c6dff5163f61997dc9efd5cb2877db6caa1b635943,consistent,1,6,1787f5b136b75761df116d03a63c35ccd188345e34407de201e0275b77d8ff35,D8,D8,,{},operator-corrective-review-v2,full-ontology-resolution-v2,Reviewed provider-specific unresolved term,full-ontology-resolution/pilot-provider-workbook.csv
cookidoo,ingredient-topology-v1,com.vorwerk.ingredients.Ingredient-rpf,com.vorwerk.ingredients.Ingredient-rpf-6221,nut butter,5b597a1ea34683ca2493272041fe8e991ab425dfe747754f670fe80b85251d80,consistent,0,1,1bc9b1638cc8131f3bc873a30aa779bb1c017d3cd934ac799ca5a75741ce1202,D8,D8,,{},operator-corrective-review-v2,full-ontology-resolution-v2,Reviewed provider-specific unresolved term,full-ontology-resolution/pilot-provider-workbook.csv
cookidoo,ingredient-topology-v1,com.vorwerk.ingredients.Ingredient-rpf,com.vorwerk.ingredients.Ingredient-rpf-6239,"cherry, dried, sour",f74259e8801418376c65052a7a101144777d86d527ebd96e4e846466f35e6b52,consistent,0,1,8ba097ab8986e0b989430ea13b5bee05411f4bd687d3016006dac94bd28c0ce7,D8,D8,,{},operator-corrective-review-v2,full-ontology-resolution-v2,Reviewed provider-specific unresolved term,full-ontology-resolution/pilot-provider-workbook.csv
cookidoo,ingredient-topology-v1,com.vorwerk.ingredients.Ingredient-rpf,com.vorwerk.ingredients.Ingredient-rpf-6280,tandoori paste,da6dba7d05240053b5c569ff0551a38117211c7b0eb5f937f4000a7f65c74655,consistent,0,3,e16c7003165cbbcea601ba9fb93f12b794e8ca05637f9caf31efa5c687b332b1,D8,D8,,{},operator-corrective-review-v2,full-ontology-resolution-v2,Reviewed provider-specific unresolved term,full-ontology-resolution/pilot-provider-workbook.csv
cookidoo,ingredient-topology-v1,com.vorwerk.ingredients.Ingredient-rpf,com.vorwerk.ingredients.Ingredient-rpf-6299,"tortilla, any kind",f174f7a77b826edb43a459a2a70e83bb7551bf84874c12c0e768949dde4d497f,consistent,1,2,ef5840011b137b230ffe9a7eab9229cb811da93bf3c835da81728eed529f90be,D8,D8,,{},operator-corrective-review-v2,full-ontology-resolution-v2,Reviewed provider-specific unresolved term,full-ontology-resolution/pilot-provider-workbook.csv
cookidoo,ingredient-topology-v1,com.vorwerk.ingredients.Ingredient-rpf,com.vorwerk.ingredients.Ingredient-rpf-63,Parmesan cheese,330ef099cde2127854ca50b5747c77b7f5b0d909e97c3a969c06b907f84b6e71,consistent,0,23,2c547faa18ddba38f05236aa8d8b8ab348e62cf18d6b5e38cb739e0c8c4426a0,D1,D1,parmesan,[],operator-corrective-review-v2,full-ontology-resolution-v2,Reviewed exact title-to-existing-identity assertion; provider reference remains owner context only,full-ontology-resolution/pilot-provider-workbook.csv
cookidoo,ingredient-topology-v1,com.vorwerk.ingredients.Ingredient-rpf,com.vorwerk.ingredients.Ingredient-rpf-632,gelatine sheet,97f587d5faf19d212cfd2b9e7529c6b1331d239b5fa9eddc3cd085c433ddd2eb,consistent,0,1,fde379005bc0aabca85a3ea0cbcc6668fcf14b94dde096e1ab9445f5e84d6ae2,D8,D8,,{},operator-corrective-review-v2,full-ontology-resolution-v2,Reviewed provider-specific unresolved term,full-ontology-resolution/pilot-provider-workbook.csv
cookidoo,ingredient-topology-v1,com.vorwerk.ingredients.Ingredient-rpf,com.vorwerk.ingredients.Ingredient-rpf-6324,"chilli, green, long",273206be173b7e9b4df8b183c903df3ae3d3a3170636574a927b67cb89c24238,consistent,0,4,15e392298f64e7866ad0eb3b614d5cd9cb461ac4aec39ef744c4f73940412e61,D8,D8,,{},operator-corrective-review-v2,full-ontology-resolution-v2,Reviewed provider-specific unresolved term,full-ontology-resolution/pilot-provider-workbook.csv
cookidoo,ingredient-topology-v1,com.vorwerk.ingredients.Ingredient-rpf,com.vorwerk.ingredients.Ingredient-rpf-634,mascarpone,4c13386250337c6690cf8dfcd9b498217077b575d275e912fcce205611094c30,consistent,0,2,d2b65540aa11b0752c4e52bb26975f58c96b71335f9bacce477a332758b3e1a9,D1,D1,mascarpone,[],operator-corrective-review-v2,full-ontology-resolution-v2,Reviewed exact title-to-existing-identity assertion; provider reference remains owner context only,full-ontology-resolution/pilot-provider-workbook.csv
cookidoo,ingredient-topology-v1,com.vorwerk.ingredients.Ingredient-rpf,com.vorwerk.ingredients.Ingredient-rpf-6343,bourbon whiskey,b7e943dd6d5c29410b5d552233748e008771fbb6f451e6d56f6c436d7f4c152b,consistent,0,1,9cafd73309744701e33040dd656939dad9bcae910314e479f5c7c657379a0745,D8,D8,,{},operator-corrective-review-v2,full-ontology-resolution-v2,Reviewed provider-specific unresolved term,full-ontology-resolution/pilot-provider-workbook.csv
cookidoo,ingredient-topology-v1,com.vorwerk.ingredients.Ingredient-rpf,com.vorwerk.ingredients.Ingredient-rpf-6369,"rocket, leaf",fcb8cde8beb7a367498237ed4180806d56798c5323b843472b849e0344c90a94,consistent,0,2,085ca1d3c690fb637381beb00b7d577177b6c60034b781cbe782df6998f046b7,D8,D8,,{},operator-corrective-review-v2,full-ontology-resolution-v2,Reviewed provider-specific unresolved term,full-ontology-resolution/pilot-provider-workbook.csv
cookidoo,ingredient-topology-v1,com.vorwerk.ingredients.Ingredient-rpf,com.vorwerk.ingredients.Ingredient-rpf-6376,"soy sauce, dark",e11525556e760bb309fa73763abde022f49eccc2335a97f9749640100fbfc363,consistent,0,13,34f84f8c956d737595496af544976cc47e447cb0f6e5c9c1ddb8a944dd9c00c0,D8,D8,,{},operator-corrective-review-v2,full-ontology-resolution-v2,Reviewed provider-specific unresolved term,full-ontology-resolution/pilot-provider-workbook.csv
cookidoo,ingredient-topology-v1,com.vorwerk.ingredients.Ingredient-rpf,com.vorwerk.ingredients.Ingredient-rpf-64,asparagus,04c99b776c4554096c1460afa779c273420aaa0ee17cf44ad180cd7547de5df8,consistent,0,1,539c08f8aa6e0de3ac257980c7387858100a67727160ec05bfef22fec444e709,D8,D8,,{},operator-corrective-review-v2,full-ontology-resolution-v2,Reviewed provider-specific unresolved term,full-ontology-resolution/pilot-provider-workbook.csv
cookidoo,ingredient-topology-v1,com.vorwerk.ingredients.Ingredient-rpf,com.vorwerk.ingredients.Ingredient-rpf-641,"cocoa powder, unsweetened",ed4dcffa5a63bd08450e20ca7fc5a6dfd17d62656eef0ba84f3c30abde869797,consistent,0,1,2ed9efa74e93ee1beba2cc515d041990003ce26b9b684fefd2ff95b9b0c23c87,D8,D8,,{},operator-corrective-review-v2,full-ontology-resolution-v2,Reviewed provider-specific unresolved term,full-ontology-resolution/pilot-provider-workbook.csv
cookidoo,ingredient-topology-v1,com.vorwerk.ingredients.Ingredient-rpf,com.vorwerk.ingredients.Ingredient-rpf-6413,semolina (any type of wheat),dcad3adb105e824d4b0eab1a1acaa087030e73bddfdec7506247b5966b81fe48,consistent,1,1,54b2830c502083682988e0ea5a8b68aeffd8053411731f1c5b01db54c591be54,D8,D8,,{},operator-corrective-review-v2,full-ontology-resolution-v2,Reviewed provider-specific unresolved term,full-ontology-resolution/pilot-provider-workbook.csv
cookidoo,ingredient-topology-v1,com.vorwerk.ingredients.Ingredient-rpf,com.vorwerk.ingredients.Ingredient-rpf-6422,Shaoxing rice wine,872389ebd7a6cb2d730e7f204157f11593769ed3e109a43d1fcb7990879cf03d,consistent,0,4,d808e0d42baed44f19f5a001884ae29e722578218587d55c6d75b016a8a1128c,D8,D8,,{},operator-corrective-review-v2,full-ontology-resolution-v2,Reviewed provider-specific unresolved term,full-ontology-resolution/pilot-provider-workbook.csv
cookidoo,ingredient-topology-v1,com.vorwerk.ingredients.Ingredient-rpf,com.vorwerk.ingredients.Ingredient-rpf-6434,"egg, European large (63-73 g) (from chicken)",c425c2b53f0d01797e0959b11db6c45b38ef700dde3f298cf1c71f61a3cae2de,consistent,0,11,49ff1561316d4e5ff5c7bac8ae3c0b5da6d812b35a42b2e885a50caf34a84b26,D8,D8,,{},operator-corrective-review-v2,full-ontology-resolution-v2,Reviewed provider-specific unresolved term,full-ontology-resolution/pilot-provider-workbook.csv
cookidoo,ingredient-topology-v1,com.vorwerk.ingredients.Ingredient-rpf,com.vorwerk.ingredients.Ingredient-rpf-645,dark chocolate chip,a3f783280d9c468ef0419604163ef01e23ddc506b05d1526dd86bc42cb630718,consistent,0,1,0e455913f12baa4e30114e2f9b0efb7f48b98f715f23f8c0402288b43ba32786,D8,D8,,{},operator-corrective-review-v2,full-ontology-resolution-v2,Reviewed provider-specific unresolved term,full-ontology-resolution/pilot-provider-workbook.csv
cookidoo,ingredient-topology-v1,com.vorwerk.ingredients.Ingredient-rpf,com.vorwerk.ingredients.Ingredient-rpf-645446,snack crackers,336178c577e634e4f48c6198087573c0fa7880ffe8f397be9b5190f2866e0999,consistent,0,1,e5fdd9275542488d5f9b8ea4deaec8844a3a4fd77683b721fc3dc283d0f416fb,D8,D8,,{},operator-corrective-review-v2,full-ontology-resolution-v2,Reviewed provider-specific unresolved term,full-ontology-resolution/pilot-provider-workbook.csv
cookidoo,ingredient-topology-v1,com.vorwerk.ingredients.Ingredient-rpf,com.vorwerk.ingredients.Ingredient-rpf-6468,"veal shank, slice, bone in",4a80d15da2c33c3d31342248334425f4e041c3de31fda24bca99330f109fe0db,consistent,0,1,37f9a5beee13aff25379e6636d9160ed10c376783a6b8544766b44c9574b6a02,D8,D8,,{},operator-corrective-review-v2,full-ontology-resolution-v2,Reviewed provider-specific unresolved term,full-ontology-resolution/pilot-provider-workbook.csv
cookidoo,ingredient-topology-v1,com.vorwerk.ingredients.Ingredient-rpf,com.vorwerk.ingredients.Ingredient-rpf-65,"pepper (vegetable), any colour",1ce2c197574374feaaa97d61378bb4fbbf120dc15fe61fe72fbb9fd671cc58b4,consistent,1,1,182638122503459d03008b46eb9733c84a729bd6b80a9b9224b7c889c898311b,D8,D8,,{},operator-corrective-review-v2,full-ontology-resolution-v2,Reviewed provider-specific unresolved term,full-ontology-resolution/pilot-provider-workbook.csv
cookidoo,ingredient-topology-v1,com.vorwerk.ingredients.Ingredient-rpf,com.vorwerk.ingredients.Ingredient-rpf-6531,"cooked chicken meat, skinless, boneless",a34a58b8a07f64b411854b1725e68c103861c48c4f7a4475096819290149dd5a,consistent,0,4,0c81421e24435110fe6638e6e2a6d4d7a44f9a1174c82b03ba5fc02fb527b08f,D8,D8,,{},operator-corrective-review-v2,full-ontology-resolution-v2,Reviewed provider-specific unresolved term,full-ontology-resolution/pilot-provider-workbook.csv
cookidoo,ingredient-topology-v1,com.vorwerk.ingredients.Ingredient-rpf,com.vorwerk.ingredients.Ingredient-rpf-6535,"water, hot",620cd8248132cc4a53ee0a935af1eb2aaba28ff2aadd4dca5949cc3334d535f1,consistent,0,1,df69b95bbccbccbda6c0c6591933ea9a00c3d1d326ce767fcd4067becd81de9f,D8,D8,,{},operator-corrective-review-v2,full-ontology-resolution-v2,Reviewed provider-specific unresolved term,full-ontology-resolution/pilot-provider-workbook.csv
cookidoo,ingredient-topology-v1,com.vorwerk.ingredients.Ingredient-rpf,com.vorwerk.ingredients.Ingredient-rpf-6536,"egg, European medium (53-63 g) (from chicken)",fd48d9510e863e93242247c41385ac37b9f831501cc96bedd712b352da46820c,consistent,0,6,02747bb38bceba70df16f0c8be86a155312ed1501de84dbe6a124e124672448a,D8,D8,,{},operator-corrective-review-v2,full-ontology-resolution-v2,Reviewed provider-specific unresolved term,full-ontology-resolution/pilot-provider-workbook.csv
cookidoo,ingredient-topology-v1,com.vorwerk.ingredients.Ingredient-rpf,com.vorwerk.ingredients.Ingredient-rpf-655831,ube natural flavouring,ee44edcc6ff978050d5744076692f5936af7941c9314e746d4b0530f2db0f9e5,consistent,0,1,a8c5a6c0ea7327c8f91253145f0538ee6e4c3fa3de5b5a21e4148b2a32d35d91,D8,D8,,{},operator-corrective-review-v2,full-ontology-resolution-v2,Reviewed provider-specific unresolved term,full-ontology-resolution/pilot-provider-workbook.csv
cookidoo,ingredient-topology-v1,com.vorwerk.ingredients.Ingredient-rpf,com.vorwerk.ingredients.Ingredient-rpf-6659,cinnamon spice mix,bea914c9f64d4328e1b1b8a77e871e5c73cc77cd3b0c8b763fb9acd73b038ac3,consistent,0,1,227c91e13312854b3db0342535c0fd1a88b3a552da12a7f7a8d8670e371a3f9c,D8,D8,,{},operator-corrective-review-v2,full-ontology-resolution-v2,Reviewed provider-specific unresolved term,full-ontology-resolution/pilot-provider-workbook.csv
cookidoo,ingredient-topology-v1,com.vorwerk.ingredients.Ingredient-rpf,com.vorwerk.ingredients.Ingredient-rpf-668473,ranch dressing,b0efca913d6d14258483c45eed434a9f1ef5b94214c4c29e1afa6ceee65aca71,consistent,0,2,6a51fb1621659d524072e80f8dc904f0496e44b11a21f2bb162a3394f7f53e01,D8,D8,,{},operator-corrective-review-v2,full-ontology-resolution-v2,Reviewed provider-specific unresolved term,full-ontology-resolution/pilot-provider-workbook.csv
cookidoo,ingredient-topology-v1,com.vorwerk.ingredients.Ingredient-rpf,com.vorwerk.ingredients.Ingredient-rpf-67,"caper, pickled",fb2954f85c8ad20dbabc27e53244f3e3c40456b7a26983b3604e51e303fec05a,consistent,0,1,9b0c2809fb72665430652e839f98e8e8e29ebdcf043d702cf25a636779a7d856,D8,D8,,{},operator-corrective-review-v2,full-ontology-resolution-v2,Reviewed provider-specific unresolved term,full-ontology-resolution/pilot-provider-workbook.csv
cookidoo,ingredient-topology-v1,com.vorwerk.ingredients.Ingredient-rpf,com.vorwerk.ingredients.Ingredient-rpf-6721,shichimi togarashi spice mix,a573a2675568962442b6418e519614fd01fe3774305b7487d99f45b5e27026b0,consistent,0,1,14b26cbcfe5f253b13eb1db23cebcc149e823cafadf35d2e16c7db9d841a3e52,D8,D8,,{},operator-corrective-review-v2,full-ontology-resolution-v2,Reviewed provider-specific unresolved term,full-ontology-resolution/pilot-provider-workbook.csv
cookidoo,ingredient-topology-v1,com.vorwerk.ingredients.Ingredient-rpf,com.vorwerk.ingredients.Ingredient-rpf-672152,pickle juice,ac4bd6315f70702c0588b4039e027b1b80b81ccdecd97a9785ccc9d8d71f01e1,consistent,0,1,da7630104e22d0f09cb121557cd8a07a2f5f7a339d07e19086b68d14d859efb2,D8,D8,,{},operator-corrective-review-v2,full-ontology-resolution-v2,Reviewed provider-specific unresolved term,full-ontology-resolution/pilot-provider-workbook.csv
cookidoo,ingredient-topology-v1,com.vorwerk.ingredients.Ingredient-rpf,com.vorwerk.ingredients.Ingredient-rpf-6846,chicken stock powder,6b9d854cc12e90878691fb371b1fa134ded9ef500641ba9b2dc6a94279123216,consistent,0,2,2fc4f2a109f58fcca6801839a26cebc61c7e16b4d7aa6ea72c98be5864b4a8b3,D8,D8,,{},operator-corrective-review-v2,full-ontology-resolution-v2,Reviewed provider-specific unresolved term,full-ontology-resolution/pilot-provider-workbook.csv
cookidoo,ingredient-topology-v1,com.vorwerk.ingredients.Ingredient-rpf,com.vorwerk.ingredients.Ingredient-rpf-6854,"shrimp, dried",5b9069cfe5f422a45b78c2d1487445579f47f2e98887c9508bcfe6c696beee22,consistent,0,1,e71ca4e834f3af0a4ece900f77f78e5ce25f109e4629669da56cd4a63a5d0d0d,D8,D8,,{},operator-corrective-review-v2,full-ontology-resolution-v2,Reviewed provider-specific unresolved term,full-ontology-resolution/pilot-provider-workbook.csv
cookidoo,ingredient-topology-v1,com.vorwerk.ingredients.Ingredient-rpf,com.vorwerk.ingredients.Ingredient-rpf-69,"rice, long-grain",a3dd169293ce51fe4a80e122b3977ad90debeac61d2d33b10b9ab59695c03dc6,consistent,0,3,cb4ed74a12ad92df00a73fdf90ae7ca92338bfe01fb7196c4aff8cd59ddaafe5,D8,D8,,{},operator-corrective-review-v2,full-ontology-resolution-v2,Reviewed provider-specific unresolved term,full-ontology-resolution/pilot-provider-workbook.csv
cookidoo,ingredient-topology-v1,com.vorwerk.ingredients.Ingredient-rpf,com.vorwerk.ingredients.Ingredient-rpf-6922,"plant-based drink, any type",f306039491da073e42b63f15b87e185d0728e160815801b661ab0fa211dd7dcc,consistent,1,2,dd7a94edb1c15cd46d784b6c136d3feb66829e6f368ea5c1bf31174e70b7c57c,D8,D8,,{},operator-corrective-review-v2,full-ontology-resolution-v2,Reviewed provider-specific unresolved term,full-ontology-resolution/pilot-provider-workbook.csv
cookidoo,ingredient-topology-v1,com.vorwerk.ingredients.Ingredient-rpf,com.vorwerk.ingredients.Ingredient-rpf-6937,stewing steak,d1bd951e466a05c24569d23714fc57ed8f8df5ec0c17403e15354dfc58cd5d41,consistent,0,1,1e48a88ceb015f8897a18f0ba7fa190d59d842930d57fcb72d15257ae68991a0,D8,D8,,{},operator-corrective-review-v2,full-ontology-resolution-v2,Reviewed provider-specific unresolved term,full-ontology-resolution/pilot-provider-workbook.csv
cookidoo,ingredient-topology-v1,com.vorwerk.ingredients.Ingredient-rpf,com.vorwerk.ingredients.Ingredient-rpf-7,rice,209f76418ece7c936b65ff4777a578d860f762c37ad6c7f08f5826242199ef51,consistent,0,4,d13e70a3017a9aba16667123d3e17ce28ce9e9444b7a34f9663af3616608474a,D1,D1,rice,[],operator-corrective-review-v2,full-ontology-resolution-v2,Reviewed exact title-to-existing-identity assertion; provider reference remains owner context only,full-ontology-resolution/pilot-provider-workbook.csv
cookidoo,ingredient-topology-v1,com.vorwerk.ingredients.Ingredient-rpf,com.vorwerk.ingredients.Ingredient-rpf-7071,"biscuit, rich tea",f7a65b62ed1c2709fa9f3b814d8059a5dd56dd161bd845d41a3f4d9542984dad,consistent,0,1,111ca768f4045d9147dc9590290a9ddf370dbe2173f2b4628e974190fa65c1e1,D8,D8,,{},operator-corrective-review-v2,full-ontology-resolution-v2,Reviewed provider-specific unresolved term,full-ontology-resolution/pilot-provider-workbook.csv
cookidoo,ingredient-topology-v1,com.vorwerk.ingredients.Ingredient-rpf,com.vorwerk.ingredients.Ingredient-rpf-7126,"white bread roll cube, dried",b56601b64929ffef89db87b5f0f4e3f38297405a689293ad2779f65a4e5eaa3c,consistent,0,1,2e00b2377c0ac1d610898d82b224428df23380c083cad9e3992a29f94045a4c8,D8,D8,,{},operator-corrective-review-v2,full-ontology-resolution-v2,Reviewed provider-specific unresolved term,full-ontology-resolution/pilot-provider-workbook.csv
cookidoo,ingredient-topology-v1,com.vorwerk.ingredients.Ingredient-rpf,com.vorwerk.ingredients.Ingredient-rpf-7180,"coriander leaf, fresh",6710355d7b5c004b6de604199cd6bdd64341d0b55c6bec78b7577d0ef54ebe9f,consistent,0,1,0e8105943f30533180f44e36a79c010fcd40e7fa3bb6086ff16b773f266316e5,D8,D8,,{},operator-corrective-review-v2,full-ontology-resolution-v2,Reviewed provider-specific unresolved term,full-ontology-resolution/pilot-provider-workbook.csv
cookidoo,ingredient-topology-v1,com.vorwerk.ingredients.Ingredient-rpf,com.vorwerk.ingredients.Ingredient-rpf-7193,"Asian egg noodle, fresh",6bfc1c3993dcfec87b396b4ef22492f2abb953ba9a7235a564a5ca3474692282,consistent,0,1,f2f4fce19ea7bdf12532e72a448045451b4c420aedb158616654310cf6726089,D8,D8,,{},operator-corrective-review-v2,full-ontology-resolution-v2,Reviewed provider-specific unresolved term,full-ontology-resolution/pilot-provider-workbook.csv
cookidoo,ingredient-topology-v1,com.vorwerk.ingredients.Ingredient-rpf,com.vorwerk.ingredients.Ingredient-rpf-72,"green pea, frozen",7d591b6e9b4deb49664cf29c16eb5f215e0b155d2ff58a65aa4a16a272094c15,consistent,0,4,a53378f7ab300688c1d88ae7174a5f03d5980b37db9331007a86ef564d4b28a3,D8,D8,,{},operator-corrective-review-v2,full-ontology-resolution-v2,Reviewed provider-specific unresolved term,full-ontology-resolution/pilot-provider-workbook.csv
cookidoo,ingredient-topology-v1,com.vorwerk.ingredients.Ingredient-rpf,com.vorwerk.ingredients.Ingredient-rpf-73,"tomato, canned",ac9de87fda6c4669cf50d455bfa36aa27a385e7b09e8cea695d4ee861c422d65,consistent,0,1,5bef93d517e4f6a472fb7b93b70f97c86d9f9ef33510a923dda878a4de00df8f,D8,D8,,{},operator-corrective-review-v2,full-ontology-resolution-v2,Reviewed provider-specific unresolved term,full-ontology-resolution/pilot-provider-workbook.csv
cookidoo,ingredient-topology-v1,com.vorwerk.ingredients.Ingredient-rpf,com.vorwerk.ingredients.Ingredient-rpf-7301,"milk, any type",ef9654d3c9cebb0ae34545bf225c4853cdb7bd4416ae06d80f61f99733351ab5,consistent,1,1,5b07778778ff9e87fc642db3a00eb8eea8b6e75fc5f3083ac0b28dc7b49c4248,D8,D8,,{},operator-corrective-review-v2,full-ontology-resolution-v2,Reviewed provider-specific unresolved term,full-ontology-resolution/pilot-provider-workbook.csv
cookidoo,ingredient-topology-v1,com.vorwerk.ingredients.Ingredient-rpf,com.vorwerk.ingredients.Ingredient-rpf-7302,"linseeds, sunflower seeds and almonds mix",74abf650fcc85e550591c93f8f68fe14246b807c211ef0b2d623ddb7d5a241fc,consistent,0,1,d659e3faeb04358e99a111080925b4eb07bc03cf714e12be62523b76774c77ff,D8,D8,,{},operator-corrective-review-v2,full-ontology-resolution-v2,Reviewed provider-specific unresolved term,full-ontology-resolution/pilot-provider-workbook.csv
cookidoo,ingredient-topology-v1,com.vorwerk.ingredients.Ingredient-rpf,com.vorwerk.ingredients.Ingredient-rpf-7310,freshly squeezed lemon juice,af9f757f9e3399e4f349ee9ea6263db3d03ae03459d777fc6f4d4f41faa448c4,consistent,0,6,5a050e110c4282f05b6e95e3070383d8040d34979e43d779fb6c3975fbe08a1f,D1,D1,lemon-juice,[],operator-corrective-review-v2,full-ontology-resolution-v2,Reviewed exact title-to-existing-identity assertion; provider reference remains owner context only,full-ontology-resolution/pilot-provider-workbook.csv
cookidoo,ingredient-topology-v1,com.vorwerk.ingredients.Ingredient-rpf,com.vorwerk.ingredients.Ingredient-rpf-7311,"orange juice, freshly squeezed",2380cd8bf5f15b9b213b2ca9c4b61ca7385bc2ec810ab5991695b867400f7de9,consistent,0,1,56b175e3de6f194ba10075441fdb606533152a58ef91c0df1c9965c77a2bdf67,D8,D8,,{},operator-corrective-review-v2,full-ontology-resolution-v2,Reviewed provider-specific unresolved term,full-ontology-resolution/pilot-provider-workbook.csv
cookidoo,ingredient-topology-v1,com.vorwerk.ingredients.Ingredient-rpf,com.vorwerk.ingredients.Ingredient-rpf-7326,"rice, white, long-grain",fc0a750e192230b5f5143691132a93fb6ae2b5529c82b27d190663ed80a9be4d,consistent,0,3,419f5fd7ae7073bef5e8e3cd9a6f930932ca49641c50fca0b7175843dacf4e35,D8,D8,,{},operator-corrective-review-v2,full-ontology-resolution-v2,Reviewed provider-specific unresolved term,full-ontology-resolution/pilot-provider-workbook.csv
cookidoo,ingredient-topology-v1,com.vorwerk.ingredients.Ingredient-rpf,com.vorwerk.ingredients.Ingredient-rpf-7364,chicken stock,7834623d51e787a623ea4b7baa3147d0763467bd5d03d90ad469c6cc3e0eed58,consistent,0,5,721c015279be7ac485593f2ff05e0c926cdddd4fcab0ce1c57d2f3a4b7414276,D2,D2,stock,"{""species"":""chicken"",""variety"":""chicken""}",operator-corrective-review-v2,full-ontology-resolution-v2,Reviewed exact title-to-existing-identity assertion; provider reference remains owner context only,full-ontology-resolution/pilot-provider-workbook.csv
cookidoo,ingredient-topology-v1,com.vorwerk.ingredients.Ingredient-rpf,com.vorwerk.ingredients.Ingredient-rpf-7390,"barbecue sauce, hoisin",35a1b57911360da2e9ec1d06902a6d37f6ac60c003f1a81666de925c7a69e7c7,consistent,0,1,c2631d5c2473aded164aa340539ecec764b1634d996ad01ae681eeb1bd44c58a,D8,D8,,{},operator-corrective-review-v2,full-ontology-resolution-v2,Reviewed provider-specific unresolved term,full-ontology-resolution/pilot-provider-workbook.csv
cookidoo,ingredient-topology-v1,com.vorwerk.ingredients.Ingredient-rpf,com.vorwerk.ingredients.Ingredient-rpf-74,cheese,873ac9ffea4dd04fa719e8920cd6938f0c23cd678af330939cff53c3d2855f34,consistent,0,3,ec6c9e0dddcb0705fbc234aaff36d544dc3037eb1eb737be9f815a0e5fc0f19e,D8,D8,,{},operator-corrective-review-v2,full-ontology-resolution-v2,Reviewed provider-specific unresolved term,full-ontology-resolution/pilot-provider-workbook.csv
cookidoo,ingredient-topology-v1,com.vorwerk.ingredients.Ingredient-rpf,com.vorwerk.ingredients.Ingredient-rpf-7405,vegan margarine,540a297eb7746a3748f13bccdd6fee6abf00ea8633d0c23bc4d1ce062419ded3,consistent,0,3,58eff409d9dcecbdadf5b086ad2b8a3d3b878295dae80e420a3fcca7729dd492,D8,D8,,{},operator-corrective-review-v2,full-ontology-resolution-v2,Reviewed provider-specific unresolved term,full-ontology-resolution/pilot-provider-workbook.csv
cookidoo,ingredient-topology-v1,com.vorwerk.ingredients.Ingredient-rpf,com.vorwerk.ingredients.Ingredient-rpf-742,mandarin,1e67037bc5e90f888a47cbeff1e4634bc6fc541b9e36a45c0cc59d67f0d3df3c,consistent,0,2,68e27e4bfc0c912a8e60a3fe35a5a548319d823c23d7a0af9b67b14a8352eff3,D8,D8,,{},operator-corrective-review-v2,full-ontology-resolution-v2,Reviewed provider-specific unresolved term,full-ontology-resolution/pilot-provider-workbook.csv
cookidoo,ingredient-topology-v1,com.vorwerk.ingredients.Ingredient-rpf,com.vorwerk.ingredients.Ingredient-rpf-7434,malt vinegar,e023720dca4c389edfaae1ff5e5f35d0d46322e22ebad47f0a0903652a46a263,consistent,0,1,27c2d3a583f9755e2fe1c02591a937b9a74ed15c026f0099dea09970626c42c9,D8,D8,,{},operator-corrective-review-v2,full-ontology-resolution-v2,Reviewed provider-specific unresolved term,full-ontology-resolution/pilot-provider-workbook.csv
cookidoo,ingredient-topology-v1,com.vorwerk.ingredients.Ingredient-rpf,com.vorwerk.ingredients.Ingredient-rpf-7438,"wattleseed, roasted, ground",7c9481997d597407d33c92f15fe998cb2689658216bbc947670a9dc655ef7121,consistent,0,1,59e9a034140cea9c05c37b52cf9360d153b6f52da9a40cefc76f44aa351946f1,D8,D8,,{},operator-corrective-review-v2,full-ontology-resolution-v2,Reviewed provider-specific unresolved term,full-ontology-resolution/pilot-provider-workbook.csv
cookidoo,ingredient-topology-v1,com.vorwerk.ingredients.Ingredient-rpf,com.vorwerk.ingredients.Ingredient-rpf-75,oat flake,112cb7c5fd4b10a71ef79ac581a536a40f5c356377fb921875e2b0ec792b71bd,consistent,0,3,d0cd7eb74e92528bf6462a69509455763fedbe3855159776e7c1c863e2257118,D8,D8,,{},operator-corrective-review-v2,full-ontology-resolution-v2,Reviewed provider-specific unresolved term,full-ontology-resolution/pilot-provider-workbook.csv
cookidoo,ingredient-topology-v1,com.vorwerk.ingredients.Ingredient-rpf,com.vorwerk.ingredients.Ingredient-rpf-7515,Pepper Jack cheese,f36e8eb46ea796301fbdfac0c5f265f261eff5106e5e7808852c6f5fd8a7512b,consistent,0,2,3356c00040c45cbc2682c3868cdbd5909e0219a013e9d1251be870de0a1cee8a,D8,D8,,{},operator-corrective-review-v2,full-ontology-resolution-v2,Reviewed provider-specific unresolved term,full-ontology-resolution/pilot-provider-workbook.csv
cookidoo,ingredient-topology-v1,com.vorwerk.ingredients.Ingredient-rpf,com.vorwerk.ingredients.Ingredient-rpf-76,"thyme, fresh",c9884f24d12f12578281445293f371d78108b8f7ca82d0d70e8d980f9c5beed3,consistent,0,9,30d01a14a6a70220dff2e523ebd8224bdaa215080824acf24f53736b9f8a9c8a,D8,D8,,{},operator-corrective-review-v2,full-ontology-resolution-v2,Reviewed provider-specific unresolved term,full-ontology-resolution/pilot-provider-workbook.csv
cookidoo,ingredient-topology-v1,com.vorwerk.ingredients.Ingredient-rpf,com.vorwerk.ingredients.Ingredient-rpf-7649,barbecue sauce,afa7af0632831a4bd4fd013eac922b0f7cdff7285cff8b47e9e54a5ed0a4cf36,consistent,0,2,a6d6a8766f14a056a1695eafd92db3f1eca6c2c1e53ca6412ba3802ee3dd8acc,D8,D8,,{},operator-corrective-review-v2,full-ontology-resolution-v2,Reviewed provider-specific unresolved term,full-ontology-resolution/pilot-provider-workbook.csv
cookidoo,ingredient-topology-v1,com.vorwerk.ingredients.Ingredient-rpf,com.vorwerk.ingredients.Ingredient-rpf-7666,"game bird meat, mixed",ee6936f3a9f674e99b3c5891d9f3b984a7ebb1f85382563213f1d475f2243911,consistent,0,1,9731b6081e0a56600d8276a8ed4f20e69bcaf9f0f35cc30a2ef9b44f224e8672,D8,D8,,{},operator-corrective-review-v2,full-ontology-resolution-v2,Reviewed provider-specific unresolved term,full-ontology-resolution/pilot-provider-workbook.csv
cookidoo,ingredient-topology-v1,com.vorwerk.ingredients.Ingredient-rpf,com.vorwerk.ingredients.Ingredient-rpf-77,red wine,c0e5eb15b27d73702d8c713b2eed118c8c4e06ea49fbd878bcff91037b1325a0,consistent,0,3,c6870cadccd84a2323987e6ded31e1af6aa9544964ae1e55ae8d3a9d170383aa,D2,D2,wine,"{""wine_color"":""red""}",operator-corrective-review-v2,full-ontology-resolution-v2,Reviewed exact title-to-existing-identity assertion; provider reference remains owner context only,full-ontology-resolution/pilot-provider-workbook.csv
cookidoo,ingredient-topology-v1,com.vorwerk.ingredients.Ingredient-rpf,com.vorwerk.ingredients.Ingredient-rpf-7719,"water, warm",823eed7cfca227251931b40834c55a0d253b3464f6fed1c1607a14927e3431e0,consistent,0,2,bb924e9d8694ba4f7788d23218ab9dc6be4b8346299dd2e5e34d81efcabe14f1,D8,D8,,{},operator-corrective-review-v2,full-ontology-resolution-v2,Reviewed provider-specific unresolved term,full-ontology-resolution/pilot-provider-workbook.csv
cookidoo,ingredient-topology-v1,com.vorwerk.ingredients.Ingredient-rpf,com.vorwerk.ingredients.Ingredient-rpf-7741,"pork belly meat, boneless, skinless",9a4dcc6a6c9035845dac112505dfe4f0b1e4b20dccbb1f3a8a6902fd8794bf2a,consistent,0,1,1c57bb3f741902adea6c311720f2154f33f1eef45f51a046120a5417c497ebce,D8,D8,,{},operator-corrective-review-v2,full-ontology-resolution-v2,Reviewed provider-specific unresolved term,full-ontology-resolution/pilot-provider-workbook.csv
cookidoo,ingredient-topology-v1,com.vorwerk.ingredients.Ingredient-rpf,com.vorwerk.ingredients.Ingredient-rpf-7761,canola oil,10ceb70c16d9b3b270d6cca5b37739dceceb706aac5c4c475afbda8bfba2cf45,consistent,0,1,de62ae9b2a446d53f0c3c162242620ad153ac419d5299ed8f2fdf9b4a1563e75,D2,D2,oil,"{""variety"":""canola""}",operator-corrective-review-v2,full-ontology-resolution-v2,Reviewed exact title-to-existing-identity assertion; provider reference remains owner context only,full-ontology-resolution/pilot-provider-workbook.csv
cookidoo,ingredient-topology-v1,com.vorwerk.ingredients.Ingredient-rpf,com.vorwerk.ingredients.Ingredient-rpf-7807,"sweet banana, ripe",05c59c821cff250be90d388c2aa30c1737462f46ab2af31debf82b9e51bfd68f,consistent,0,1,044462ae4de2a6ef93a1f0a163d3f29566bbc15c7d276403f786089b3da696cc,D8,D8,,{},operator-corrective-review-v2,full-ontology-resolution-v2,Reviewed provider-specific unresolved term,full-ontology-resolution/pilot-provider-workbook.csv
cookidoo,ingredient-topology-v1,com.vorwerk.ingredients.Ingredient-rpf,com.vorwerk.ingredients.Ingredient-rpf-7808,"mace, ground",604b6a25a577c5ff7d231460f43367f39253b95ff6157c0b5133bd1613b52905,consistent,0,1,f4d22af3489e4debdbcc3d0def818734f7f09e1ef786ee586574ddc9f1ac4d45,D8,D8,,{},operator-corrective-review-v2,full-ontology-resolution-v2,Reviewed provider-specific unresolved term,full-ontology-resolution/pilot-provider-workbook.csv
cookidoo,ingredient-topology-v1,com.vorwerk.ingredients.Ingredient-rpf,com.vorwerk.ingredients.Ingredient-rpf-79,mustard,352b5b6699d83cdc4efde9671693f7d9ca961ca986a90a6b80550a7d173fae4b,consistent,0,11,a61fdcb6f30cbd2fe581d2a58dc3b151dab1b10c0e519d84b9619669bddd1822,D8,D8,,{},operator-corrective-review-v2,full-ontology-resolution-v2,Reviewed provider-specific unresolved term,full-ontology-resolution/pilot-provider-workbook.csv
cookidoo,ingredient-topology-v1,com.vorwerk.ingredients.Ingredient-rpf,com.vorwerk.ingredients.Ingredient-rpf-7920,"water, chilled",b5c5142f1e37995e96ef8b455576a8103331385a37cc8e1447c46a0792fc313e,consistent,0,2,4c32128cbd21a93273e92df66aecbfdb59405a7c5f38d29b458641679188734b,D8,D8,,{},operator-corrective-review-v2,full-ontology-resolution-v2,Reviewed provider-specific unresolved term,full-ontology-resolution/pilot-provider-workbook.csv
cookidoo,ingredient-topology-v1,com.vorwerk.ingredients.Ingredient-rpf,com.vorwerk.ingredients.Ingredient-rpf-7944,nutritional yeast,e3319725d020749db3d6208df72681fe21d5a57e4bba2246e096f7d5630bbed7,consistent,0,1,80f7fd4a8cccaa448c7f6a84ffdcb71b2a28a6d5a09f264bb3b9acd6e09060c7,D8,D8,,{},operator-corrective-review-v2,full-ontology-resolution-v2,Reviewed provider-specific unresolved term,full-ontology-resolution/pilot-provider-workbook.csv
cookidoo,ingredient-topology-v1,com.vorwerk.ingredients.Ingredient-rpf,com.vorwerk.ingredients.Ingredient-rpf-80,lard,b39d13e9c9d9814c80f41a3a71f23da3a400c6418f23bcd0c41004088e09e3cd,consistent,0,1,7d80433984803a5b2aec6fe54d75b7fea8f24bf2afd7a69f321164091d8f1b2f,D8,D8,,{},operator-corrective-review-v2,full-ontology-resolution-v2,Reviewed provider-specific unresolved term,full-ontology-resolution/pilot-provider-workbook.csv
cookidoo,ingredient-topology-v1,com.vorwerk.ingredients.Ingredient-rpf,com.vorwerk.ingredients.Ingredient-rpf-81,peanut oil,132d9ba902b8299f057c2ab0113d5b8cf0ee6304412cabd8d5a14691ad0c9499,consistent,0,4,678912c62731f5cbd89915a5007a2036c1dcfec4677adfae4a70aabcf22736b9,D2,D2,oil,"{""variety"":""peanut""}",operator-corrective-review-v2,full-ontology-resolution-v2,Reviewed exact title-to-existing-identity assertion; provider reference remains owner context only,full-ontology-resolution/pilot-provider-workbook.csv
cookidoo,ingredient-topology-v1,com.vorwerk.ingredients.Ingredient-rpf,com.vorwerk.ingredients.Ingredient-rpf-82,honey,a55e2e3846a51f6ad0abfdfbdea2ba0e5e0c76b5ccfa8a920895fedeae89a8b6,consistent,0,29,f8a15441ab5884182ea70ba7d6742f0c60c5cb8ca8ab8712a64ebf2d4e0965b7,D8,D8,,{},operator-corrective-review-v2,full-ontology-resolution-v2,Reviewed provider-specific unresolved term,full-ontology-resolution/pilot-provider-workbook.csv
cookidoo,ingredient-topology-v1,com.vorwerk.ingredients.Ingredient-rpf,com.vorwerk.ingredients.Ingredient-rpf-8203,"fine herbs, mixed",36f4bf0ad905efdc6f026db07f4f68ab6c7eca196d771dadae569b64f542b036,consistent,0,1,026ceaf8f8633b66c7bc62190ab26136a98911b6cc96decf82c01b11bed74b69,D8,D8,,{},operator-corrective-review-v2,full-ontology-resolution-v2,Reviewed provider-specific unresolved term,full-ontology-resolution/pilot-provider-workbook.csv
cookidoo,ingredient-topology-v1,com.vorwerk.ingredients.Ingredient-rpf,com.vorwerk.ingredients.Ingredient-rpf-83,"chicken breast, skin on or skinless, boneless",fa3ebe8ae1c7548bf63202350e757f509460a305b7acc3fb650734b80af33cfd,consistent,0,4,445166503a71195b334b62666ddc2be63aa1a84bd8e1592b260295f2f2f6f708,D8,D8,,{},operator-corrective-review-v2,full-ontology-resolution-v2,Reviewed provider-specific unresolved term,full-ontology-resolution/pilot-provider-workbook.csv
cookidoo,ingredient-topology-v1,com.vorwerk.ingredients.Ingredient-rpf,com.vorwerk.ingredients.Ingredient-rpf-8304,"shrimp, raw, peeled, deveined",9320ef97fc2276a872caaa48fe26e14a60dddc8798f71f4e935939b4efc6eee7,consistent,0,1,7df52e6bb06cf3112d4b162180b33d6fa9fcb2daaec97fc1355cc2c5f370b8aa,D8,D8,,{},operator-corrective-review-v2,full-ontology-resolution-v2,Reviewed provider-specific unresolved term,full-ontology-resolution/pilot-provider-workbook.csv
cookidoo,ingredient-topology-v1,com.vorwerk.ingredients.Ingredient-rpf,com.vorwerk.ingredients.Ingredient-rpf-8308,grits,645f4aa852e5a4064fc71f563ace688253ded38348230319e28b04b2ebc95974,consistent,0,2,8f046b0423921946e4ae7e6b46c0ccf88baea21d733eb957dc71e87dc56c2f98,D8,D8,,{},operator-corrective-review-v2,full-ontology-resolution-v2,Reviewed provider-specific unresolved term,full-ontology-resolution/pilot-provider-workbook.csv
cookidoo,ingredient-topology-v1,com.vorwerk.ingredients.Ingredient-rpf,com.vorwerk.ingredients.Ingredient-rpf-8309,"US cow milk and cream ""half and half"", 12% fat",492c22622b63a9801303ff799fe7b4dac4b571d975c5b71a2037fceeb74c9735,consistent,0,3,420e6ae5c9b08a96ff7e25e13dca0013b15bf041d6cb6f67337cbcda4a00066a,D8,D8,,{},operator-corrective-review-v2,full-ontology-resolution-v2,Reviewed provider-specific unresolved term,full-ontology-resolution/pilot-provider-workbook.csv
cookidoo,ingredient-topology-v1,com.vorwerk.ingredients.Ingredient-rpf,com.vorwerk.ingredients.Ingredient-rpf-8392,"stem ginger, in syrup",fd8370b01c3b6891a7c3cedb8ab354670cff1e6d1af6723434d69dcb9cfd6a02,consistent,0,1,77c55616a443c1f36b4dd7078dd6eef39bb7f4a6b8cd40f66e7feefbfbf43d8f,D8,D8,,{},operator-corrective-review-v2,full-ontology-resolution-v2,Reviewed provider-specific unresolved term,full-ontology-resolution/pilot-provider-workbook.csv
cookidoo,ingredient-topology-v1,com.vorwerk.ingredients.Ingredient-rpf,com.vorwerk.ingredients.Ingredient-rpf-8450,"beef andouille sausage, pre cooked",0481ed6703adceb91bb05e0877b1a14eaa925638731552486812bfedbfdf3eb4,consistent,0,1,dc1d949839d964d5c841d68d8d7217cbe5723859dbebf13223bdf3f87bcae77c,D8,D8,,{},operator-corrective-review-v2,full-ontology-resolution-v2,Reviewed provider-specific unresolved term,full-ontology-resolution/pilot-provider-workbook.csv
cookidoo,ingredient-topology-v1,com.vorwerk.ingredients.Ingredient-rpf,com.vorwerk.ingredients.Ingredient-rpf-8451,"pork andouille sausage, pre cooked",7723f29c51a776520c8dcc34feee2c44921b4fc3c0439ff8265085891e767f21,consistent,0,1,3c35aa017c20f9c2e24f174bdf17c9341a64cab111912088ffaaec5b99c5856e,D8,D8,,{},operator-corrective-review-v2,full-ontology-resolution-v2,Reviewed provider-specific unresolved term,full-ontology-resolution/pilot-provider-workbook.csv
cookidoo,ingredient-topology-v1,com.vorwerk.ingredients.Ingredient-rpf,com.vorwerk.ingredients.Ingredient-rpf-8482,seasoning mix for tacos and fajitas,0281371b81512b9c65de07d0e94784e81fa3a46e40b6f6bb88e3b0977a0982dc,consistent,0,1,6cf4fdf2b15072f615c792e45dd075ee48dba76dc8252a7b55c0ff59e6866845,D8,D8,,{},operator-corrective-review-v2,full-ontology-resolution-v2,Reviewed provider-specific unresolved term,full-ontology-resolution/pilot-provider-workbook.csv
cookidoo,ingredient-topology-v1,com.vorwerk.ingredients.Ingredient-rpf,com.vorwerk.ingredients.Ingredient-rpf-85,vegetable,4715b734085d8d9c9981d91c6d5cff398c75caf44074851baa94f2de24fba4d7,consistent,0,4,a309c21e90b5493aff47aa1fe3cae09a3e47d3e4ae1a7d6f8cd7272cd1652d1e,D8,D8,,{},operator-corrective-review-v2,full-ontology-resolution-v2,Reviewed provider-specific unresolved term,full-ontology-resolution/pilot-provider-workbook.csv
cookidoo,ingredient-topology-v1,com.vorwerk.ingredients.Ingredient-rpf,com.vorwerk.ingredients.Ingredient-rpf-8503,"dark chocolate, 70% cocoa solids",b008d83bebe8a866d13209115c5734ae5fb3fa1ad04ba3a933b113e9d6ca529b,consistent,0,1,ff8b5a6a39106ff12e991473b0d293c3351454290dd2b945c32d04656aa094d8,D8,D8,,{},operator-corrective-review-v2,full-ontology-resolution-v2,Reviewed provider-specific unresolved term,full-ontology-resolution/pilot-provider-workbook.csv
cookidoo,ingredient-topology-v1,com.vorwerk.ingredients.Ingredient-rpf,com.vorwerk.ingredients.Ingredient-rpf-8548,"cooking spray, any oil",83d14b7170e32fd62a8c5735f264a8f4c261c7eb15ffcadf45498efa5766b448,consistent,1,3,3e57cdc81413da5d0d5edb5f0889baa1ad8693e5357b1a5979af2b0d9b63a56a,D8,D8,,{},operator-corrective-review-v2,full-ontology-resolution-v2,Reviewed provider-specific unresolved term,full-ontology-resolution/pilot-provider-workbook.csv
cookidoo,ingredient-topology-v1,com.vorwerk.ingredients.Ingredient-rpf,com.vorwerk.ingredients.Ingredient-rpf-8561,black cardamom pod,d5b839c20ba6bf9e87ac18d0d765ebad4808c49e8b59650119224936049104c2,consistent,0,2,4e64202b06460dd558bd611de0e67c3042803eb6e5bff39dc3e458916548d876,D8,D8,,{},operator-corrective-review-v2,full-ontology-resolution-v2,Reviewed provider-specific unresolved term,full-ontology-resolution/pilot-provider-workbook.csv
cookidoo,ingredient-topology-v1,com.vorwerk.ingredients.Ingredient-rpf,com.vorwerk.ingredients.Ingredient-rpf-8645,Kashmiri chilli powder,768b72447e2628400e23b9f33d10ce574217eda44d534f325ed8d3b3337fa727,consistent,0,3,341ab7d573327e92bffc97e068e2f8d9db00afb81618fa4864c02df18d54a440,D8,D8,,{},operator-corrective-review-v2,full-ontology-resolution-v2,Reviewed provider-specific unresolved term,full-ontology-resolution/pilot-provider-workbook.csv
cookidoo,ingredient-topology-v1,com.vorwerk.ingredients.Ingredient-rpf,com.vorwerk.ingredients.Ingredient-rpf-8695,cold water,d9ae6af36f3c9e7e18317852d30b918d3cd847efdee89386c40048eb97139f8b,consistent,0,1,c5a7ebec4640ce042709ada3951195546e232de97abb5fe4aea3b0e1c3ccac2d,D8,D8,,{},operator-corrective-review-v2,full-ontology-resolution-v2,Reviewed provider-specific unresolved term,full-ontology-resolution/pilot-provider-workbook.csv
cookidoo,ingredient-topology-v1,com.vorwerk.ingredients.Ingredient-rpf,com.vorwerk.ingredients.Ingredient-rpf-87,"cardamom, ground",8b8929ac59df22ff583de038fb53fff0e9b2f5cd8d9b28c9fa02dcfe84e3db16,consistent,0,1,c104be61915cdac670bbb8638ba6ca772a813feb820d47de017e4ee487c2dd10,D8,D8,,{},operator-corrective-review-v2,full-ontology-resolution-v2,Reviewed provider-specific unresolved term,full-ontology-resolution/pilot-provider-workbook.csv
cookidoo,ingredient-topology-v1,com.vorwerk.ingredients.Ingredient-rpf,com.vorwerk.ingredients.Ingredient-rpf-8717,pig foot tendon,2f0b460db71b076abf9ff4904d7c6250744a6ae31d6cd07d3d49402f3f37dcbd,consistent,0,1,ab9bfb44f8b42e2b83a8df0014d616968e1e19788995a7a52fe1ee0a7351095f,D8,D8,,{},operator-corrective-review-v2,full-ontology-resolution-v2,Reviewed provider-specific unresolved term,full-ontology-resolution/pilot-provider-workbook.csv
cookidoo,ingredient-topology-v1,com.vorwerk.ingredients.Ingredient-rpf,com.vorwerk.ingredients.Ingredient-rpf-8726,banana flour,c9b9644e799598621746e52d8bb4d733be681d519984d4d6b2bb9de0d615fc4c,consistent,0,1,5340b3e8e1d2421aff34869c213dba41bc117c2ab8b4ee0b8041ec70e670dab4,D8,D8,,{},operator-corrective-review-v2,full-ontology-resolution-v2,Reviewed provider-specific unresolved term,full-ontology-resolution/pilot-provider-workbook.csv
cookidoo,ingredient-topology-v1,com.vorwerk.ingredients.Ingredient-rpf,com.vorwerk.ingredients.Ingredient-rpf-8756,"molasses, any kind",a4bbe0917b12ab1115d0f7ff2b2f107632951110cc573be0d514091d5a498ece,consistent,1,1,282134f23b1fbbb05c64d5ef1351ef3a63875f35d42e166a6366d79b81701638,D8,D8,,{},operator-corrective-review-v2,full-ontology-resolution-v2,Reviewed provider-specific unresolved term,full-ontology-resolution/pilot-provider-workbook.csv
cookidoo,ingredient-topology-v1,com.vorwerk.ingredients.Ingredient-rpf,com.vorwerk.ingredients.Ingredient-rpf-88,"turmeric, dried, ground",ea1c940011ed23e950610104639d5eb6fb278cda960ed762fcaf87796ec11371,consistent,0,9,906fa57c2d545215028751b968a504a17a661360b48e76f7e2f4cc0f1cbacb06,D8,D8,,{},operator-corrective-review-v2,full-ontology-resolution-v2,Reviewed provider-specific unresolved term,full-ontology-resolution/pilot-provider-workbook.csv
cookidoo,ingredient-topology-v1,com.vorwerk.ingredients.Ingredient-rpf,com.vorwerk.ingredients.Ingredient-rpf-8835,"Mexican oregano, dried",f57c9d98dfb4ae53cc5c25ae976fb2f9207a622bdaeaf5945d076c1873adadf8,consistent,0,2,4babe0bf313970ecaa6d611de09410e3e841c27ccc6a0fbaaf0e230f65dda2f1,D8,D8,,{},operator-corrective-review-v2,full-ontology-resolution-v2,Reviewed provider-specific unresolved term,full-ontology-resolution/pilot-provider-workbook.csv
cookidoo,ingredient-topology-v1,com.vorwerk.ingredients.Ingredient-rpf,com.vorwerk.ingredients.Ingredient-rpf-89,plain yoghurt,b44e434fbdb0f7f07f28a5418028c4db1c477fe2804a2e1b5039393cf77ca7c2,consistent,0,5,51fbf4ce8fb89d7013198a0b23e0bea03e59245d36dad59ce8e11853c871dcde,D8,D8,,{},operator-corrective-review-v2,full-ontology-resolution-v2,Reviewed provider-specific unresolved term,full-ontology-resolution/pilot-provider-workbook.csv
cookidoo,ingredient-topology-v1,com.vorwerk.ingredients.Ingredient-rpf,com.vorwerk.ingredients.Ingredient-rpf-8997,"vigna mungo, dried, whole",a523753d9b7ecf1c87cd80c1a9c50e765ae6b18b9e046158381ec58f1872d399,consistent,0,1,e77b10c21054992f828028754a4aac9fe5118cb513d1e233daece0f7f21694e4,D8,D8,,{},operator-corrective-review-v2,full-ontology-resolution-v2,Reviewed provider-specific unresolved term,full-ontology-resolution/pilot-provider-workbook.csv
cookidoo,ingredient-topology-v1,com.vorwerk.ingredients.Ingredient-rpf,com.vorwerk.ingredients.Ingredient-rpf-9,sugar,cc767fb1c6efc232caf9dd1f6e853d853b58ddd2c058c8820320e69d755c18fb,consistent,0,56,c0f7b40a410115d498facb9f50b20d384489052eeb67f2d8f8da13651cdb56c0,D8,D8,,{},operator-corrective-review-v2,full-ontology-resolution-v2,Reviewed provider-specific unresolved term,full-ontology-resolution/pilot-provider-workbook.csv
cookidoo,ingredient-topology-v1,com.vorwerk.ingredients.Ingredient-rpf,com.vorwerk.ingredients.Ingredient-rpf-90,"chicken breast fillet, skinless",6f8c891cc503e0d1ab2fa533691e682864abd0bfc96c8ad10a02552befa4ba11,consistent,0,5,fcdba833506714614aec53f9877ec89e1ec394cb6fa6ee6d76ef20181af42d8f,D8,D8,,{},operator-corrective-review-v2,full-ontology-resolution-v2,Reviewed provider-specific unresolved term,full-ontology-resolution/pilot-provider-workbook.csv
cookidoo,ingredient-topology-v1,com.vorwerk.ingredients.Ingredient-rpf,com.vorwerk.ingredients.Ingredient-rpf-9010,protein powder,4d356cf5726d5088ffbae078a49d6a01cc2828fb58f33e867df2fc3093a3d2ed,consistent,0,1,32c26a4ee8b8b055ccbb88f7cded509e7a6e773be2cd99e9a0040d04fae9c3a6,D8,D8,,{},operator-corrective-review-v2,full-ontology-resolution-v2,Reviewed provider-specific unresolved term,full-ontology-resolution/pilot-provider-workbook.csv
cookidoo,ingredient-topology-v1,com.vorwerk.ingredients.Ingredient-rpf,com.vorwerk.ingredients.Ingredient-rpf-91,coconut milk,69ee4b5bc8e1c92dbc567c463def732a20fb9c51d3abf3ac030a25f663636f2f,consistent,0,8,ee3ddaf29c7b29b512b14ec8cdccebd44668e2d862d9b727fac141a9de5653a6,D8,D8,,{},operator-corrective-review-v2,full-ontology-resolution-v2,Reviewed provider-specific unresolved term,full-ontology-resolution/pilot-provider-workbook.csv
cookidoo,ingredient-topology-v1,com.vorwerk.ingredients.Ingredient-rpf,com.vorwerk.ingredients.Ingredient-rpf-9139,"chilli, type Fresno, fresh",8503d3f9cf29fd5c7f104620636b64aa8258ece35509edd0f40a460cf90122e5,consistent,0,1,b2e7e06b81fd159044ee6e53343f2e5f885ba8d5f7791a52498eb994ffe3272a,D8,D8,,{},operator-corrective-review-v2,full-ontology-resolution-v2,Reviewed provider-specific unresolved term,full-ontology-resolution/pilot-provider-workbook.csv
cookidoo,ingredient-topology-v1,com.vorwerk.ingredients.Ingredient-rpf,com.vorwerk.ingredients.Ingredient-rpf-91722,"maize meal, medium",7c72e2e37f3e39d4ae3022107984d13f3c25ecf39397d291d400dfb67d4bf9b1,consistent,0,1,a066a33c6331c35c4c2190e9152cd4aa8f2e9679c3ba2a08ec11d852589355ef,D8,D8,,{},operator-corrective-review-v2,full-ontology-resolution-v2,Reviewed provider-specific unresolved term,full-ontology-resolution/pilot-provider-workbook.csv
cookidoo,ingredient-topology-v1,com.vorwerk.ingredients.Ingredient-rpf,com.vorwerk.ingredients.Ingredient-rpf-92788,"pecan nut, chopped",34aa3d0c341563616306fd58b9374b82c09a70a14b4857ed3ea3768e1fe7cb6c,consistent,0,1,3ffe1cb52c68b3b09a2cee6da2f4c8b999c4e637d682b310616824d22a924b8d,D8,D8,,{},operator-corrective-review-v2,full-ontology-resolution-v2,Reviewed provider-specific unresolved term,full-ontology-resolution/pilot-provider-workbook.csv
cookidoo,ingredient-topology-v1,com.vorwerk.ingredients.Ingredient-rpf,com.vorwerk.ingredients.Ingredient-rpf-936,cider vinegar,7844efb394a4a39658c6ede90cee85b4e2450820a70e166b1239acfbe9a925ed,consistent,0,9,fa430207cff854a1b239270c7c3b8cd661dbc3094c1cda9e779fb744ad37900d,D8,D8,,{},operator-corrective-review-v2,full-ontology-resolution-v2,Reviewed provider-specific unresolved term,full-ontology-resolution/pilot-provider-workbook.csv
cookidoo,ingredient-topology-v1,com.vorwerk.ingredients.Ingredient-rpf,com.vorwerk.ingredients.Ingredient-rpf-9371,garlic paste,b4f25880f914605e5527a7ea8f6d0d6434318a7194e1b75548f5c3339aa425fd,consistent,0,4,af21d91997c5caf439a8fb4f58eab0eb8058e5359afa3cad2b59bd6dfc6babf9,D8,D8,,{},operator-corrective-review-v2,full-ontology-resolution-v2,Reviewed provider-specific unresolved term,full-ontology-resolution/pilot-provider-workbook.csv
cookidoo,ingredient-topology-v1,com.vorwerk.ingredients.Ingredient-rpf,com.vorwerk.ingredients.Ingredient-rpf-94,"rosemary, fresh",2c9ac714b1a7a4630de1df691b6373e9c48c9e7fd517b8d9b42b014c5a952497,consistent,0,12,128a579d1f6da90b783a000a368b498e5c0398bff2086f4f943c9bbefa24a834,D8,D8,,{},operator-corrective-review-v2,full-ontology-resolution-v2,Reviewed provider-specific unresolved term,full-ontology-resolution/pilot-provider-workbook.csv
cookidoo,ingredient-topology-v1,com.vorwerk.ingredients.Ingredient-rpf,com.vorwerk.ingredients.Ingredient-rpf-94875,red chilli oil,7b5924f0e6687ec66e4b7041f42b98bc32b1e4dffd091a1bee85a5f435707aca,consistent,0,1,becbacd9f7d19e320ef269542f41ef34f452f3a67ba58ab4a9ee265d4aadb147,D8,D8,,{},operator-corrective-review-v2,full-ontology-resolution-v2,Reviewed provider-specific unresolved term,full-ontology-resolution/pilot-provider-workbook.csv
cookidoo,ingredient-topology-v1,com.vorwerk.ingredients.Ingredient-rpf,com.vorwerk.ingredients.Ingredient-rpf-95,cumin seed,aa26bebf41f0aa11b86e366472c036503a30d333e5039fb8b685d6bc456016c3,consistent,0,5,ed377d9d4de2a1e1f3d808c1291d93f0edf9c483648e06d9907d82969a9845ea,D8,D8,,{},operator-corrective-review-v2,full-ontology-resolution-v2,Reviewed provider-specific unresolved term,full-ontology-resolution/pilot-provider-workbook.csv
cookidoo,ingredient-topology-v1,com.vorwerk.ingredients.Ingredient-rpf,com.vorwerk.ingredients.Ingredient-rpf-953,poppy seed,ea4302d71bb388b7c8582eaba78d7f5b52d2cf52a6adad003971d30a3ea10d0a,consistent,0,1,f4e62854e2784470515d8cc11ef0daed17ba22723dec4140dad32d4156615ce1,D8,D8,,{},operator-corrective-review-v2,full-ontology-resolution-v2,Reviewed provider-specific unresolved term,full-ontology-resolution/pilot-provider-workbook.csv
cookidoo,ingredient-topology-v1,com.vorwerk.ingredients.Ingredient-rpf,com.vorwerk.ingredients.Ingredient-rpf-95426,"pumpkin pie filling, canned",aa1bc928a953950f5f7663e44a00bfb60337e2ef9b015c9ef12b951283e2cdb7,consistent,0,1,dd5cfdb96f98598791c943ca7cc7eab60c572115e20e33fe51eddc661daab576,D8,D8,,{},operator-corrective-review-v2,full-ontology-resolution-v2,Reviewed provider-specific unresolved term,full-ontology-resolution/pilot-provider-workbook.csv
cookidoo,ingredient-topology-v1,com.vorwerk.ingredients.Ingredient-rpf,com.vorwerk.ingredients.Ingredient-rpf-955,beef mince,9e0178fac2c9809cd5065bee03a974d9974506ed4e9cfdfc7d5923dd48d503a4,consistent,0,1,a46de95f6669d3c2c3e0a941da7c32efe78a85e6c6d5d0b8b35f50046cc6a017,D8,D8,,{},operator-corrective-review-v2,full-ontology-resolution-v2,Reviewed provider-specific unresolved term,full-ontology-resolution/pilot-provider-workbook.csv
cookidoo,ingredient-topology-v1,com.vorwerk.ingredients.Ingredient-rpf,com.vorwerk.ingredients.Ingredient-rpf-956,pork mince,0e4a347952d4e29b831852c491c695d9f8aca1f24765691f3660827bbff79b5f,consistent,0,1,e3174d2a3eb097e569b1234adc1e16c4035911b1bb7ca6f43c3fcb5d242b308a,D8,D8,,{},operator-corrective-review-v2,full-ontology-resolution-v2,Reviewed provider-specific unresolved term,full-ontology-resolution/pilot-provider-workbook.csv
cookidoo,ingredient-topology-v1,com.vorwerk.ingredients.Ingredient-rpf,com.vorwerk.ingredients.Ingredient-rpf-958,minced meat,01a13fcba88cb72325e05dde23e71d755872cdffa402269d50157d8248a26809,consistent,0,1,c83f4fcbc320afc281e7e5ad3a188d678a8e297795bc2875b852a637ec2a7f6b,D8,D8,,{},operator-corrective-review-v2,full-ontology-resolution-v2,Reviewed provider-specific unresolved term,full-ontology-resolution/pilot-provider-workbook.csv
cookidoo,ingredient-topology-v1,com.vorwerk.ingredients.Ingredient-rpf,com.vorwerk.ingredients.Ingredient-rpf-96,"lemon grass, fresh",0f2f410c43b5ba5b3252017c132f437bd5ea0ed4cee8965ae17b9f0cfb77387f,consistent,0,3,94b5208230b305f95c61e5a693ba5d221e71625b9665aaca12017819bbc8cf7e,D8,D8,,{},operator-corrective-review-v2,full-ontology-resolution-v2,Reviewed provider-specific unresolved term,full-ontology-resolution/pilot-provider-workbook.csv
cookidoo,ingredient-topology-v1,com.vorwerk.ingredients.Ingredient-rpf,com.vorwerk.ingredients.Ingredient-rpf-960,"spinach leaf, frozen",ea348defe06faf9fa2e1abc851c63b75c60f777df773e681c349816c36d36417,consistent,0,3,d3eac06445464218dc2c4029d217a1689f504fb2d6dc6324177edae9e5c60a2b,D8,D8,,{},operator-corrective-review-v2,full-ontology-resolution-v2,Reviewed provider-specific unresolved term,full-ontology-resolution/pilot-provider-workbook.csv
cookidoo,ingredient-topology-v1,com.vorwerk.ingredients.Ingredient-rpf,com.vorwerk.ingredients.Ingredient-rpf-961,"baby spinach, fresh",0c47f5bf93a2632e28e3022665def9425b812f7f2844c2643bba1f5a5e470808,consistent,0,13,a71050b3d363434ebf6d2993c6a68b3f63dcad091babd137174378725d33e5ce,D8,D8,,{},operator-corrective-review-v2,full-ontology-resolution-v2,Reviewed provider-specific unresolved term,full-ontology-resolution/pilot-provider-workbook.csv
cookidoo,ingredient-topology-v1,com.vorwerk.ingredients.Ingredient-rpf,com.vorwerk.ingredients.Ingredient-rpf-962,"saffron, ground",9c9f4f8a62a7eeaff5e69124f21e976f40259652d9765e82ad5f3e783d2b2ad1,consistent,0,1,2b7e077b717d317a3d5eb8b65b099453cc93424814143adfd68f17cea21c4c7f,D8,D8,,{},operator-corrective-review-v2,full-ontology-resolution-v2,Reviewed provider-specific unresolved term,full-ontology-resolution/pilot-provider-workbook.csv
cookidoo,ingredient-topology-v1,com.vorwerk.ingredients.Ingredient-rpf,com.vorwerk.ingredients.Ingredient-rpf-963,"peanut, roasted (in oil or dry), salted",e69d5c8d48bca4e18ca54fb475834300a3de7f0c8cc57bf6b9a49fe602b4de01,consistent,0,3,9a3beb983e157a5af0c82b3e8d5dca8c7b255d96bd223d40e3ea3d7c4e0d4334,D8,D8,,{},operator-corrective-review-v2,full-ontology-resolution-v2,Reviewed provider-specific unresolved term,full-ontology-resolution/pilot-provider-workbook.csv
cookidoo,ingredient-topology-v1,com.vorwerk.ingredients.Ingredient-rpf,com.vorwerk.ingredients.Ingredient-rpf-97,cocoa powder (all types),31b2f96bc483f8891a2b1731f371c7fdb3e09f6d17e1c97ee98efeec001f1b58,consistent,1,2,e96919fd7298584191afd375f3d143166ade3096cbdd4c8f569673876069097e,D8,D8,,{},operator-corrective-review-v2,full-ontology-resolution-v2,Reviewed provider-specific unresolved term,full-ontology-resolution/pilot-provider-workbook.csv
cookidoo,ingredient-topology-v1,com.vorwerk.ingredients.Ingredient-rpf,com.vorwerk.ingredients.Ingredient-rpf-9702,"garlic, black",f924acc6c029724d0c74df25c868fd4b1f6981157c7a02e2456440daf57ad830,consistent,0,1,05055c36ab3b56613f1d2aba4b703aac7be9553bc37b3d6a6d0f91b000d60a00,D8,D8,,{},operator-corrective-review-v2,full-ontology-resolution-v2,Reviewed provider-specific unresolved term,full-ontology-resolution/pilot-provider-workbook.csv
cookidoo,ingredient-topology-v1,com.vorwerk.ingredients.Ingredient-rpf,com.vorwerk.ingredients.Ingredient-rpf-97609,"piri piri chilli, dried, ground",eb7ce98d904f9b8d73bc0d80c26100a54432d27ee6db4ae2ea4f0a17080f57e3,consistent,0,1,2a1740cdf88adbd815b9ddc8353fcff2c8d10ac4b7d451e672e7759d87051a40,D8,D8,,{},operator-corrective-review-v2,full-ontology-resolution-v2,Reviewed provider-specific unresolved term,full-ontology-resolution/pilot-provider-workbook.csv
cookidoo,ingredient-topology-v1,com.vorwerk.ingredients.Ingredient-rpf,com.vorwerk.ingredients.Ingredient-rpf-97667,tomato-garlic pasta sauce,436c6925969ec9373105be7880d44b91aee80d912f69da40884b55bfa26562ee,consistent,0,1,b660b81fa6106a0da71f1a59a329e01ec32813fd9babd4f4e3c9b5256d374a58,D8,D8,,{},operator-corrective-review-v2,full-ontology-resolution-v2,Reviewed provider-specific unresolved term,full-ontology-resolution/pilot-provider-workbook.csv
cookidoo,ingredient-topology-v1,com.vorwerk.ingredients.Ingredient-rpf,com.vorwerk.ingredients.Ingredient-rpf-98035,"pita bread, large",e4336dd2949b3aef9defb0fa3f75dc55d2fd776f6256862562c40022318e1762,consistent,0,1,b5785424db4b02664fb5b1b422244ca3fe291bf4185ec171c28ab8de4c3cbc80,D8,D8,,{},operator-corrective-review-v2,full-ontology-resolution-v2,Reviewed provider-specific unresolved term,full-ontology-resolution/pilot-provider-workbook.csv
cookidoo,ingredient-topology-v1,com.vorwerk.ingredients.Ingredient-rpf,com.vorwerk.ingredients.Ingredient-rpf-98037,Egyptian rice,e6840e48a93571fa99db8e3932acd96a7bbc8ade2379b48e55bd1d397758a4f6,consistent,0,1,217e8226a021bf0328e8547f243cd8c55df680ad0ea18c8e5af68b2fe6aae467,D8,D8,,{},operator-corrective-review-v2,full-ontology-resolution-v2,Reviewed provider-specific unresolved term,full-ontology-resolution/pilot-provider-workbook.csv
cookidoo,ingredient-topology-v1,com.vorwerk.ingredients.Ingredient-rpf,com.vorwerk.ingredients.Ingredient-rpf-982,"rosemary, dried, chopped",9c6e73b4b1e5641144913b082724fb10fa2188a3835a736e985f290f558bd526,consistent,0,1,67a6343fce1ecf593f2dbdb2cdd2a99fc23c3611152b27525d3874341bccb44d,D8,D8,,{},operator-corrective-review-v2,full-ontology-resolution-v2,Reviewed provider-specific unresolved term,full-ontology-resolution/pilot-provider-workbook.csv
cookidoo,ingredient-topology-v1,com.vorwerk.ingredients.Ingredient-rpf,com.vorwerk.ingredients.Ingredient-rpf-986,"thyme, dried",7a134e80d2c551c53f3e6be78004e4937a9061f7e547b88612a589f7d313412b,consistent,0,6,f1170ee065fbb39205f0526ade99bc4e9581d980a75e4a4ac0033a1a6e2d6c6d,D8,D8,,{},operator-corrective-review-v2,full-ontology-resolution-v2,Reviewed provider-specific unresolved term,full-ontology-resolution/pilot-provider-workbook.csv
cookidoo,ingredient-topology-v1,com.vorwerk.ingredients.Ingredient-rpf,com.vorwerk.ingredients.Ingredient-rpf-98923,"chicken thigh, boneless",d63df9786dfc7ddaafa6e72043315af058e62f5e8d902fa5695ff55d55eaa03e,consistent,0,2,a2e692ed53bac056cec6b57b0dd8c9d983c8424f9b0ba74763e33db38d891ede,D8,D8,,{},operator-corrective-review-v2,full-ontology-resolution-v2,Reviewed provider-specific unresolved term,full-ontology-resolution/pilot-provider-workbook.csv
cookidoo,ingredient-topology-v1,com.vorwerk.ingredients.Ingredient-rpf,com.vorwerk.ingredients.Ingredient-rpf-99,"vanilla extract, natural",7445dd304c7ca5d527a51e2ee0a08ee621997e6bb7a4572848008c6017347e93,consistent,0,14,29ddcfc1b9b14ac3c7d41dd71bd06dd22926895533e4e55709a23c6984e101c1,D8,D8,,{},operator-corrective-review-v2,full-ontology-resolution-v2,Reviewed provider-specific unresolved term,full-ontology-resolution/pilot-provider-workbook.csv
cookidoo,ingredient-topology-v1,com.vorwerk.ingredients.Ingredient-rpf,com.vorwerk.ingredients.Ingredient-rpf-9985,"water, ice cold",10ecee0b955f5dbfb76ab6df865edcabc45c0aa62b7e5acd51d533eca0d770f3,consistent,0,1,d6302757cd7229ff494a5dd9c0c4dd6773f5baae3ecf521b833f3cd4fd985046,D8,D8,,{},operator-corrective-review-v2,full-ontology-resolution-v2,Reviewed provider-specific unresolved term,full-ontology-resolution/pilot-provider-workbook.csv
cookidoo,ingredient-topology-v1,com.vorwerk.ingredients.Ingredient-rpf,com.vorwerk.ingredients.Ingredient-rpf-9991,clamato,3d9182720243599e086b5124af38a1e8dff967d5c43ed3096c37e0397ab88779,consistent,0,2,98559b156a4936232543d5450acf8b18099052003aadc7000d86413dbc021aba,D8,D8,,{},operator-corrective-review-v2,full-ontology-resolution-v2,Reviewed provider-specific unresolved term,full-ontology-resolution/pilot-provider-workbook.csv
