id,polarity,label,language,expected_status,expected_entity_slug,expected_attributes,context,source_citation,reviewer,rationale
independent-holdout-positive-001,positive,(WATER),und,accepted,water,{},{},curated-ontology-v3-review-fixes/eval-ontology-audit.json,operator-corrective-review-v2,Independent holdout surface-form review; not an ingest manifest row
independent-holdout-positive-002,positive,(SALT),und,accepted,salt,{},{},curated-ontology-v3-review-fixes/eval-ontology-audit.json,operator-corrective-review-v2,Independent holdout surface-form review; not an ingest manifest row
independent-holdout-positive-003,positive,(SALZ),de,accepted,salt,{},"{""cohort"":""de""}",curated-ontology-v3-review-fixes/eval-ontology-audit.json,operator-corrective-review-v2,Independent holdout surface-form review; not an ingest manifest row
independent-holdout-positive-004,positive,(GROUND BLACK PEPPER),en,accepted,piper-pepper,"{""form"":""ground"",""variety"":""black""}",{},curated-ontology-v3-review-fixes/eval-ontology-audit.json,operator-corrective-review-v2,Independent holdout surface-form review; not an ingest manifest row
independent-holdout-positive-005,positive,(WASSER),de,accepted,water,{},"{""cohort"":""de""}",curated-ontology-v3-review-fixes/eval-ontology-audit.json,operator-corrective-review-v2,Independent holdout surface-form review; not an ingest manifest row
independent-holdout-positive-006,positive,(GARLIC CLOVES),und,accepted,garlic,"{""form"":""clove""}",{},curated-ontology-v3-review-fixes/eval-ontology-audit.json,operator-corrective-review-v2,Independent holdout surface-form review; not an ingest manifest row
independent-holdout-positive-007,positive,(BUTTER),und,accepted,butter,{},{},curated-ontology-v3-review-fixes/eval-ontology-audit.json,operator-corrective-review-v2,Independent holdout surface-form review; not an ingest manifest row
independent-holdout-positive-008,positive,(D EAU),und,accepted,water,{},{},curated-ontology-v3-review-fixes/eval-ontology-audit.json,operator-corrective-review-v2,Independent holdout surface-form review; not an ingest manifest row
independent-holdout-positive-009,positive,(UNSALTED BUTTER),en,accepted,butter,"{""saltedness"":""unsalted""}",{},curated-ontology-v3-review-fixes/eval-ontology-audit.json,operator-corrective-review-v2,Independent holdout surface-form review; not an ingest manifest row
independent-holdout-positive-010,positive,(DE SEL),fr,accepted,salt,{},"{""cohort"":""fr""}",curated-ontology-v3-review-fixes/eval-ontology-audit.json,operator-corrective-review-v2,Independent holdout surface-form review; not an ingest manifest row
independent-holdout-positive-011,positive,(OLIVE OIL),en,accepted,oil,"{""variety"":""olive""}",{},curated-ontology-v3-review-fixes/eval-ontology-audit.json,operator-corrective-review-v2,Independent holdout surface-form review; not an ingest manifest row
independent-holdout-positive-012,positive,(FINE SEA SALT),en,accepted,salt,"{""form"":""fine"",""salt_class"":""sea""}",{},curated-ontology-v3-review-fixes/eval-ontology-audit.json,operator-corrective-review-v2,Independent holdout surface-form review; not an ingest manifest row
independent-holdout-positive-013,positive,(SUGAR),und,accepted,sugar,{},{},curated-ontology-v3-review-fixes/eval-ontology-audit.json,operator-corrective-review-v2,Independent holdout surface-form review; not an ingest manifest row
independent-holdout-positive-014,positive,(ZUCKER),de,accepted,sugar,{},"{""cohort"":""de""}",curated-ontology-v3-review-fixes/eval-ontology-audit.json,operator-corrective-review-v2,Independent holdout surface-form review; not an ingest manifest row
independent-holdout-positive-015,positive,(PFEFFER),de,accepted,piper-pepper,{},"{""cohort"":""de""}",curated-ontology-v3-review-fixes/eval-ontology-audit.json,operator-corrective-review-v2,Independent holdout surface-form review; not an ingest manifest row
independent-holdout-positive-016,positive,(DI SALE),it,accepted,salt,{},"{""cohort"":""it""}",curated-ontology-v3-review-fixes/eval-ontology-audit.json,operator-corrective-review-v2,Independent holdout surface-form review; not an ingest manifest row
independent-holdout-positive-017,positive,(EXTRA VIRGIN OLIVE OIL),en,accepted,oil,"{""variety"":""olive""}",{},curated-ontology-v3-review-fixes/eval-ontology-audit.json,operator-corrective-review-v2,Independent holdout surface-form review; not an ingest manifest row
independent-holdout-positive-018,positive,(SAL),und,accepted,salt,{},{},curated-ontology-v3-review-fixes/eval-ontology-audit.json,operator-corrective-review-v2,Independent holdout surface-form review; not an ingest manifest row
independent-holdout-positive-019,positive,(D'HUILE D'OLIVE),fr,accepted,oil,"{""variety"":""olive""}","{""cohort"":""fr""}",curated-ontology-v3-review-fixes/eval-ontology-audit.json,operator-corrective-review-v2,Independent holdout surface-form review; not an ingest manifest row
independent-holdout-positive-020,positive,(GARLIC CLOVE),en,accepted,garlic,"{""form"":""clove""}",{},curated-ontology-v3-review-fixes/eval-ontology-audit.json,operator-corrective-review-v2,Independent holdout surface-form review; not an ingest manifest row
independent-holdout-positive-021,positive,(PLAIN FLOUR),en,accepted,flour,"{""form"":""flour"",""refinement"":""plain""}",{},curated-ontology-v3-review-fixes/eval-ontology-audit.json,operator-corrective-review-v2,Independent holdout surface-form review; not an ingest manifest row
independent-holdout-positive-022,positive,(ÁGUA),pt,accepted,water,{},"{""cohort"":""pt""}",curated-ontology-v3-review-fixes/eval-ontology-audit.json,operator-corrective-review-v2,Independent holdout surface-form review; not an ingest manifest row
independent-holdout-positive-023,positive,(LEMON JUICE),und,accepted,lemon-juice,{},{},curated-ontology-v3-review-fixes/eval-ontology-audit.json,operator-corrective-review-v2,Independent holdout surface-form review; not an ingest manifest row
independent-holdout-positive-024,positive,(SEA SALT),en,accepted,salt,"{""salt_class"":""sea""}",{},curated-ontology-v3-review-fixes/eval-ontology-audit.json,operator-corrective-review-v2,Independent holdout surface-form review; not an ingest manifest row
independent-holdout-positive-025,positive,(AZEITE),pt,accepted,oil,"{""variety"":""olive""}","{""cohort"":""pt""}",curated-ontology-v3-review-fixes/eval-ontology-audit.json,operator-corrective-review-v2,Independent holdout surface-form review; not an ingest manifest row
independent-holdout-positive-026,positive,(MEHL),de,accepted,flour,"{""form"":""flour""}","{""cohort"":""de""}",curated-ontology-v3-review-fixes/eval-ontology-audit.json,operator-corrective-review-v2,Independent holdout surface-form review; not an ingest manifest row
independent-holdout-positive-027,positive,(DE SAL),es,accepted,salt,{},"{""cohort"":""es""}",curated-ontology-v3-review-fixes/eval-ontology-audit.json,operator-corrective-review-v2,Independent holdout surface-form review; not an ingest manifest row
independent-holdout-positive-028,positive,(OLIVENÖL),de,accepted,oil,"{""variety"":""olive""}","{""cohort"":""de""}",curated-ontology-v3-review-fixes/eval-ontology-audit.json,operator-corrective-review-v2,Independent holdout surface-form review; not an ingest manifest row
independent-holdout-positive-029,positive,(EIER),de,accepted,egg,"{""egg_part"":""whole""}","{""cohort"":""de""}",curated-ontology-v3-review-fixes/eval-ontology-audit.json,operator-corrective-review-v2,Independent holdout surface-form review; not an ingest manifest row
independent-holdout-positive-030,positive,(DI ACQUA),it,accepted,water,{},"{""cohort"":""it""}",curated-ontology-v3-review-fixes/eval-ontology-audit.json,operator-corrective-review-v2,Independent holdout surface-form review; not an ingest manifest row
independent-holdout-positive-031,positive,(MILCH),de,accepted,milk,{},"{""cohort"":""de""}",curated-ontology-v3-review-fixes/eval-ontology-audit.json,operator-corrective-review-v2,Independent holdout surface-form review; not an ingest manifest row
independent-holdout-positive-032,positive,(ONIONS),en,accepted,onion,{},{},curated-ontology-v3-review-fixes/eval-ontology-audit.json,operator-corrective-review-v2,Independent holdout surface-form review; not an ingest manifest row
independent-holdout-positive-033,positive,(MILK),und,accepted,milk,{},{},curated-ontology-v3-review-fixes/eval-ontology-audit.json,operator-corrective-review-v2,Independent holdout surface-form review; not an ingest manifest row
independent-holdout-positive-034,positive,(BAKING POWDER),und,accepted,baking-powder,"{""form"":""powder""}",{},curated-ontology-v3-review-fixes/eval-ontology-audit.json,operator-corrective-review-v2,Independent holdout surface-form review; not an ingest manifest row
independent-holdout-positive-035,positive,(EGGS),und,accepted,egg,"{""egg_part"":""whole""}",{},curated-ontology-v3-review-fixes/eval-ontology-audit.json,operator-corrective-review-v2,Independent holdout surface-form review; not an ingest manifest row
independent-holdout-positive-036,positive,(DE AGUA),es,accepted,water,{},"{""cohort"":""es""}",curated-ontology-v3-review-fixes/eval-ontology-audit.json,operator-corrective-review-v2,Independent holdout surface-form review; not an ingest manifest row
independent-holdout-positive-037,positive,(CASTER SUGAR),en,accepted,sugar,"{""refinement"":""caster""}",{},curated-ontology-v3-review-fixes/eval-ontology-audit.json,operator-corrective-review-v2,Independent holdout surface-form review; not an ingest manifest row
independent-holdout-positive-038,positive,(HONEY),und,accepted,honey,{},{},curated-ontology-v3-review-fixes/eval-ontology-audit.json,operator-corrective-review-v2,Independent holdout surface-form review; not an ingest manifest row
independent-holdout-positive-039,positive,(CARROTS),en,accepted,carrot,{},{},curated-ontology-v3-review-fixes/eval-ontology-audit.json,operator-corrective-review-v2,Independent holdout surface-form review; not an ingest manifest row
independent-holdout-positive-040,positive,(KNOBLAUCHZEHE),de,accepted,garlic,"{""form"":""clove""}","{""cohort"":""de""}",curated-ontology-v3-review-fixes/eval-ontology-audit.json,operator-corrective-review-v2,Independent holdout surface-form review; not an ingest manifest row
independent-holdout-positive-041,positive,(ZWIEBELN),de,accepted,onion,{},"{""cohort"":""de""}",curated-ontology-v3-review-fixes/eval-ontology-audit.json,operator-corrective-review-v2,Independent holdout surface-form review; not an ingest manifest row
independent-holdout-positive-042,positive,(LEMON),und,accepted,lemon,{},{},curated-ontology-v3-review-fixes/eval-ontology-audit.json,operator-corrective-review-v2,Independent holdout surface-form review; not an ingest manifest row
independent-holdout-positive-043,positive,(ÖL),de,accepted,oil,{},"{""cohort"":""de""}",curated-ontology-v3-review-fixes/eval-ontology-audit.json,operator-corrective-review-v2,Independent holdout surface-form review; not an ingest manifest row
independent-holdout-positive-044,positive,(DE POIVRE MOULU),fr,accepted,piper-pepper,"{""form"":""ground""}","{""cohort"":""fr""}",curated-ontology-v3-review-fixes/eval-ontology-audit.json,operator-corrective-review-v2,Independent holdout surface-form review; not an ingest manifest row
independent-holdout-positive-045,positive,(GROUND CINNAMON),en,accepted,cinnamon,"{""form"":""ground""}",{},curated-ontology-v3-review-fixes/eval-ontology-audit.json,operator-corrective-review-v2,Independent holdout surface-form review; not an ingest manifest row
independent-holdout-positive-046,positive,(DE BEURRE),fr,accepted,butter,{},"{""cohort"":""fr""}",curated-ontology-v3-review-fixes/eval-ontology-audit.json,operator-corrective-review-v2,Independent holdout surface-form review; not an ingest manifest row
independent-holdout-positive-047,positive,(PARMESAN CHEESE),en,accepted,parmesan,{},{},curated-ontology-v3-review-fixes/eval-ontology-audit.json,operator-corrective-review-v2,Independent holdout surface-form review; not an ingest manifest row
independent-holdout-positive-048,positive,(ZITRONENSAFT),de,accepted,lemon-juice,{},"{""cohort"":""de""}",curated-ontology-v3-review-fixes/eval-ontology-audit.json,operator-corrective-review-v2,Independent holdout surface-form review; not an ingest manifest row
independent-holdout-positive-049,positive,(SOLI),pl,accepted,salt,{},"{""cohort"":""pl""}",curated-ontology-v3-review-fixes/eval-ontology-audit.json,operator-corrective-review-v2,Independent holdout surface-form review; not an ingest manifest row
independent-holdout-positive-050,positive,(KNOBLAUCHZEHEN),de,accepted,garlic,"{""form"":""clove""}","{""cohort"":""de""}",curated-ontology-v3-review-fixes/eval-ontology-audit.json,operator-corrective-review-v2,Independent holdout surface-form review; not an ingest manifest row
independent-holdout-positive-051,positive,(DE SUCRE EN POUDRE),fr,accepted,sugar,"{""refinement"":""granulated""}","{""cohort"":""fr""}",curated-ontology-v3-review-fixes/eval-ontology-audit.json,operator-corrective-review-v2,Independent holdout surface-form review; not an ingest manifest row
independent-holdout-positive-052,positive,(CEBOLA),pt,accepted,onion,{},"{""cohort"":""pt""}",curated-ontology-v3-review-fixes/eval-ontology-audit.json,operator-corrective-review-v2,Independent holdout surface-form review; not an ingest manifest row
independent-holdout-positive-053,positive,(PIMENTA),pt,accepted,piper-pepper,{},"{""cohort"":""pt""}",curated-ontology-v3-review-fixes/eval-ontology-audit.json,operator-corrective-review-v2,Independent holdout surface-form review; not an ingest manifest row
independent-holdout-positive-054,positive,(VEGETABLE OIL),en,accepted,oil,"{""variety"":""vegetable""}",{},curated-ontology-v3-review-fixes/eval-ontology-audit.json,operator-corrective-review-v2,Independent holdout surface-form review; not an ingest manifest row
independent-holdout-positive-055,positive,(GEWÜRZPASTE FÜR GEMÜSEBRÜHE SELBST GEMACHT),de,accepted,stock-paste,"{""variety"":""vegetable""}","{""cohort"":""de""}",curated-ontology-v3-review-fixes/eval-ontology-audit.json,operator-corrective-review-v2,Independent holdout surface-form review; not an ingest manifest row
independent-holdout-positive-056,positive,(DE FARINE DE BLÉ),fr,accepted,flour,"{""form"":""flour""}","{""cohort"":""fr""}",curated-ontology-v3-review-fixes/eval-ontology-audit.json,operator-corrective-review-v2,Independent holdout surface-form review; not an ingest manifest row
independent-holdout-positive-057,positive,(LARGE EGGS),en,accepted,egg,"{""egg_part"":""whole"",""size"":""large""}",{},curated-ontology-v3-review-fixes/eval-ontology-audit.json,operator-corrective-review-v2,Independent holdout surface-form review; not an ingest manifest row
independent-holdout-positive-058,positive,(FRESH CORIANDER),en,accepted,coriander,"{""state"":""fresh""}",{},curated-ontology-v3-review-fixes/eval-ontology-audit.json,operator-corrective-review-v2,Independent holdout surface-form review; not an ingest manifest row
independent-holdout-positive-059,positive,(BACKPULVER),de,accepted,baking-powder,{},"{""cohort"":""de""}",curated-ontology-v3-review-fixes/eval-ontology-audit.json,operator-corrective-review-v2,Independent holdout surface-form review; not an ingest manifest row
independent-holdout-positive-060,positive,(ALL PURPOSE FLOUR),en,accepted,flour,"{""form"":""flour"",""refinement"":""all_purpose""}",{},curated-ontology-v3-review-fixes/eval-ontology-audit.json,operator-corrective-review-v2,Independent holdout surface-form review; not an ingest manifest row
independent-holdout-positive-061,positive,(BROWN SUGAR),und,accepted,sugar,"{""refinement"":""brown""}",{},curated-ontology-v3-review-fixes/eval-ontology-audit.json,operator-corrective-review-v2,Independent holdout surface-form review; not an ingest manifest row
independent-holdout-positive-062,positive,(DE ACEITE DE OLIVA),es,accepted,oil,"{""variety"":""olive""}","{""cohort"":""es""}",curated-ontology-v3-review-fixes/eval-ontology-audit.json,operator-corrective-review-v2,Independent holdout surface-form review; not an ingest manifest row
independent-holdout-positive-063,positive,(ŒUFS),fr,accepted,egg,"{""egg_part"":""whole""}","{""cohort"":""fr""}",curated-ontology-v3-review-fixes/eval-ontology-audit.json,operator-corrective-review-v2,Independent holdout surface-form review; not an ingest manifest row
independent-holdout-positive-064,positive,(WHOLE MILK),en,accepted,milk,"{""fat_content"":""whole"",""form"":""whole""}",{},curated-ontology-v3-review-fixes/eval-ontology-audit.json,operator-corrective-review-v2,Independent holdout surface-form review; not an ingest manifest row
independent-holdout-positive-065,positive,(OLIO EXTRAVERGINE DI OLIVA),it,accepted,oil,"{""variety"":""olive""}","{""cohort"":""it""}",curated-ontology-v3-review-fixes/eval-ontology-audit.json,operator-corrective-review-v2,Independent holdout surface-form review; not an ingest manifest row
independent-holdout-positive-066,positive,(DI BURRO),und,accepted,butter,{},{},curated-ontology-v3-review-fixes/eval-ontology-audit.json,operator-corrective-review-v2,Independent holdout surface-form review; not an ingest manifest row
independent-holdout-positive-067,positive,(GOUSSES D AIL),fr,accepted,garlic,"{""form"":""clove""}","{""cohort"":""fr""}",curated-ontology-v3-review-fixes/eval-ontology-audit.json,operator-corrective-review-v2,Independent holdout surface-form review; not an ingest manifest row
independent-holdout-positive-068,positive,(NATURAL VANILLA EXTRACT),en,accepted,vanilla-extract,{},{},curated-ontology-v3-review-fixes/eval-ontology-audit.json,operator-corrective-review-v2,Independent holdout surface-form review; not an ingest manifest row
independent-holdout-positive-069,positive,(EGG),und,accepted,egg,"{""egg_part"":""whole""}",{},curated-ontology-v3-review-fixes/eval-ontology-audit.json,operator-corrective-review-v2,Independent holdout surface-form review; not an ingest manifest row
independent-holdout-positive-070,positive,(ZWIEBEL),de,accepted,onion,{},"{""cohort"":""de""}",curated-ontology-v3-review-fixes/eval-ontology-audit.json,operator-corrective-review-v2,Independent holdout surface-form review; not an ingest manifest row
independent-holdout-positive-071,positive,(GROUND CUMIN),en,accepted,cumin,"{""form"":""ground""}",{},curated-ontology-v3-review-fixes/eval-ontology-audit.json,operator-corrective-review-v2,Independent holdout surface-form review; not an ingest manifest row
independent-holdout-positive-072,positive,(DI PEPE NERO MACINATO),it,accepted,piper-pepper,"{""form"":""ground"",""variety"":""black""}","{""cohort"":""it""}",curated-ontology-v3-review-fixes/eval-ontology-audit.json,operator-corrective-review-v2,Independent holdout surface-form review; not an ingest manifest row
independent-holdout-positive-073,positive,(DE AZÚCAR),und,accepted,sugar,{},{},curated-ontology-v3-review-fixes/eval-ontology-audit.json,operator-corrective-review-v2,Independent holdout surface-form review; not an ingest manifest row
independent-holdout-positive-074,positive,(GROUND NUTMEG),en,accepted,nutmeg,"{""form"":""ground""}",{},curated-ontology-v3-review-fixes/eval-ontology-audit.json,operator-corrective-review-v2,Independent holdout surface-form review; not an ingest manifest row
independent-holdout-positive-075,positive,(OIL),und,accepted,oil,{},{},curated-ontology-v3-review-fixes/eval-ontology-audit.json,operator-corrective-review-v2,Independent holdout surface-form review; not an ingest manifest row
independent-holdout-positive-076,positive,(GOUSSE D AIL),fr,accepted,garlic,"{""form"":""clove""}","{""cohort"":""fr""}",curated-ontology-v3-review-fixes/eval-ontology-audit.json,operator-corrective-review-v2,Independent holdout surface-form review; not an ingest manifest row
independent-holdout-positive-077,positive,(MOZZARELLA),und,accepted,mozzarella,{},{},curated-ontology-v3-review-fixes/eval-ontology-audit.json,operator-corrective-review-v2,Independent holdout surface-form review; not an ingest manifest row
independent-holdout-positive-078,positive,(EI),de,accepted,egg,"{""egg_part"":""whole""}","{""cohort"":""de""}",curated-ontology-v3-review-fixes/eval-ontology-audit.json,operator-corrective-review-v2,Independent holdout surface-form review; not an ingest manifest row
independent-holdout-positive-079,positive,(SAHNE),de,accepted,cream,{},"{""cohort"":""de""}",curated-ontology-v3-review-fixes/eval-ontology-audit.json,operator-corrective-review-v2,Independent holdout surface-form review; not an ingest manifest row
independent-holdout-positive-080,positive,(DENTES DE ALHO),pt,accepted,garlic,"{""form"":""clove""}","{""cohort"":""pt""}",curated-ontology-v3-review-fixes/eval-ontology-audit.json,operator-corrective-review-v2,Independent holdout surface-form review; not an ingest manifest row
independent-holdout-positive-081,positive,(D OIGNON),und,accepted,onion,{},{},curated-ontology-v3-review-fixes/eval-ontology-audit.json,operator-corrective-review-v2,Independent holdout surface-form review; not an ingest manifest row
independent-holdout-positive-082,positive,(SOY SAUCE),und,accepted,soy-sauce,{},{},curated-ontology-v3-review-fixes/eval-ontology-audit.json,operator-corrective-review-v2,Independent holdout surface-form review; not an ingest manifest row
independent-holdout-positive-083,positive,(DI OLIO EXTRAVERGINE DI OLIVA),it,accepted,oil,"{""variety"":""olive""}","{""cohort"":""it""}",curated-ontology-v3-review-fixes/eval-ontology-audit.json,operator-corrective-review-v2,Independent holdout surface-form review; not an ingest manifest row
independent-holdout-positive-084,positive,(DE LAIT),und,accepted,milk,{},{},curated-ontology-v3-review-fixes/eval-ontology-audit.json,operator-corrective-review-v2,Independent holdout surface-form review; not an ingest manifest row
independent-holdout-positive-085,positive,(MANTEIGA),pt,accepted,butter,{},"{""cohort"":""pt""}",curated-ontology-v3-review-fixes/eval-ontology-audit.json,operator-corrective-review-v2,Independent holdout surface-form review; not an ingest manifest row
independent-holdout-positive-086,positive,(EGG YOLKS),en,accepted,egg-yolk,"{""egg_part"":""yolk""}",{},curated-ontology-v3-review-fixes/eval-ontology-audit.json,operator-corrective-review-v2,Independent holdout surface-form review; not an ingest manifest row
independent-holdout-positive-087,positive,(ZUCCHINI),und,accepted,zucchini,{},{},curated-ontology-v3-review-fixes/eval-ontology-audit.json,operator-corrective-review-v2,Independent holdout surface-form review; not an ingest manifest row
independent-holdout-positive-088,positive,(SPICCHIO DI AGLIO),it,accepted,garlic,"{""form"":""clove""}","{""cohort"":""it""}",curated-ontology-v3-review-fixes/eval-ontology-audit.json,operator-corrective-review-v2,Independent holdout surface-form review; not an ingest manifest row
independent-holdout-positive-089,positive,(DE CEBOLLA),und,accepted,onion,{},{},curated-ontology-v3-review-fixes/eval-ontology-audit.json,operator-corrective-review-v2,Independent holdout surface-form review; not an ingest manifest row
independent-holdout-positive-090,positive,(FRESH FLAT LEAF PARSLEY),en,accepted,parsley,"{""state"":""fresh""}",{},curated-ontology-v3-review-fixes/eval-ontology-audit.json,operator-corrective-review-v2,Independent holdout surface-form review; not an ingest manifest row
independent-holdout-positive-091,positive,(CARROT),und,accepted,carrot,{},{},curated-ontology-v3-review-fixes/eval-ontology-audit.json,operator-corrective-review-v2,Independent holdout surface-form review; not an ingest manifest row
independent-holdout-positive-092,positive,(DE CAROTTES),und,accepted,carrot,{},{},curated-ontology-v3-review-fixes/eval-ontology-audit.json,operator-corrective-review-v2,Independent holdout surface-form review; not an ingest manifest row
independent-holdout-positive-093,positive,(CREAM CHEESE),und,accepted,cream-cheese,{},{},curated-ontology-v3-review-fixes/eval-ontology-audit.json,operator-corrective-review-v2,Independent holdout surface-form review; not an ingest manifest row
independent-holdout-positive-094,positive,(DRIED INSTANT YEAST),en,accepted,yeast,"{""processing"":""dried""}",{},curated-ontology-v3-review-fixes/eval-ontology-audit.json,operator-corrective-review-v2,Independent holdout surface-form review; not an ingest manifest row
independent-holdout-positive-095,positive,(FRESH PARSLEY),en,accepted,parsley,"{""state"":""fresh""}",{},curated-ontology-v3-review-fixes/eval-ontology-audit.json,operator-corrective-review-v2,Independent holdout surface-form review; not an ingest manifest row
independent-holdout-positive-096,positive,(DRIED OREGANO),en,accepted,oregano,"{""processing"":""dried""}",{},curated-ontology-v3-review-fixes/eval-ontology-audit.json,operator-corrective-review-v2,Independent holdout surface-form review; not an ingest manifest row
independent-holdout-positive-097,positive,(WHITE SUGAR),en,accepted,sugar,"{""refinement"":""white""}",{},curated-ontology-v3-review-fixes/eval-ontology-audit.json,operator-corrective-review-v2,Independent holdout surface-form review; not an ingest manifest row
independent-holdout-positive-098,positive,(WODY),pl,accepted,water,{},"{""cohort"":""pl""}",curated-ontology-v3-review-fixes/eval-ontology-audit.json,operator-corrective-review-v2,Independent holdout surface-form review; not an ingest manifest row
independent-holdout-positive-099,positive,(DU POIVRE MOULU),fr,accepted,piper-pepper,"{""form"":""ground""}","{""cohort"":""fr""}",curated-ontology-v3-review-fixes/eval-ontology-audit.json,operator-corrective-review-v2,Independent holdout surface-form review; not an ingest manifest row
independent-holdout-positive-100,positive,(PETERSILIE),de,accepted,parsley,{},"{""cohort"":""de""}",curated-ontology-v3-review-fixes/eval-ontology-audit.json,operator-corrective-review-v2,Independent holdout surface-form review; not an ingest manifest row
independent-holdout-positive-101,positive,(TOMATENMARK),de,accepted,tomato-paste,{},"{""cohort"":""de""}",curated-ontology-v3-review-fixes/eval-ontology-audit.json,operator-corrective-review-v2,Independent holdout surface-form review; not an ingest manifest row
independent-holdout-positive-102,positive,(SESAME OIL),und,accepted,oil,"{""variety"":""sesame""}",{},curated-ontology-v3-review-fixes/eval-ontology-audit.json,operator-corrective-review-v2,Independent holdout surface-form review; not an ingest manifest row
independent-holdout-positive-103,positive,(DE MANTEQUILLA),und,accepted,butter,{},{},curated-ontology-v3-review-fixes/eval-ontology-audit.json,operator-corrective-review-v2,Independent holdout surface-form review; not an ingest manifest row
independent-holdout-positive-104,positive,(DE MIEL),fr,accepted,honey,{},"{""cohort"":""fr""}",curated-ontology-v3-review-fixes/eval-ontology-audit.json,operator-corrective-review-v2,Independent holdout surface-form review; not an ingest manifest row
independent-holdout-positive-105,positive,(GROUND TURMERIC),en,accepted,turmeric,"{""form"":""ground""}",{},curated-ontology-v3-review-fixes/eval-ontology-audit.json,operator-corrective-review-v2,Independent holdout surface-form review; not an ingest manifest row
independent-holdout-positive-106,positive,(ICING SUGAR),en,accepted,sugar,"{""refinement"":""powdered""}",{},curated-ontology-v3-review-fixes/eval-ontology-audit.json,operator-corrective-review-v2,Independent holdout surface-form review; not an ingest manifest row
independent-holdout-positive-107,positive,(RED ONION),en,accepted,onion,"{""variety"":""red""}",{},curated-ontology-v3-review-fixes/eval-ontology-audit.json,operator-corrective-review-v2,Independent holdout surface-form review; not an ingest manifest row
independent-holdout-positive-108,positive,(DU SEL),und,accepted,salt,{},{},curated-ontology-v3-review-fixes/eval-ontology-audit.json,operator-corrective-review-v2,Independent holdout surface-form review; not an ingest manifest row
independent-holdout-positive-109,positive,(DIJON MUSTARD),und,accepted,dijon-mustard,{},{},curated-ontology-v3-review-fixes/eval-ontology-audit.json,operator-corrective-review-v2,Independent holdout surface-form review; not an ingest manifest row
independent-holdout-positive-110,positive,(PAPRIKA),und,accepted,paprika,{},{},curated-ontology-v3-review-fixes/eval-ontology-audit.json,operator-corrective-review-v2,Independent holdout surface-form review; not an ingest manifest row
independent-holdout-positive-111,positive,(HONIG),de,accepted,honey,{},"{""cohort"":""de""}",curated-ontology-v3-review-fixes/eval-ontology-audit.json,operator-corrective-review-v2,Independent holdout surface-form review; not an ingest manifest row
independent-holdout-positive-112,positive,(FRESHLY SQUEEZED LEMON JUICE),en,accepted,lemon-juice,{},{},curated-ontology-v3-review-fixes/eval-ontology-audit.json,operator-corrective-review-v2,Independent holdout surface-form review; not an ingest manifest row
independent-holdout-positive-113,positive,(ONION),und,accepted,onion,{},{},curated-ontology-v3-review-fixes/eval-ontology-audit.json,operator-corrective-review-v2,Independent holdout surface-form review; not an ingest manifest row
independent-holdout-positive-114,positive,(D OIGNONS),und,accepted,onion,{},{},curated-ontology-v3-review-fixes/eval-ontology-audit.json,operator-corrective-review-v2,Independent holdout surface-form review; not an ingest manifest row
independent-holdout-positive-115,positive,(DIENTES DE AJO),es,accepted,garlic,"{""form"":""clove""}","{""cohort"":""es""}",curated-ontology-v3-review-fixes/eval-ontology-audit.json,operator-corrective-review-v2,Independent holdout surface-form review; not an ingest manifest row
independent-holdout-positive-116,positive,(VEGETABLE STOCK PASTE),en,accepted,stock-paste,"{""form"":""paste"",""variety"":""vegetable""}",{},curated-ontology-v3-review-fixes/eval-ontology-audit.json,operator-corrective-review-v2,Independent holdout surface-form review; not an ingest manifest row
independent-holdout-positive-117,positive,(POURING WHIPPING CREAM),en,accepted,cream,"{""cream_class"":""whipping""}",{},curated-ontology-v3-review-fixes/eval-ontology-audit.json,operator-corrective-review-v2,Independent holdout surface-form review; not an ingest manifest row
independent-holdout-positive-118,positive,(SHALLOTS),en,accepted,shallot,{},{},curated-ontology-v3-review-fixes/eval-ontology-audit.json,operator-corrective-review-v2,Independent holdout surface-form review; not an ingest manifest row
independent-holdout-positive-119,positive,(OVOS),pt,accepted,egg,"{""egg_part"":""whole""}","{""cohort"":""pt""}",curated-ontology-v3-review-fixes/eval-ontology-audit.json,operator-corrective-review-v2,Independent holdout surface-form review; not an ingest manifest row
independent-holdout-positive-120,positive,(LIME),und,accepted,lime,{},{},curated-ontology-v3-review-fixes/eval-ontology-audit.json,operator-corrective-review-v2,Independent holdout surface-form review; not an ingest manifest row
independent-holdout-positive-121,positive,(DI ZUCCHERO),und,accepted,sugar,{},{},curated-ontology-v3-review-fixes/eval-ontology-audit.json,operator-corrective-review-v2,Independent holdout surface-form review; not an ingest manifest row
independent-holdout-positive-122,positive,(PARMESAN),und,accepted,parmesan,{},{},curated-ontology-v3-review-fixes/eval-ontology-audit.json,operator-corrective-review-v2,Independent holdout surface-form review; not an ingest manifest row
independent-holdout-positive-123,positive,(KETCHUP),und,accepted,ketchup,{},{},curated-ontology-v3-review-fixes/eval-ontology-audit.json,operator-corrective-review-v2,Independent holdout surface-form review; not an ingest manifest row
independent-holdout-positive-124,positive,(UOVA),it,accepted,egg,"{""egg_part"":""whole""}","{""cohort"":""it""}",curated-ontology-v3-review-fixes/eval-ontology-audit.json,operator-corrective-review-v2,Independent holdout surface-form review; not an ingest manifest row
independent-holdout-positive-125,positive,(TOMATO PASTE),und,accepted,tomato-paste,"{""form"":""paste"",""variety"":""tomato""}",{},curated-ontology-v3-review-fixes/eval-ontology-audit.json,operator-corrective-review-v2,Independent holdout surface-form review; not an ingest manifest row
independent-holdout-positive-126,positive,(FRESH THYME),en,accepted,thyme,"{""state"":""fresh""}",{},curated-ontology-v3-review-fixes/eval-ontology-audit.json,operator-corrective-review-v2,Independent holdout surface-form review; not an ingest manifest row
independent-holdout-positive-127,positive,(DE CORIANDRE FRAÎCHE),fr,accepted,coriander,"{""state"":""fresh""}","{""cohort"":""fr""}",curated-ontology-v3-review-fixes/eval-ontology-audit.json,operator-corrective-review-v2,Independent holdout surface-form review; not an ingest manifest row
independent-holdout-positive-128,positive,(ORANGE),und,accepted,orange,{},{},curated-ontology-v3-review-fixes/eval-ontology-audit.json,operator-corrective-review-v2,Independent holdout surface-form review; not an ingest manifest row
independent-holdout-positive-129,positive,(MAYONNAISE),und,accepted,mayonnaise,{},{},curated-ontology-v3-review-fixes/eval-ontology-audit.json,operator-corrective-review-v2,Independent holdout surface-form review; not an ingest manifest row
independent-holdout-positive-130,positive,(CENOURA),pt,accepted,carrot,{},"{""cohort"":""pt""}",curated-ontology-v3-review-fixes/eval-ontology-audit.json,operator-corrective-review-v2,Independent holdout surface-form review; not an ingest manifest row
independent-holdout-positive-131,positive,(MÖHREN),de,accepted,carrot,{},"{""cohort"":""de""}",curated-ontology-v3-review-fixes/eval-ontology-audit.json,operator-corrective-review-v2,Independent holdout surface-form review; not an ingest manifest row
independent-holdout-positive-132,positive,(POTATOES),en,accepted,potato,{},{},curated-ontology-v3-review-fixes/eval-ontology-audit.json,operator-corrective-review-v2,Independent holdout surface-form review; not an ingest manifest row
independent-holdout-positive-133,positive,(BACON),und,accepted,bacon,{},{},curated-ontology-v3-review-fixes/eval-ontology-audit.json,operator-corrective-review-v2,Independent holdout surface-form review; not an ingest manifest row
independent-holdout-positive-134,positive,(LIME JUICE),und,accepted,lime-juice,{},{},curated-ontology-v3-review-fixes/eval-ontology-audit.json,operator-corrective-review-v2,Independent holdout surface-form review; not an ingest manifest row
independent-holdout-positive-135,positive,(AÇÚCAR),pt,accepted,sugar,{},"{""cohort"":""pt""}",curated-ontology-v3-review-fixes/eval-ontology-audit.json,operator-corrective-review-v2,Independent holdout surface-form review; not an ingest manifest row
independent-holdout-positive-136,positive,(AVOCADO),und,accepted,avocado,{},{},curated-ontology-v3-review-fixes/eval-ontology-audit.json,operator-corrective-review-v2,Independent holdout surface-form review; not an ingest manifest row
independent-holdout-positive-137,positive,(COCONUT MILK),und,accepted,coconut-milk,"{""variety"":""coconut""}",{},curated-ontology-v3-review-fixes/eval-ontology-audit.json,operator-corrective-review-v2,Independent holdout surface-form review; not an ingest manifest row
independent-holdout-positive-138,positive,(DI FARINA TIPO 00),it,accepted,flour,"{""form"":""flour"",""refinement"":""type_00""}","{""cohort"":""it""}",curated-ontology-v3-review-fixes/eval-ontology-audit.json,operator-corrective-review-v2,Independent holdout surface-form review; not an ingest manifest row
independent-holdout-positive-139,positive,(DIENTE DE AJO),es,accepted,garlic,"{""form"":""clove""}","{""cohort"":""es""}",curated-ontology-v3-review-fixes/eval-ontology-audit.json,operator-corrective-review-v2,Independent holdout surface-form review; not an ingest manifest row
independent-holdout-positive-140,positive,(DE SUCRE),und,accepted,sugar,{},{},curated-ontology-v3-review-fixes/eval-ontology-audit.json,operator-corrective-review-v2,Independent holdout surface-form review; not an ingest manifest row
independent-holdout-positive-141,positive,(VANILLA EXTRACT),und,accepted,vanilla-extract,{},{},curated-ontology-v3-review-fixes/eval-ontology-audit.json,operator-corrective-review-v2,Independent holdout surface-form review; not an ingest manifest row
independent-holdout-positive-142,positive,(DE JUS DE CITRON),fr,accepted,lemon-juice,{},"{""cohort"":""fr""}",curated-ontology-v3-review-fixes/eval-ontology-audit.json,operator-corrective-review-v2,Independent holdout surface-form review; not an ingest manifest row
independent-holdout-positive-143,positive,(YELLOW ONIONS),en,accepted,onion,"{""variety"":""yellow""}",{},curated-ontology-v3-review-fixes/eval-ontology-audit.json,operator-corrective-review-v2,Independent holdout surface-form review; not an ingest manifest row
independent-holdout-positive-144,positive,(SESAME SEEDS),en,accepted,sesame-seed,{},{},curated-ontology-v3-review-fixes/eval-ontology-audit.json,operator-corrective-review-v2,Independent holdout surface-form review; not an ingest manifest row
independent-holdout-positive-145,positive,(MUSKAT),de,accepted,nutmeg,{},"{""cohort"":""de""}",curated-ontology-v3-review-fixes/eval-ontology-audit.json,operator-corrective-review-v2,Independent holdout surface-form review; not an ingest manifest row
independent-holdout-positive-146,positive,(APĂ),ro,accepted,water,{},"{""cohort"":""ro""}",curated-ontology-v3-review-fixes/eval-ontology-audit.json,operator-corrective-review-v2,Independent holdout surface-form review; not an ingest manifest row
independent-holdout-positive-147,positive,(BRAUNER ZUCKER),de,accepted,sugar,"{""refinement"":""brown""}","{""cohort"":""de""}",curated-ontology-v3-review-fixes/eval-ontology-audit.json,operator-corrective-review-v2,Independent holdout surface-form review; not an ingest manifest row
independent-holdout-positive-148,positive,(DE PERSIL FRAIS),fr,accepted,parsley,"{""state"":""fresh""}","{""cohort"":""fr""}",curated-ontology-v3-review-fixes/eval-ontology-audit.json,operator-corrective-review-v2,Independent holdout surface-form review; not an ingest manifest row
independent-holdout-positive-149,positive,(CUMIN SEEDS),en,accepted,cumin,"{""form"":""whole""}",{},curated-ontology-v3-review-fixes/eval-ontology-audit.json,operator-corrective-review-v2,Independent holdout surface-form review; not an ingest manifest row
independent-holdout-positive-150,positive,(DOUBLE CREAM),en,accepted,cream,"{""cream_class"":""double""}",{},curated-ontology-v3-review-fixes/eval-ontology-audit.json,operator-corrective-review-v2,Independent holdout surface-form review; not an ingest manifest row
independent-holdout-positive-151,positive,(TOMATOES),en,accepted,tomato,{},{},curated-ontology-v3-review-fixes/eval-ontology-audit.json,operator-corrective-review-v2,Independent holdout surface-form review; not an ingest manifest row
independent-holdout-positive-152,positive,(DI LATTE),und,accepted,milk,{},{},curated-ontology-v3-review-fixes/eval-ontology-audit.json,operator-corrective-review-v2,Independent holdout surface-form review; not an ingest manifest row
independent-holdout-positive-153,positive,(Paprika edelsüß),de,accepted,paprika,{},"{""cohort"":""de""}",curated-ontology-v3-review-fixes/eval-ontology-audit.json,operator-corrective-review-v2,Independent holdout surface-form review; not an ingest manifest row
independent-holdout-positive-154,positive,(RED ONIONS),en,accepted,onion,"{""variety"":""red""}",{},curated-ontology-v3-review-fixes/eval-ontology-audit.json,operator-corrective-review-v2,Independent holdout surface-form review; not an ingest manifest row
independent-holdout-positive-155,positive,(BAKING SODA),und,accepted,baking-soda,{},{},curated-ontology-v3-review-fixes/eval-ontology-audit.json,operator-corrective-review-v2,Independent holdout surface-form review; not an ingest manifest row
independent-holdout-positive-156,positive,(DE POIVRE NOIR MOULU),und,accepted,piper-pepper,{},{},curated-ontology-v3-review-fixes/eval-ontology-audit.json,operator-corrective-review-v2,Independent holdout surface-form review; not an ingest manifest row
independent-holdout-positive-157,positive,(HUEVOS),es,accepted,egg,"{""egg_part"":""whole""}","{""cohort"":""es""}",curated-ontology-v3-review-fixes/eval-ontology-audit.json,operator-corrective-review-v2,Independent holdout surface-form review; not an ingest manifest row
independent-holdout-positive-158,positive,(FRESH CHIVES),en,accepted,chives,"{""state"":""fresh""}",{},curated-ontology-v3-review-fixes/eval-ontology-audit.json,operator-corrective-review-v2,Independent holdout surface-form review; not an ingest manifest row
independent-holdout-positive-159,positive,(SENF),de,accepted,mustard,{},"{""cohort"":""de""}",curated-ontology-v3-review-fixes/eval-ontology-audit.json,operator-corrective-review-v2,Independent holdout surface-form review; not an ingest manifest row
independent-holdout-positive-160,positive,(LEITE),pt,accepted,milk,{},"{""cohort"":""pt""}",curated-ontology-v3-review-fixes/eval-ontology-audit.json,operator-corrective-review-v2,Independent holdout surface-form review; not an ingest manifest row
independent-holdout-positive-161,positive,(ZIMT),de,accepted,cinnamon,{},"{""cohort"":""de""}",curated-ontology-v3-review-fixes/eval-ontology-audit.json,operator-corrective-review-v2,Independent holdout surface-form review; not an ingest manifest row
independent-holdout-positive-162,positive,(ŒUF),fr,accepted,egg,"{""egg_part"":""whole""}","{""cohort"":""fr""}",curated-ontology-v3-review-fixes/eval-ontology-audit.json,operator-corrective-review-v2,Independent holdout surface-form review; not an ingest manifest row
independent-holdout-positive-163,positive,(APPLE CIDER VINEGAR),en,accepted,vinegar,"{""variety"":""apple_cider""}",{},curated-ontology-v3-review-fixes/eval-ontology-audit.json,operator-corrective-review-v2,Independent holdout surface-form review; not an ingest manifest row
independent-holdout-positive-164,positive,(DI CIPOLLA),und,accepted,onion,{},{},curated-ontology-v3-review-fixes/eval-ontology-audit.json,operator-corrective-review-v2,Independent holdout surface-form review; not an ingest manifest row
independent-holdout-positive-165,positive,(DE PIMIENTA NEGRA MOLIDA),und,accepted,piper-pepper,{},{},curated-ontology-v3-review-fixes/eval-ontology-audit.json,operator-corrective-review-v2,Independent holdout surface-form review; not an ingest manifest row
independent-holdout-positive-166,positive,(SUMO DE LIMÃO),pt,accepted,lemon-juice,{},"{""cohort"":""pt""}",curated-ontology-v3-review-fixes/eval-ontology-audit.json,operator-corrective-review-v2,Independent holdout surface-form review; not an ingest manifest row
independent-holdout-positive-167,positive,(KORIANDER),de,accepted,coriander,{},"{""cohort"":""de""}",curated-ontology-v3-review-fixes/eval-ontology-audit.json,operator-corrective-review-v2,Independent holdout surface-form review; not an ingest manifest row
independent-holdout-positive-168,positive,(SARE),ro,accepted,salt,{},"{""cohort"":""ro""}",curated-ontology-v3-review-fixes/eval-ontology-audit.json,operator-corrective-review-v2,Independent holdout surface-form review; not an ingest manifest row
independent-holdout-positive-169,positive,(COCOA POWDER),und,accepted,cocoa-powder,"{""form"":""powder""}",{},curated-ontology-v3-review-fixes/eval-ontology-audit.json,operator-corrective-review-v2,Independent holdout surface-form review; not an ingest manifest row
independent-holdout-positive-170,positive,(SPRING ONIONS),en,accepted,spring-onion,{},{},curated-ontology-v3-review-fixes/eval-ontology-audit.json,operator-corrective-review-v2,Independent holdout surface-form review; not an ingest manifest row
independent-holdout-positive-171,positive,(ZUCCHERO),it,accepted,sugar,{},"{""cohort"":""it""}",curated-ontology-v3-review-fixes/eval-ontology-audit.json,operator-corrective-review-v2,Independent holdout surface-form review; not an ingest manifest row
independent-holdout-positive-172,positive,(CHICKEN STOCK PASTE),en,accepted,stock-paste,"{""form"":""paste"",""species"":""chicken"",""variety"":""chicken""}",{},curated-ontology-v3-review-fixes/eval-ontology-audit.json,operator-corrective-review-v2,Independent holdout surface-form review; not an ingest manifest row
independent-holdout-positive-173,positive,(FRISCHKÄSE),de,accepted,cream-cheese,{},"{""cohort"":""de""}",curated-ontology-v3-review-fixes/eval-ontology-audit.json,operator-corrective-review-v2,Independent holdout surface-form review; not an ingest manifest row
independent-holdout-positive-174,positive,(GARLIC POWDER),en,accepted,garlic,"{""form"":""powder""}",{},curated-ontology-v3-review-fixes/eval-ontology-audit.json,operator-corrective-review-v2,Independent holdout surface-form review; not an ingest manifest row
independent-holdout-positive-175,positive,(SOUR CREAM),und,accepted,sour-cream,"{""cream_class"":""sour""}",{},curated-ontology-v3-review-fixes/eval-ontology-audit.json,operator-corrective-review-v2,Independent holdout surface-form review; not an ingest manifest row
independent-holdout-positive-176,positive,(BICARBONATE OF SODA),en,accepted,baking-soda,{},{},curated-ontology-v3-review-fixes/eval-ontology-audit.json,operator-corrective-review-v2,Independent holdout surface-form review; not an ingest manifest row
independent-holdout-positive-177,positive,(CHEDDAR CHEESE),en,accepted,cheddar,{},{},curated-ontology-v3-review-fixes/eval-ontology-audit.json,operator-corrective-review-v2,Independent holdout surface-form review; not an ingest manifest row
independent-holdout-positive-178,positive,(OLIWY Z OLIWEK),pl,accepted,oil,"{""variety"":""olive""}","{""cohort"":""pl""}",curated-ontology-v3-review-fixes/eval-ontology-audit.json,operator-corrective-review-v2,Independent holdout surface-form review; not an ingest manifest row
independent-holdout-positive-179,positive,(FARINHA),pt,accepted,flour,"{""form"":""flour""}","{""cohort"":""pt""}",curated-ontology-v3-review-fixes/eval-ontology-audit.json,operator-corrective-review-v2,Independent holdout surface-form review; not an ingest manifest row
independent-holdout-positive-180,positive,(SELF RAISING FLOUR),en,accepted,flour,"{""form"":""flour"",""refinement"":""self_raising""}",{},curated-ontology-v3-review-fixes/eval-ontology-audit.json,operator-corrective-review-v2,Independent holdout surface-form review; not an ingest manifest row
independent-holdout-positive-181,positive,(SPICCHI DI AGLIO),it,accepted,garlic,"{""form"":""clove""}","{""cohort"":""it""}",curated-ontology-v3-review-fixes/eval-ontology-audit.json,operator-corrective-review-v2,Independent holdout surface-form review; not an ingest manifest row
independent-holdout-positive-182,positive,(FRESH MINT),en,accepted,mint,"{""state"":""fresh""}",{},curated-ontology-v3-review-fixes/eval-ontology-audit.json,operator-corrective-review-v2,Independent holdout surface-form review; not an ingest manifest row
independent-holdout-positive-183,positive,(GROUND CORIANDER),en,accepted,coriander-seed,"{""form"":""ground""}",{},curated-ontology-v3-review-fixes/eval-ontology-audit.json,operator-corrective-review-v2,Independent holdout surface-form review; not an ingest manifest row
independent-holdout-positive-184,positive,(DI SUCCO DI LIMONE),it,accepted,lemon-juice,{},"{""cohort"":""it""}",curated-ontology-v3-review-fixes/eval-ontology-audit.json,operator-corrective-review-v2,Independent holdout surface-form review; not an ingest manifest row
independent-holdout-positive-185,positive,(WORCESTERSHIRE SAUCE),und,accepted,worcestershire-sauce,{},{},curated-ontology-v3-review-fixes/eval-ontology-audit.json,operator-corrective-review-v2,Independent holdout surface-form review; not an ingest manifest row
independent-holdout-positive-186,positive,(HEFE),de,accepted,yeast,{},"{""cohort"":""de""}",curated-ontology-v3-review-fixes/eval-ontology-audit.json,operator-corrective-review-v2,Independent holdout surface-form review; not an ingest manifest row
independent-holdout-positive-187,positive,(SOJASAUCE),de,accepted,soy-sauce,{},"{""cohort"":""de""}",curated-ontology-v3-review-fixes/eval-ontology-audit.json,operator-corrective-review-v2,Independent holdout surface-form review; not an ingest manifest row
independent-holdout-positive-188,positive,(SALTED BUTTER),en,accepted,butter,"{""saltedness"":""salted""}",{},curated-ontology-v3-review-fixes/eval-ontology-audit.json,operator-corrective-review-v2,Independent holdout surface-form review; not an ingest manifest row
independent-holdout-positive-189,positive,(DE PARMESAN),und,accepted,parmesan,{},{},curated-ontology-v3-review-fixes/eval-ontology-audit.json,operator-corrective-review-v2,Independent holdout surface-form review; not an ingest manifest row
independent-holdout-positive-190,positive,(GROUND WHITE PEPPER),en,accepted,piper-pepper,"{""form"":""ground"",""variety"":""white""}",{},curated-ontology-v3-review-fixes/eval-ontology-audit.json,operator-corrective-review-v2,Independent holdout surface-form review; not an ingest manifest row
independent-holdout-positive-191,positive,(DENTE DE ALHO),pt,accepted,garlic,"{""form"":""clove""}","{""cohort"":""pt""}",curated-ontology-v3-review-fixes/eval-ontology-audit.json,operator-corrective-review-v2,Independent holdout surface-form review; not an ingest manifest row
independent-holdout-positive-192,positive,(MAPLE SYRUP),und,accepted,maple-syrup,{},{},curated-ontology-v3-review-fixes/eval-ontology-audit.json,operator-corrective-review-v2,Independent holdout surface-form review; not an ingest manifest row
independent-holdout-positive-193,positive,(DE POMMES DE TERRE),und,accepted,potato,{},{},curated-ontology-v3-review-fixes/eval-ontology-audit.json,operator-corrective-review-v2,Independent holdout surface-form review; not an ingest manifest row
independent-holdout-positive-194,positive,(FISH SAUCE),und,accepted,fish-sauce,{},{},curated-ontology-v3-review-fixes/eval-ontology-audit.json,operator-corrective-review-v2,Independent holdout surface-form review; not an ingest manifest row
independent-holdout-positive-195,positive,(DE LECHE),und,accepted,milk,{},{},curated-ontology-v3-review-fixes/eval-ontology-audit.json,operator-corrective-review-v2,Independent holdout surface-form review; not an ingest manifest row
independent-holdout-positive-196,positive,(FRÜHLINGSZWIEBELN),de,accepted,spring-onion,{},"{""cohort"":""de""}",curated-ontology-v3-review-fixes/eval-ontology-audit.json,operator-corrective-review-v2,Independent holdout surface-form review; not an ingest manifest row
independent-holdout-positive-197,positive,(D ÉCHALOTES),und,accepted,shallot,{},{},curated-ontology-v3-review-fixes/eval-ontology-audit.json,operator-corrective-review-v2,Independent holdout surface-form review; not an ingest manifest row
independent-holdout-positive-198,positive,(FRESH ROSEMARY),en,accepted,rosemary,"{""state"":""fresh""}",{},curated-ontology-v3-review-fixes/eval-ontology-audit.json,operator-corrective-review-v2,Independent holdout surface-form review; not an ingest manifest row
independent-holdout-positive-199,positive,(FRESH BASIL),en,accepted,basil,"{""state"":""fresh""}",{},curated-ontology-v3-review-fixes/eval-ontology-audit.json,operator-corrective-review-v2,Independent holdout surface-form review; not an ingest manifest row
independent-holdout-positive-200,positive,(EIGELB),de,accepted,egg-yolk,"{""egg_part"":""yolk""}","{""cohort"":""de""}",curated-ontology-v3-review-fixes/eval-ontology-audit.json,operator-corrective-review-v2,Independent holdout surface-form review; not an ingest manifest row
independent-holdout-positive-201,positive,(CORIANDER SEEDS),en,accepted,coriander-seed,"{""form"":""whole""}",{},curated-ontology-v3-review-fixes/eval-ontology-audit.json,operator-corrective-review-v2,Independent holdout surface-form review; not an ingest manifest row
independent-holdout-positive-202,positive,(ABACATE),und,accepted,avocado,[],"{""cohort"":"""",""provider_ref"":""com.vorwerk.ingredients.Ingredient-rpf-61"",""provider_review_key"":""a9cf33db13d74b58f59f8faba076652555b6825a4046afc94ac2eb5ce2b6c219"",""title_hash"":""f9c9baac9006160a6d84a09e77cbfeac349c861513e1786ea447e00198068e20""}",frozen provider observations + curated eval ontology audit,operator-corrective-review-v2,Independent holdout surface-form review; not an ingest manifest row
independent-holdout-positive-203,positive,(ALHO),und,accepted,garlic,"{""form"":""clove""}","{""cohort"":"""",""provider_ref"":""com.vorwerk.ingredients.Ingredient-rpf-352"",""provider_review_key"":""ef3fb95198134489bde92997271b5bedb5b5fb768f19fc802303d1a39520f834"",""title_hash"":""4452df579db4f1b15d9a759f28f41edd966aaa91e048f4c1f79d891e22bc3e25""}",frozen provider observations + curated eval ontology audit,operator-corrective-review-v2,Independent holdout surface-form review; not an ingest manifest row
independent-holdout-positive-204,positive,(BAGIETKI),und,accepted,baguette,{},"{""cohort"":"""",""provider_ref"":""com.vorwerk.ingredients.Ingredient-rpf-363"",""provider_review_key"":""5d108ca478dc0de9c1e1eb69b8816874ccd7091c78a1d16b3f9e9b3169059f68"",""title_hash"":""7824e0764d79dd525f665d48e0038138cd069fce242b1d8a7b0f6b41f1a3d1be""}",frozen provider observations + curated eval ontology audit,operator-corrective-review-v2,Independent holdout surface-form review; not an ingest manifest row
independent-holdout-positive-205,positive,(BBQ SAUCE),und,accepted,barbecue-sauce,{},"{""cohort"":"""",""provider_ref"":""com.vorwerk.ingredients.Ingredient-rpf-7649"",""provider_review_key"":""b1bb536ea1d0e6b71f52c658f49b8587837e53145647c9026b5c91a47ccb332b"",""title_hash"":""afa7af0632831a4bd4fd013eac922b0f7cdff7285cff8b47e9e54a5ed0a4cf36""}",frozen provider observations + curated eval ontology audit,operator-corrective-review-v2,Independent holdout surface-form review; not an ingest manifest row
independent-holdout-positive-206,positive,(BIAŁEGO OCTU WINNEGO),und,accepted,vinegar,"{""variety"":""white_wine""}","{""cohort"":"""",""provider_ref"":""com.vorwerk.ingredients.Ingredient-rpf-314"",""provider_review_key"":""e4e8ea11463a6d65edf2f188a033573bd6768dea4973be5bca7ca6de284647f1"",""title_hash"":""33489e83683cb827ea1372996f80c4b0bf4ce77f6e990ea1c8504026de27c7fa""}",frozen provider observations + curated eval ontology audit,operator-corrective-review-v2,Independent holdout surface-form review; not an ingest manifest row
independent-holdout-positive-207,positive,(BỘT SÚP GÀ),und,accepted,stock-paste,"{""form"":""paste"",""species"":""chicken"",""variety"":""chicken""}","{""cohort"":"""",""provider_ref"":""com.vorwerk.ingredients.Ingredient-rpf-490"",""provider_review_key"":""607145df042f9911a2a10f575eb5e9afb8f6caa8fb9bffb6faea1999ef80c23b"",""title_hash"":""570da856e0100c159843eba8c056965f662551540b5a6026e987515b49ed4fdc""}",frozen provider observations + curated eval ontology audit,operator-corrective-review-v2,Independent holdout surface-form review; not an ingest manifest row
independent-holdout-positive-208,positive,(CARDAMOM PODS),und,accepted,cardamom,"{""form"":""pod""}","{""cohort"":"""",""provider_ref"":""com.vorwerk.ingredients.Ingredient-rpf-411"",""provider_review_key"":""e5cb41e9b0f0f136c7544936a9a1c3927e0958e12697b8ece6b6f5292806eb79"",""title_hash"":""1bf97a5826eff60bad3fb7cc4a24deaec2d1c04a1663218624f854f26499339e""}",frozen provider observations + curated eval ontology audit,operator-corrective-review-v2,Independent holdout surface-form review; not an ingest manifest row
independent-holdout-positive-209,positive,(CEBOLO SPRING ONION),und,accepted,spring-onion,[],"{""cohort"":"""",""provider_ref"":""com.vorwerk.ingredients.Ingredient-rpf-259"",""provider_review_key"":""c8a9b9866cb9a523b2f774dac4ae0c8ea480538a3291c731b7cb3b8987b24903"",""title_hash"":""885e64fbba0a02fe96ca2e9b7a1cd9832aa11aacc9a31168e1dcb338e9572132""}",frozen provider observations + curated eval ontology audit,operator-corrective-review-v2,Independent holdout surface-form review; not an ingest manifest row
independent-holdout-positive-210,positive,(CEBULI),und,accepted,onion,{},"{""cohort"":"""",""provider_ref"":""com.vorwerk.ingredients.Ingredient-rpf-18"",""provider_review_key"":""f895b0e23b5c82b4825e71b4addb7a698ca11378f58f733f29afd64022e4b4cc"",""title_hash"":""288971671685b8da56623362c82e1ead68186c5150a35e3b35b5ef74cd7ceebc""}",frozen provider observations + curated eval ontology audit,operator-corrective-review-v2,Independent holdout surface-form review; not an ingest manifest row
independent-holdout-positive-211,positive,(CHICKEN STOCK PASTE HOMEMADE),und,accepted,stock-paste,"{""form"":""paste"",""species"":""chicken"",""variety"":""chicken""}","{""cohort"":"""",""provider_ref"":""com.vorwerk.ingredients.Ingredient-rpf-490"",""provider_review_key"":""fd9e96d1612433fb4b15c0650379e8dc6cc7998db0bd59bcbb45f2c1f15748dd"",""title_hash"":""570da856e0100c159843eba8c056965f662551540b5a6026e987515b49ed4fdc""}",frozen provider observations + curated eval ontology audit,operator-corrective-review-v2,Independent holdout surface-form review; not an ingest manifest row
independent-holdout-positive-212,positive,(CHOPPED SPRING ONIONS),und,accepted,spring-onion,[],"{""cohort"":"""",""provider_ref"":""com.vorwerk.ingredients.Ingredient-rpf-259"",""provider_review_key"":""c4af63df4677601d32ff28e92448ca568a51f81dd684e07933921970782ff440"",""title_hash"":""885e64fbba0a02fe96ca2e9b7a1cd9832aa11aacc9a31168e1dcb338e9572132""}",frozen provider observations + curated eval ontology audit,operator-corrective-review-v2,Independent holdout surface-form review; not an ingest manifest row
independent-holdout-positive-213,positive,(COOKING OIL),und,accepted,oil,"{""variety"":""vegetable""}","{""cohort"":"""",""provider_ref"":""com.vorwerk.ingredients.Ingredient-rpf-151"",""provider_review_key"":""ce81ea2830897d7b3b50285d6af766cb85539fc425d739e216434225faccfb84"",""title_hash"":""af8378fd29c209e2003a26c6b646a09f2661e6a9855b74f27b0532987a9c0436""}",frozen provider observations + curated eval ontology audit,operator-corrective-review-v2,Independent holdout surface-form review; not an ingest manifest row
independent-holdout-positive-214,positive,(CUKINII),und,accepted,zucchini,[],"{""cohort"":"""",""provider_ref"":""com.vorwerk.ingredients.Ingredient-rpf-19"",""provider_review_key"":""e9dd59eb2528bd69d3ad7cebdec17a69f93ca1ebf8e0c4942e5c2a94bfee8033"",""title_hash"":""591a1c804dc4592231a213790656fc651026e3754e38f89c1520b6958e46ca02""}",frozen provider observations + curated eval ontology audit,operator-corrective-review-v2,Independent holdout surface-form review; not an ingest manifest row
independent-holdout-positive-215,positive,(CUKRU),und,accepted,sugar,{},"{""cohort"":"""",""provider_ref"":""com.vorwerk.ingredients.Ingredient-rpf-9"",""provider_review_key"":""54acce46feca20782bf701041e5b0ab5bd5d5172255c581d493dd908397549ea"",""title_hash"":""cc767fb1c6efc232caf9dd1f6e853d853b58ddd2c058c8820320e69d755c18fb""}",frozen provider observations + curated eval ontology audit,operator-corrective-review-v2,Independent holdout surface-form review; not an ingest manifest row
independent-holdout-positive-216,positive,(D AIL),und,accepted,garlic,"{""form"":""clove""}","{""cohort"":"""",""provider_ref"":""com.vorwerk.ingredients.Ingredient-rpf-352"",""provider_review_key"":""f7c54f17e771eb8fb243b2bf00b4e7368c2a9fa3c65d6eb94118ebc18d2d904c"",""title_hash"":""4452df579db4f1b15d9a759f28f41edd966aaa91e048f4c1f79d891e22bc3e25""}",frozen provider observations + curated eval ontology audit,operator-corrective-review-v2,Independent holdout surface-form review; not an ingest manifest row
independent-holdout-positive-217,positive,(D AVOCAT),und,accepted,avocado,[],"{""cohort"":"""",""provider_ref"":""com.vorwerk.ingredients.Ingredient-rpf-61"",""provider_review_key"":""bb5c693f0732e61181eae4086c4ed70b5766f77516e1f13e794c1f2ca7ad3005"",""title_hash"":""f9c9baac9006160a6d84a09e77cbfeac349c861513e1786ea447e00198068e20""}",frozen provider observations + curated eval ontology audit,operator-corrective-review-v2,Independent holdout surface-form review; not an ingest manifest row
independent-holdout-positive-218,positive,(DE AJÍ DE COLOR O PAPRIKA),und,accepted,paprika,[],"{""cohort"":"""",""provider_ref"":""com.vorwerk.ingredients.Ingredient-rpf-2765"",""provider_review_key"":""14399d6699c9c1b97e6e935668cd8cb43386a63efaa1d8662fdee4de349bc498"",""title_hash"":""67aa6b6c143c668356e0bf2568c44deafba7758bc84b5d53372d41cab0d5fa98""}",frozen provider observations + curated eval ontology audit,operator-corrective-review-v2,Independent holdout surface-form review; not an ingest manifest row
independent-holdout-positive-219,positive,(DE CALDO DE VERDURAS EN PASTA),und,accepted,stock-paste,"{""form"":""paste"",""variety"":""vegetable""}","{""cohort"":"""",""provider_ref"":""com.vorwerk.ingredients.Ingredient-rpf-393"",""provider_review_key"":""85a18a8fa624c877cc3c24b4fffe6993e363d4215b13891a36bf6a038b2e54fd"",""title_hash"":""e3b1927cc8a763ef27c7ed0fd4923cef7a2dd56d7431ca2f36c68031cb1358a2""}",frozen provider observations + curated eval ontology audit,operator-corrective-review-v2,Independent holdout surface-form review; not an ingest manifest row
independent-holdout-positive-220,positive,(DE JUGO DE LIMÓN),und,accepted,lemon-juice,[],"{""cohort"":"""",""provider_ref"":""com.vorwerk.ingredients.Ingredient-rpf-46"",""provider_review_key"":""994625dc85a4b9e56752fd641f33d50d646a475e5c0e0c1c23f0b4059dab0740"",""title_hash"":""a0d92592fbf2d89fdca2631774ae813178a8a28f886f4be9e19414dcdcaf2d17""}",frozen provider observations + curated eval ontology audit,operator-corrective-review-v2,Independent holdout surface-form review; not an ingest manifest row
independent-holdout-positive-221,positive,(DE LAIT DE COCO),und,accepted,coconut-milk,{},"{""cohort"":"""",""provider_ref"":""com.vorwerk.ingredients.Ingredient-rpf-91"",""provider_review_key"":""2a5d02a3ff729790e0d8ab4c01ef84352e516634eab5041ffa23565144c0e70b"",""title_hash"":""69ee4b5bc8e1c92dbc567c463def732a20fb9c51d3abf3ac030a25f663636f2f""}",frozen provider observations + curated eval ontology audit,operator-corrective-review-v2,Independent holdout surface-form review; not an ingest manifest row
independent-holdout-positive-222,positive,(DE MAYONESA),und,accepted,mayonnaise,{},"{""cohort"":"""",""provider_ref"":""com.vorwerk.ingredients.Ingredient-rpf-1138"",""provider_review_key"":""69fc99a4c3e55e6e78451b8b4b1d4868aeb36f8889919438edfb8061e03107c4"",""title_hash"":""2a3c68716e774fffb2dee83c066531c7dbaa13768ab49caf07bc73a24b027053""}",frozen provider observations + curated eval ontology audit,operator-corrective-review-v2,Independent holdout surface-form review; not an ingest manifest row
independent-holdout-positive-223,positive,(DE PIMENTÓN),und,accepted,paprika,[],"{""cohort"":"""",""provider_ref"":""com.vorwerk.ingredients.Ingredient-rpf-2765"",""provider_review_key"":""0e4ed18ad475ffa0d08dca32b434ef588491e689c5f91fd41b336d2e6b7aacd4"",""title_hash"":""67aa6b6c143c668356e0bf2568c44deafba7758bc84b5d53372d41cab0d5fa98""}",frozen provider observations + curated eval ontology audit,operator-corrective-review-v2,Independent holdout surface-form review; not an ingest manifest row
independent-holdout-positive-224,positive,(DE QUESO PARMESANO),und,accepted,parmesan,[],"{""cohort"":"""",""provider_ref"":""com.vorwerk.ingredients.Ingredient-rpf-63"",""provider_review_key"":""e9ba9765ee72c1b8939646a7793f7ea65b83d1d3afa0b26b4d588b9716358d47"",""title_hash"":""330ef099cde2127854ca50b5747c77b7f5b0d909e97c3a969c06b907f84b6e71""}",frozen provider observations + curated eval ontology audit,operator-corrective-review-v2,Independent holdout surface-form review; not an ingest manifest row
independent-holdout-positive-225,positive,(DE SAL MARINA),und,accepted,salt,"{""salt_class"":""sea""}","{""cohort"":"""",""provider_ref"":""com.vorwerk.ingredients.Ingredient-rpf-25"",""provider_review_key"":""c06d542a2ede3310f0fec641a82ac1831bbd3d78a7d8d7c1be235ae8f837134a"",""title_hash"":""69a9d240344e1e06ae6fccbce4c8904dae23dddbed90deb01dc596a525b98089""}",frozen provider observations + curated eval ontology audit,operator-corrective-review-v2,Independent holdout surface-form review; not an ingest manifest row
independent-holdout-positive-226,positive,(DE SALSA INGLESA),und,accepted,worcestershire-sauce,[],"{""cohort"":"""",""provider_ref"":""com.vorwerk.ingredients.Ingredient-rpf-136"",""provider_review_key"":""705858466b222dc5c6bad8be0f5057f5138ad9e30db64c5c5f8f7aaaff55b8ea"",""title_hash"":""330958a77f98de6b476ac51c9561cc83cdcc9b47eb4e573be16bdd1e3eeac450""}",frozen provider observations + curated eval ontology audit,operator-corrective-review-v2,Independent holdout surface-form review; not an ingest manifest row
independent-holdout-positive-227,positive,(DE TOMATES),und,accepted,tomato,[],"{""cohort"":"""",""provider_ref"":""com.vorwerk.ingredients.Ingredient-rpf-30"",""provider_review_key"":""238685cc5fcd188792bd7aa8d983dcdc0160a2dee277ad6bcfbc73b72d5a7c81"",""title_hash"":""5ed728c2fa5d767bc6c1ec6a732db1e37c343be46913e6498d340f7782691f14""}",frozen provider observations + curated eval ontology audit,operator-corrective-review-v2,Independent holdout surface-form review; not an ingest manifest row
independent-holdout-positive-228,positive,(DE VINAGRE DE ARROZ),und,accepted,vinegar,"{""variety"":""rice""}","{""cohort"":"""",""provider_ref"":""com.vorwerk.ingredients.Ingredient-rpf-1450"",""provider_review_key"":""0f7882987bdc17ccd60d359fa76cb005c5c2418bdd0d8dd4632247cc51b97237"",""title_hash"":""62d74ac3c5bcc094610be12c34f0878e4267ed6b95b5c0f5ed142681b2d90db9""}",frozen provider observations + curated eval ontology audit,operator-corrective-review-v2,Independent holdout surface-form review; not an ingest manifest row
independent-holdout-positive-229,positive,(DE VINAIGRE DE VIN BLANC),und,accepted,vinegar,"{""variety"":""white_wine""}","{""cohort"":"""",""provider_ref"":""com.vorwerk.ingredients.Ingredient-rpf-314"",""provider_review_key"":""80a0dba2162bfc1e8ebf7d67238a35d9841bb22dedab937edd2e76dc20ff25d1"",""title_hash"":""33489e83683cb827ea1372996f80c4b0bf4ce77f6e990ea1c8504026de27c7fa""}",frozen provider observations + curated eval ontology audit,operator-corrective-review-v2,Independent holdout surface-form review; not an ingest manifest row
independent-holdout-positive-230,positive,(DE VINAIGRE DE VIN ROUGE),und,accepted,vinegar,"{""variety"":""red_wine""}","{""cohort"":"""",""provider_ref"":""com.vorwerk.ingredients.Ingredient-rpf-182"",""provider_review_key"":""4ecad52a2308dbd37e1425e489c9473f0b1238ac398ecaf3fe00b0fc92668f86"",""title_hash"":""a07ad29a35ae597cea91ec624341c947e9968a67b80cb819b924c2fa374a9d9b""}",frozen provider observations + curated eval ontology audit,operator-corrective-review-v2,Independent holdout surface-form review; not an ingest manifest row
independent-holdout-positive-231,positive,(DE ZANAHORIA),und,accepted,carrot,{},"{""cohort"":"""",""provider_ref"":""com.vorwerk.ingredients.Ingredient-rpf-10"",""provider_review_key"":""144795a9f2f49cd340bc2db2f5136457ab0606d33232fd59ca5f1ee0abae559e"",""title_hash"":""b96482290a873ee9875236c0b4455988a10a7ec28bba60419d449429d0ced0e0""}",frozen provider observations + curated eval ontology audit,operator-corrective-review-v2,Independent holdout surface-form review; not an ingest manifest row
independent-holdout-positive-232,positive,(DI CIPOLLE),und,accepted,onion,{},"{""cohort"":"""",""provider_ref"":""com.vorwerk.ingredients.Ingredient-rpf-18"",""provider_review_key"":""56fa568c1b8a8239ad3083b62e449edd1886b50c6c5fa749359365fa7f31833d"",""title_hash"":""288971671685b8da56623362c82e1ead68186c5150a35e3b35b5ef74cd7ceebc""}",frozen provider observations + curated eval ontology audit,operator-corrective-review-v2,Independent holdout surface-form review; not an ingest manifest row
independent-holdout-positive-233,positive,(DI FARINA TIPO 0),und,accepted,flour,"{""form"":""flour""}","{""cohort"":"""",""provider_ref"":""com.vorwerk.ingredients.Ingredient-rpf-40"",""provider_review_key"":""6fed4ae3660ce9e6ea726403e95e3b969c1f2c312baf764c5174c14d98a75934"",""title_hash"":""5d055ff280ca0c2204537d8761a3e35c1f2af12ca2ec8d30d511593d1d88067d""}",frozen provider observations + curated eval ontology audit,operator-corrective-review-v2,Independent holdout surface-form review; not an ingest manifest row
independent-holdout-positive-234,positive,(DI PARMIGIANO REGGIANO),und,accepted,parmesan,[],"{""cohort"":"""",""provider_ref"":""com.vorwerk.ingredients.Ingredient-rpf-63"",""provider_review_key"":""df8d879c43563dc3e81964682065632f8190dbfdf61158872516081138f07368"",""title_hash"":""330ef099cde2127854ca50b5747c77b7f5b0d909e97c3a969c06b907f84b6e71""}",frozen provider observations + curated eval ontology audit,operator-corrective-review-v2,Independent holdout surface-form review; not an ingest manifest row
independent-holdout-positive-235,positive,(ESCHALOT),und,accepted,shallot,[],"{""cohort"":"""",""provider_ref"":""com.vorwerk.ingredients.Ingredient-rpf-238"",""provider_review_key"":""3e0d6e86552b3655cb0497dfca04dbb3d0d8ef465edc4db248d98e211d83b556"",""title_hash"":""0cd903a1eb6be1ec4b41f16eba048704156dea31c2da82ababdad9b97e20eddf""}",frozen provider observations + curated eval ontology audit,operator-corrective-review-v2,Independent holdout surface-form review; not an ingest manifest row
independent-holdout-positive-236,positive,(ESCHALOTS),und,accepted,shallot,[],"{""cohort"":"""",""provider_ref"":""com.vorwerk.ingredients.Ingredient-rpf-238"",""provider_review_key"":""d97c7b9e9a8e4e086a61d1606b2738e91cb87f8fff33d16af2fec24e7285aea2"",""title_hash"":""0cd903a1eb6be1ec4b41f16eba048704156dea31c2da82ababdad9b97e20eddf""}",frozen provider observations + curated eval ontology audit,operator-corrective-review-v2,Independent holdout surface-form review; not an ingest manifest row
independent-holdout-positive-237,positive,(FETA),und,accepted,feta,[],"{""cohort"":"""",""provider_ref"":""com.vorwerk.ingredients.Ingredient-rpf-341"",""provider_review_key"":""baad3100c5df88f9288d4aa3e053cc6fc7f5cf5fecf1d3d1772bf22138c74158"",""title_hash"":""2da669b07a5aa30cb57f1be445fa357d9e7b172e1f53d55b7510f7344fb3a133""}",frozen provider observations + curated eval ontology audit,operator-corrective-review-v2,Independent holdout surface-form review; not an ingest manifest row
independent-holdout-positive-238,positive,(FISCHSAUCE),und,accepted,fish-sauce,[],"{""cohort"":"""",""provider_ref"":""com.vorwerk.ingredients.Ingredient-rpf-188"",""provider_review_key"":""de6d76f2cd2a272e7e23c4c1eb52bc1d94ed3379d321145f6081f04585426b08"",""title_hash"":""5620dd11ed470447fa187ae4ae7f4be79dbe5a25b3ee1a931aeead9c1caa2ba8""}",frozen provider observations + curated eval ontology audit,operator-corrective-review-v2,Independent holdout surface-form review; not an ingest manifest row
independent-holdout-positive-239,positive,(FRESH BLUEBERRIES),und,accepted,blueberry,[],"{""cohort"":"""",""provider_ref"":""com.vorwerk.ingredients.Ingredient-rpf-1002"",""provider_review_key"":""aef9e8f5ecd455fa1435c993a7b52cf66d6b3bafdeeeef94eee4e22b0f1327ed"",""title_hash"":""ab45e8474269b026f668d49860b36850122e18a50d5ea38f3fefdae08261865c""}",frozen provider observations + curated eval ontology audit,operator-corrective-review-v2,Independent holdout surface-form review; not an ingest manifest row
independent-holdout-positive-240,positive,(FRESH TOMATOES),und,accepted,tomato,[],"{""cohort"":"""",""provider_ref"":""com.vorwerk.ingredients.Ingredient-rpf-30"",""provider_review_key"":""b209964155ff9ab925c5819746bdc116432477e6d0badbb4a7a828bf25a83240"",""title_hash"":""5ed728c2fa5d767bc6c1ec6a732db1e37c343be46913e6498d340f7782691f14""}",frozen provider observations + curated eval ontology audit,operator-corrective-review-v2,Independent holdout surface-form review; not an ingest manifest row
independent-holdout-positive-241,positive,(FRESHLY SQUEEZED LIME JUICE),und,accepted,lime-juice,[],"{""cohort"":"""",""provider_ref"":""com.vorwerk.ingredients.Ingredient-rpf-60"",""provider_review_key"":""1d9c74b47a74a1a32508a62024ea50cbe7ab984a8a66a6c24a9181b71f71c1e0"",""title_hash"":""7a27b49d802e7afe175331b6fb35e946fbab6849f7e48bd4c184177750fe9cc3""}",frozen provider observations + curated eval ontology audit,operator-corrective-review-v2,Independent holdout surface-form review; not an ingest manifest row
independent-holdout-positive-242,positive,(GRANULATED SUGAR),und,accepted,sugar,{},"{""cohort"":"""",""provider_ref"":""com.vorwerk.ingredients.Ingredient-rpf-9"",""provider_review_key"":""81025a637496d36e46986403c4e8c9b5d0e9551b8aa95083362268c61da48ec4"",""title_hash"":""cc767fb1c6efc232caf9dd1f6e853d853b58ddd2c058c8820320e69d755c18fb""}",frozen provider observations + curated eval ontology audit,operator-corrective-review-v2,Independent holdout surface-form review; not an ingest manifest row
independent-holdout-positive-243,positive,(GROUND PAPRIKA),und,accepted,paprika,[],"{""cohort"":"""",""provider_ref"":""com.vorwerk.ingredients.Ingredient-rpf-2765"",""provider_review_key"":""9c56e769ad11c17f7ce8bf685d375f77ffdaffe8eef21b864ba1ca4c5c6dbaf6"",""title_hash"":""67aa6b6c143c668356e0bf2568c44deafba7758bc84b5d53372d41cab0d5fa98""}",frozen provider observations + curated eval ontology audit,operator-corrective-review-v2,Independent holdout surface-form review; not an ingest manifest row
independent-holdout-positive-244,positive,(KAROTTEN),und,accepted,carrot,{},"{""cohort"":"""",""provider_ref"":""com.vorwerk.ingredients.Ingredient-rpf-10"",""provider_review_key"":""4c676d2a7e4f2b58820eca5cbf684eb9404e9e651d62bd73c16ac9da0611221d"",""title_hash"":""b96482290a873ee9875236c0b4455988a10a7ec28bba60419d449429d0ced0e0""}",frozen provider observations + curated eval ontology audit,operator-corrective-review-v2,Independent holdout surface-form review; not an ingest manifest row
independent-holdout-positive-245,positive,(KETCHUPU),und,accepted,ketchup,{},"{""cohort"":"""",""provider_ref"":""com.vorwerk.ingredients.Ingredient-rpf-1135"",""provider_review_key"":""81a23ef6a2d102d0ee45eddbc25c3e270d2f12f2eb5cb50815d05a8b53af8e57"",""title_hash"":""0bc3a5ae30466de3d77b506d364eabc28b1b7ceea061c2519328c7be72827483""}",frozen provider observations + curated eval ontology audit,operator-corrective-review-v2,Independent holdout surface-form review; not an ingest manifest row
independent-holdout-positive-246,positive,(LARGE RED ONIONS),und,accepted,onion,"{""variety"":""red""}","{""cohort"":"""",""provider_ref"":""com.vorwerk.ingredients.Ingredient-rpf-256"",""provider_review_key"":""39354be090ba9d091439527fa66510150e198d87408f5d34cc15dad672b66cfb"",""title_hash"":""eb31a331ca00003eaf7da5003795d7dd0a6b88438dbeecc3c74f78a9a1cb87dc""}",frozen provider observations + curated eval ontology audit,operator-corrective-review-v2,Independent holdout surface-form review; not an ingest manifest row
independent-holdout-positive-247,positive,(LE JUS D 1 2 CITRON JAUNE),und,accepted,lemon-juice,[],"{""cohort"":"""",""provider_ref"":""com.vorwerk.ingredients.Ingredient-rpf-46"",""provider_review_key"":""7004281aec560e47755c813754bef5c7bb1cd91aa13fe30261c2c8e9c438c586"",""title_hash"":""a0d92592fbf2d89fdca2631774ae813178a8a28f886f4be9e19414dcdcaf2d17""}",frozen provider observations + curated eval ontology audit,operator-corrective-review-v2,Independent holdout surface-form review; not an ingest manifest row
independent-holdout-positive-248,positive,(LIMES),und,accepted,lime,{},"{""cohort"":"""",""provider_ref"":""com.vorwerk.ingredients.Ingredient-rpf-59"",""provider_review_key"":""e0d57e4153946f1a88dffddad0517f9e5a69a4e1b7df3c2e30ce87aedfa1f3c7"",""title_hash"":""efbaa8cbfffc1af3afcf8082a3732e4d5111104ae3f6ef8b2545975e50497505""}",frozen provider observations + curated eval ontology audit,operator-corrective-review-v2,Independent holdout surface-form review; not an ingest manifest row
independent-holdout-positive-249,positive,(LIMETTENSAFT),und,accepted,lime-juice,[],"{""cohort"":"""",""provider_ref"":""com.vorwerk.ingredients.Ingredient-rpf-60"",""provider_review_key"":""4d44e1ba24d668c414f925deaba2f91d70a074bdb046b708ee3d216f65659a94"",""title_hash"":""7a27b49d802e7afe175331b6fb35e946fbab6849f7e48bd4c184177750fe9cc3""}",frozen provider observations + curated eval ontology audit,operator-corrective-review-v2,Independent holdout surface-form review; not an ingest manifest row
independent-holdout-positive-250,positive,(LIMÓN),und,accepted,lemon,{},"{""cohort"":"""",""provider_ref"":""com.vorwerk.ingredients.Ingredient-rpf-32"",""provider_review_key"":""7769281cdfa3528d6acab616aa29d1842779e215961919f25975d67558b51a28"",""title_hash"":""f464d7d71c06e47a535ce441aa202aa717cddeab902a45b0c283aac7a9a090d7""}",frozen provider observations + curated eval ontology audit,operator-corrective-review-v2,Independent holdout surface-form review; not an ingest manifest row
independent-holdout-positive-251,positive,(LOW MOISTURE MOZZARELLA),und,accepted,mozzarella,{},"{""cohort"":"""",""provider_ref"":""com.vorwerk.ingredients.Ingredient-rpf-224"",""provider_review_key"":""6ad4571a44533196448d93c2497a199a9a3f158ea634eff6742ce49c1d42c332"",""title_hash"":""b5508392157fa1c40dcab78b7a43b66ece775fd4bbb6e04a1b426db2d42310d7""}",frozen provider observations + curated eval ontology audit,operator-corrective-review-v2,Independent holdout surface-form review; not an ingest manifest row
independent-holdout-positive-252,positive,(MAIONESE),und,accepted,mayonnaise,{},"{""cohort"":"""",""provider_ref"":""com.vorwerk.ingredients.Ingredient-rpf-1138"",""provider_review_key"":""c7a285609d21d6e9e3a48863ea0a331d2a7678ed325605e98a40e488f2c10825"",""title_hash"":""2a3c68716e774fffb2dee83c066531c7dbaa13768ab49caf07bc73a24b027053""}",frozen provider observations + curated eval ontology audit,operator-corrective-review-v2,Independent holdout surface-form review; not an ingest manifest row
independent-holdout-positive-253,positive,(MIODU),und,accepted,honey,{},"{""cohort"":"""",""provider_ref"":""com.vorwerk.ingredients.Ingredient-rpf-82"",""provider_review_key"":""4cacbf0d507b6b1e532e4e0ac4d84a08ebd5cf738fc86a4626a345bc82f60b36"",""title_hash"":""a55e2e3846a51f6ad0abfdfbdea2ba0e5e0c76b5ccfa8a920895fedeae89a8b6""}",frozen provider observations + curated eval ontology audit,operator-corrective-review-v2,Independent holdout surface-form review; not an ingest manifest row
independent-holdout-positive-254,positive,(MISKET LIMONU),und,accepted,lime,{},"{""cohort"":"""",""provider_ref"":""com.vorwerk.ingredients.Ingredient-rpf-59"",""provider_review_key"":""31b0f50b15fc01a0702db8aea63cbd63223eec00c13e10b86b162ecc73fe481d"",""title_hash"":""efbaa8cbfffc1af3afcf8082a3732e4d5111104ae3f6ef8b2545975e50497505""}",frozen provider observations + curated eval ontology audit,operator-corrective-review-v2,Independent holdout surface-form review; not an ingest manifest row
independent-holdout-positive-255,positive,(MISKET LIMONU SUYU),und,accepted,lime-juice,[],"{""cohort"":"""",""provider_ref"":""com.vorwerk.ingredients.Ingredient-rpf-60"",""provider_review_key"":""4c3fecc3cc106f3db5a83b025704bf84919787ebb610807936b0e80674c0f789"",""title_hash"":""7a27b49d802e7afe175331b6fb35e946fbab6849f7e48bd4c184177750fe9cc3""}",frozen provider observations + curated eval ontology audit,operator-corrective-review-v2,Independent holdout surface-form review; not an ingest manifest row
independent-holdout-positive-256,positive,(MOSTARDA),und,accepted,mustard,{},"{""cohort"":"""",""provider_ref"":""com.vorwerk.ingredients.Ingredient-rpf-79"",""provider_review_key"":""cf3002d273df46eebe50e01ddffe6f14bf1fade169216b4ffe3bea0e64200ab8"",""title_hash"":""352b5b6699d83cdc4efde9671693f7d9ca961ca986a90a6b80550a7d173fae4b""}",frozen provider observations + curated eval ontology audit,operator-corrective-review-v2,Independent holdout surface-form review; not an ingest manifest row
independent-holdout-positive-257,positive,(MOSTARDA DE DIJON),und,accepted,dijon-mustard,{},"{""cohort"":"""",""provider_ref"":""com.vorwerk.ingredients.Ingredient-rpf-458"",""provider_review_key"":""21d5fd0456c0dac0ddc80063adcb741e42adbf5fcd3c2779f158d5eb52e27845"",""title_hash"":""9c48958eb2d8a6b2b6f50bbccbc5e1b1daa290126f6c29414c7e0692d268dec3""}",frozen provider observations + curated eval ontology audit,operator-corrective-review-v2,Independent holdout surface-form review; not an ingest manifest row
independent-holdout-positive-258,positive,(MUSZTARDY),und,accepted,mustard,{},"{""cohort"":"""",""provider_ref"":""com.vorwerk.ingredients.Ingredient-rpf-79"",""provider_review_key"":""581ae607423a54e44464f1d256842ba5c1987fb28580b148ec334ddd5d9ec6c9"",""title_hash"":""352b5b6699d83cdc4efde9671693f7d9ca961ca986a90a6b80550a7d173fae4b""}",frozen provider observations + curated eval ontology audit,operator-corrective-review-v2,Independent holdout surface-form review; not an ingest manifest row
independent-holdout-positive-259,positive,(MUỐI BIỂN),und,accepted,salt,"{""salt_class"":""sea""}","{""cohort"":"""",""provider_ref"":""com.vorwerk.ingredients.Ingredient-rpf-25"",""provider_review_key"":""6389cba64ea11e44308c5fdba3303d69b9dec2e82e8633e48d854bea068d5966"",""title_hash"":""69a9d240344e1e06ae6fccbce4c8904dae23dddbed90deb01dc596a525b98089""}",frozen provider observations + curated eval ontology audit,operator-corrective-review-v2,Independent holdout surface-form review; not an ingest manifest row
independent-holdout-positive-260,positive,(NATURAL PEANUT BUTTER),und,accepted,peanut-butter,{},"{""cohort"":"""",""provider_ref"":""com.vorwerk.ingredients.Ingredient-rpf-4026"",""provider_review_key"":""098e33bfc94a23ea31539cd20855564d04911c7983e116b35ae39f5fa2c53f0a"",""title_hash"":""8ab7d8548a9a844cc15713a9cb891fbc74631843de1677673df02f43dbe489ce""}",frozen provider observations + curated eval ontology audit,operator-corrective-review-v2,Independent holdout surface-form review; not an ingest manifest row
independent-holdout-positive-261,positive,(NƯỚC),und,accepted,water,[],"{""cohort"":"""",""provider_ref"":""com.vorwerk.ingredients.Ingredient-rpf-54"",""provider_review_key"":""146d5793dcbdccd86ea0a9103938aa37db075f3dc0f5c4cb7f811c7f51dcf8da"",""title_hash"":""0f4168490e38b8447e11ba4bd656aa11b925bd22af30bac464bc153fdb608501""}",frozen provider observations + curated eval ontology audit,operator-corrective-review-v2,Independent holdout surface-form review; not an ingest manifest row
independent-holdout-positive-262,positive,(OCTU),und,accepted,vinegar,{},"{""cohort"":"""",""provider_ref"":""com.vorwerk.ingredients.Ingredient-rpf-58"",""provider_review_key"":""186e9de88d38adc8cd411e4b4ff3fd0e3ca6aacc27cd697c9d4217b215f1f6b5"",""title_hash"":""1bc690684dc2af6fde7849d9715f499f0c074c19dff137aa047a68c42f488b26""}",frozen provider observations + curated eval ontology audit,operator-corrective-review-v2,Independent holdout surface-form review; not an ingest manifest row
independent-holdout-positive-263,positive,(OIL VEGETABLE),und,accepted,oil,"{""variety"":""vegetable""}","{""cohort"":"""",""provider_ref"":""com.vorwerk.ingredients.Ingredient-rpf-151"",""provider_review_key"":""0994c16121d34ad28bc5acccfce4f59ba4ffb4a8a990b72b88ac698e0bf86e14"",""title_hash"":""af8378fd29c209e2003a26c6b646a09f2661e6a9855b74f27b0532987a9c0436""}",frozen provider observations + curated eval ontology audit,operator-corrective-review-v2,Independent holdout surface-form review; not an ingest manifest row
independent-holdout-positive-264,positive,(OLEJU),und,accepted,oil,"{""variety"":""vegetable""}","{""cohort"":"""",""provider_ref"":""com.vorwerk.ingredients.Ingredient-rpf-151"",""provider_review_key"":""5977233f37e5115603ba8dd636a069a4c669534fb6faa78230273816f4ae3d34"",""title_hash"":""af8378fd29c209e2003a26c6b646a09f2661e6a9855b74f27b0532987a9c0436""}",frozen provider observations + curated eval ontology audit,operator-corrective-review-v2,Independent holdout surface-form review; not an ingest manifest row
independent-holdout-positive-265,positive,(PAPRIKA GROUND),und,accepted,paprika,[],"{""cohort"":"""",""provider_ref"":""com.vorwerk.ingredients.Ingredient-rpf-2765"",""provider_review_key"":""6d8690bf63e280a4fda0d9c24288a233f0b1c65d00b136d6f280baeb90c8e3c6"",""title_hash"":""67aa6b6c143c668356e0bf2568c44deafba7758bc84b5d53372d41cab0d5fa98""}",frozen provider observations + curated eval ontology audit,operator-corrective-review-v2,Independent holdout surface-form review; not an ingest manifest row
independent-holdout-positive-266,positive,(PEARS),und,accepted,pear,{},"{""cohort"":"""",""provider_ref"":""com.vorwerk.ingredients.Ingredient-rpf-1041"",""provider_review_key"":""e4a4969d72224c7f5f8cca84e2a84955e83b4e0e8b402576e591fd7231aec9ee"",""title_hash"":""97cfbe87531abe0c6bac7b21d616cb422faaa158a9f2ae7e8685c79eb85fc65e""}",frozen provider observations + curated eval ontology audit,operator-corrective-review-v2,Independent holdout surface-form review; not an ingest manifest row
independent-holdout-positive-267,positive,(POMIDORÓW),und,accepted,tomato,[],"{""cohort"":"""",""provider_ref"":""com.vorwerk.ingredients.Ingredient-rpf-30"",""provider_review_key"":""44609e97be9dd7c8375cfc728ad81c2a5f8ed00e6a58a392613cece8a2076d9d"",""title_hash"":""5ed728c2fa5d767bc6c1ec6a732db1e37c343be46913e6498d340f7782691f14""}",frozen provider observations + curated eval ontology audit,operator-corrective-review-v2,Independent holdout surface-form review; not an ingest manifest row
independent-holdout-positive-268,positive,(QUEIJO CHEDDAR),und,accepted,cheddar,[],"{""cohort"":"""",""provider_ref"":""com.vorwerk.ingredients.Ingredient-rpf-1414"",""provider_review_key"":""13d4be9fc25ab09bdb4578da48d68e995310e518f53bee075bb2a7c400384a7e"",""title_hash"":""162aee2f56be01284ed76dac7bf58cf2eb783b143e0865c0cd238400a3b95868""}",frozen provider observations + curated eval ontology audit,operator-corrective-review-v2,Independent holdout surface-form review; not an ingest manifest row
independent-holdout-positive-269,positive,(QUESO PARMESANO),und,accepted,parmesan,[],"{""cohort"":"""",""provider_ref"":""com.vorwerk.ingredients.Ingredient-rpf-63"",""provider_review_key"":""fcc043f4ff2e8250af7879044c10404f831c5285faaa2978d965a01f232e3be3"",""title_hash"":""330ef099cde2127854ca50b5747c77b7f5b0d909e97c3a969c06b907f84b6e71""}",frozen provider observations + curated eval ontology audit,operator-corrective-review-v2,Independent holdout surface-form review; not an ingest manifest row
independent-holdout-positive-270,positive,(RICE WINE VINEGAR),und,accepted,vinegar,"{""variety"":""rice""}","{""cohort"":"""",""provider_ref"":""com.vorwerk.ingredients.Ingredient-rpf-1450"",""provider_review_key"":""3beedb6a93dfb64d774bd807a3df3c8ee1d911a2cafe5ca8a6594dc6eba9e7f4"",""title_hash"":""62d74ac3c5bcc094610be12c34f0878e4267ed6b95b5c0f5ed142681b2d90db9""}",frozen provider observations + curated eval ontology audit,operator-corrective-review-v2,Independent holdout surface-form review; not an ingest manifest row
independent-holdout-positive-271,positive,(RICE WINE VINEGAR UNSEASONED),und,accepted,vinegar,"{""variety"":""rice""}","{""cohort"":"""",""provider_ref"":""com.vorwerk.ingredients.Ingredient-rpf-1450"",""provider_review_key"":""c6e7bd0ffda4f754648d95240feb559ccc7e233318d3ffbec4092355d35f1b47"",""title_hash"":""62d74ac3c5bcc094610be12c34f0878e4267ed6b95b5c0f5ed142681b2d90db9""}",frozen provider observations + curated eval ontology audit,operator-corrective-review-v2,Independent holdout surface-form review; not an ingest manifest row
independent-holdout-positive-272,positive,(RUNNY HONEY),und,accepted,honey,{},"{""cohort"":"""",""provider_ref"":""com.vorwerk.ingredients.Ingredient-rpf-82"",""provider_review_key"":""3e5b074c2990709a9f62a927580274bbc04fd9e377e788f9b95c1fe86ee68c6c"",""title_hash"":""a55e2e3846a51f6ad0abfdfbdea2ba0e5e0c76b5ccfa8a920895fedeae89a8b6""}",frozen provider observations + curated eval ontology audit,operator-corrective-review-v2,Independent holdout surface-form review; not an ingest manifest row
independent-holdout-positive-273,positive,(SALATGURKE),und,accepted,cucumber,{},"{""cohort"":"""",""provider_ref"":""com.vorwerk.ingredients.Ingredient-rpf-199"",""provider_review_key"":""f473e5978bfd8a7614e0baac46da414d8c78ddd0c1a057ac5df39dd3de063486"",""title_hash"":""dd832404e8eeb90793f0369b96ed1702e0e22487a58eb4c1f285a4af5c4f6f21""}",frozen provider observations + curated eval ontology audit,operator-corrective-review-v2,Independent holdout surface-form review; not an ingest manifest row
independent-holdout-positive-274,positive,(SALSA),und,accepted,parsley,"{""state"":""fresh""}","{""cohort"":""pt"",""provider_ref"":""com.vorwerk.ingredients.Ingredient-rpf-33"",""provider_review_key"":""6649698a28cb1f70d896865b4e3f479abfd607d33c03efce8962144e1d1aaea8"",""title_hash"":""9f65e7fcdfcbeecd7e432bf3b24c678c05db722a5b29989be5f93b339bc86326""}",frozen rpf-33 observation + salsa 910/952 cohort,operator-corrective-review-v2,Independent holdout surface-form review; not an ingest manifest row
independent-holdout-positive-275,positive,(SCALLIONS),und,accepted,spring-onion,[],"{""cohort"":"""",""provider_ref"":""com.vorwerk.ingredients.Ingredient-rpf-535"",""provider_review_key"":""afc25b59d3606bb5baacdb9ad9429e72a273bed3b74da5b6e156d0b1d9725044"",""title_hash"":""1ffd58e701c0a9f857b2a0a9d458777b4b96ed42a22691d4d81482c4691102b9""}",frozen provider observations + curated eval ontology audit,operator-corrective-review-v2,Independent holdout surface-form review; not an ingest manifest row
independent-holdout-positive-276,positive,(SERA ŻÓŁTEGO),und,accepted,cheese,{},"{""cohort"":"""",""provider_ref"":""com.vorwerk.ingredients.Ingredient-rpf-74"",""provider_review_key"":""b299b3bf710e78e2c8e4e399f3f248432049cb1e3850e26f97d0109e4fb0fbce"",""title_hash"":""873ac9ffea4dd04fa719e8920cd6938f0c23cd678af330939cff53c3d2855f34""}",frozen provider observations + curated eval ontology audit,operator-corrective-review-v2,Independent holdout surface-form review; not an ingest manifest row
independent-holdout-positive-277,positive,(SHAVED PARMESAN CHEESE),und,accepted,parmesan,[],"{""cohort"":"""",""provider_ref"":""com.vorwerk.ingredients.Ingredient-rpf-63"",""provider_review_key"":""dae9d1d4864ec5116fe7a195bd41bdc7e2b147a944a45a1f8e7d39bb1ab83297"",""title_hash"":""330ef099cde2127854ca50b5747c77b7f5b0d909e97c3a969c06b907f84b6e71""}",frozen provider observations + curated eval ontology audit,operator-corrective-review-v2,Independent holdout surface-form review; not an ingest manifest row
independent-holdout-positive-278,positive,(SOKU Z CYTRYNY),und,accepted,lemon-juice,[],"{""cohort"":"""",""provider_ref"":""com.vorwerk.ingredients.Ingredient-rpf-46"",""provider_review_key"":""f782ecf7f56ea312483db5aefee10510bd0db47fa766861305c2e145bddfb502"",""title_hash"":""a0d92592fbf2d89fdca2631774ae813178a8a28f886f4be9e19414dcdcaf2d17""}",frozen provider observations + curated eval ontology audit,operator-corrective-review-v2,Independent holdout surface-form review; not an ingest manifest row
independent-holdout-positive-279,positive,(SOSU WORCESTERSHIRE),und,accepted,worcestershire-sauce,[],"{""cohort"":"""",""provider_ref"":""com.vorwerk.ingredients.Ingredient-rpf-136"",""provider_review_key"":""732f1778654a08abc4966358863b2118d73047a229ed012cb04de44842294407"",""title_hash"":""330958a77f98de6b476ac51c9561cc83cdcc9b47eb4e573be16bdd1e3eeac450""}",frozen provider observations + curated eval ontology audit,operator-corrective-review-v2,Independent holdout surface-form review; not an ingest manifest row
independent-holdout-positive-280,positive,(SPRING ONIONS GREEN ONIONS),und,accepted,spring-onion,[],"{""cohort"":"""",""provider_ref"":""com.vorwerk.ingredients.Ingredient-rpf-259"",""provider_review_key"":""525b80baff60224953a7853208b2c73d2af214ba0e876e8823774d1c74789dff"",""title_hash"":""885e64fbba0a02fe96ca2e9b7a1cd9832aa11aacc9a31168e1dcb338e9572132""}",frozen provider observations + curated eval ontology audit,operator-corrective-review-v2,Independent holdout surface-form review; not an ingest manifest row
independent-holdout-positive-281,positive,(SPRING ONIONS SHALLOTS),und,accepted,spring-onion,[],"{""cohort"":"""",""provider_ref"":""com.vorwerk.ingredients.Ingredient-rpf-259"",""provider_review_key"":""3b61188487a1c2f34eba02d0169cb5884c68987d706d40149da1a3a7784ccf13"",""title_hash"":""885e64fbba0a02fe96ca2e9b7a1cd9832aa11aacc9a31168e1dcb338e9572132""}",frozen provider observations + curated eval ontology audit,operator-corrective-review-v2,Independent holdout surface-form review; not an ingest manifest row
independent-holdout-positive-282,positive,(SU),und,accepted,water,[],"{""cohort"":"""",""provider_ref"":""com.vorwerk.ingredients.Ingredient-rpf-54"",""provider_review_key"":""6628fbf284f844ae729b671ebafbcad5cdff7e3eabd5a0333a2276e944666ddb"",""title_hash"":""0f4168490e38b8447e11ba4bd656aa11b925bd22af30bac464bc153fdb608501""}",frozen provider observations + curated eval ontology audit,operator-corrective-review-v2,Independent holdout surface-form review; not an ingest manifest row
independent-holdout-positive-283,positive,(TOMATO KETCHUP),und,accepted,ketchup,{},"{""cohort"":"""",""provider_ref"":""com.vorwerk.ingredients.Ingredient-rpf-1135"",""provider_review_key"":""56363b0dbd2adaa44079c00461081096a1dd290e528bab65185f4968b1fb9dde"",""title_hash"":""0bc3a5ae30466de3d77b506d364eabc28b1b7ceea061c2519328c7be72827483""}",frozen provider observations + curated eval ontology audit,operator-corrective-review-v2,Independent holdout surface-form review; not an ingest manifest row
independent-holdout-positive-284,positive,(TÉP TỎI),und,accepted,garlic,"{""form"":""clove""}","{""cohort"":"""",""provider_ref"":""com.vorwerk.ingredients.Ingredient-rpf-352"",""provider_review_key"":""64bbed14055db9d0e941468dcce1a0bb6acaed29de8cd58d40425817443f37fe"",""title_hash"":""4452df579db4f1b15d9a759f28f41edd966aaa91e048f4c1f79d891e22bc3e25""}",frozen provider observations + curated eval ontology audit,operator-corrective-review-v2,Independent holdout surface-form review; not an ingest manifest row
independent-holdout-positive-285,positive,(UNCOOKED WHOLE CHICKEN),und,accepted,chicken,{},"{""cohort"":"""",""provider_ref"":""com.vorwerk.ingredients.Ingredient-rpf-254"",""provider_review_key"":""29ed5a4e51fe17979f3eee678a182a1acf52a2c3c88a72dee43a14d97cd53b83"",""title_hash"":""811eb81b9d11d65a36c53c3ebdb738ee303403cb79d781ccf4b40764e0a9d12a""}",frozen provider observations + curated eval ontology audit,operator-corrective-review-v2,Independent holdout surface-form review; not an ingest manifest row
independent-holdout-positive-286,positive,(VEGETABLE STOCK PASTE HOMEMADE),und,accepted,stock-paste,"{""form"":""paste"",""variety"":""vegetable""}","{""cohort"":"""",""provider_ref"":""com.vorwerk.ingredients.Ingredient-rpf-393"",""provider_review_key"":""48342b1ff49f7139ec31a2d9be9ba2114b75bffe5deda77c4fea72773d8fe811"",""title_hash"":""e3b1927cc8a763ef27c7ed0fd4923cef7a2dd56d7431ca2f36c68031cb1358a2""}",frozen provider observations + curated eval ontology audit,operator-corrective-review-v2,Independent holdout surface-form review; not an ingest manifest row
independent-holdout-positive-287,positive,(VINAGRE DE VINHO TINTO),und,accepted,vinegar,"{""variety"":""red_wine""}","{""cohort"":"""",""provider_ref"":""com.vorwerk.ingredients.Ingredient-rpf-182"",""provider_review_key"":""3dc505f6b0ba33f8ea04da4fdfcba9315d024c8373f3b51b5b1eccf4180b4789"",""title_hash"":""a07ad29a35ae597cea91ec624341c947e9968a67b80cb819b924c2fa374a9d9b""}",frozen provider observations + curated eval ontology audit,operator-corrective-review-v2,Independent holdout surface-form review; not an ingest manifest row
independent-holdout-positive-288,positive,(WHITE RICE),und,accepted,rice,[],"{""cohort"":"""",""provider_ref"":""com.vorwerk.ingredients.Ingredient-rpf-7"",""provider_review_key"":""d3719bd88c3bcd217f2c5ae60531f245bc14ea5ec14a8e7a9738fb61128a6d76"",""title_hash"":""209f76418ece7c936b65ff4777a578d860f762c37ad6c7f08f5826242199ef51""}",frozen provider observations + curated eval ontology audit,operator-corrective-review-v2,Independent holdout surface-form review; not an ingest manifest row
independent-holdout-positive-289,positive,(WHOLE CHICKEN),und,accepted,chicken,{},"{""cohort"":"""",""provider_ref"":""com.vorwerk.ingredients.Ingredient-rpf-254"",""provider_review_key"":""f73701cfd5d65a643acf8b97b46254305a9c9eb8c5474cfcfa72d0338e6525e6"",""title_hash"":""811eb81b9d11d65a36c53c3ebdb738ee303403cb79d781ccf4b40764e0a9d12a""}",frozen provider observations + curated eval ontology audit,operator-corrective-review-v2,Independent holdout surface-form review; not an ingest manifest row
independent-holdout-positive-290,positive,(WORCESTER SAUCE),und,accepted,worcestershire-sauce,[],"{""cohort"":"""",""provider_ref"":""com.vorwerk.ingredients.Ingredient-rpf-136"",""provider_review_key"":""fa3475be639a814cf959c78d978e5d5e5c80b619a4fd2e03566c3dc4abb779f0"",""title_hash"":""330958a77f98de6b476ac51c9561cc83cdcc9b47eb4e573be16bdd1e3eeac450""}",frozen provider observations + curated eval ontology audit,operator-corrective-review-v2,Independent holdout surface-form review; not an ingest manifest row
independent-holdout-positive-291,positive,(ZITRONENSAFT FRISCH GEPRESST),und,accepted,lemon-juice,[],"{""cohort"":"""",""provider_ref"":""com.vorwerk.ingredients.Ingredient-rpf-7310"",""provider_review_key"":""a4fe92b67d901153ae80257b8881b8ae9d618f3c1ee75e5c4d5a502121abd304"",""title_hash"":""af9f757f9e3399e4f349ee9ea6263db3d03ae03459d777fc6f4d4f41faa448c4""}",frozen provider observations + curated eval ontology audit,operator-corrective-review-v2,Independent holdout surface-form review; not an ingest manifest row
independent-holdout-positive-292,positive,(ZĄBKI CZOSNKU),und,accepted,garlic,"{""form"":""clove""}","{""cohort"":"""",""provider_ref"":""com.vorwerk.ingredients.Ingredient-rpf-352"",""provider_review_key"":""9946b053bf86e943fb364e6dc7fc58c4dd3b84fd7c262d26ac8be63fe15ef610"",""title_hash"":""4452df579db4f1b15d9a759f28f41edd966aaa91e048f4c1f79d891e22bc3e25""}",frozen provider observations + curated eval ontology audit,operator-corrective-review-v2,Independent holdout surface-form review; not an ingest manifest row
independent-holdout-positive-293,positive,(ĐƯỜNG),und,accepted,sugar,{},"{""cohort"":"""",""provider_ref"":""com.vorwerk.ingredients.Ingredient-rpf-9"",""provider_review_key"":""d6cbbae779e9632c4cd1912c5955f2cb638780b909181372250231b13d6ae87a"",""title_hash"":""cc767fb1c6efc232caf9dd1f6e853d853b58ddd2c058c8820320e69d755c18fb""}",frozen provider observations + curated eval ontology audit,operator-corrective-review-v2,Independent holdout surface-form review; not an ingest manifest row
independent-holdout-positive-294,positive,(ŞEKER),und,accepted,sugar,{},"{""cohort"":"""",""provider_ref"":""com.vorwerk.ingredients.Ingredient-rpf-9"",""provider_review_key"":""d4b419219a22927e81ac54c0f13cd5f91f9a5603502f685d1ad3deb5a4d6b569"",""title_hash"":""cc767fb1c6efc232caf9dd1f6e853d853b58ddd2c058c8820320e69d755c18fb""}",frozen provider observations + curated eval ontology audit,operator-corrective-review-v2,Independent holdout surface-form review; not an ingest manifest row
independent-holdout-positive-295,positive,(ΘΑΛΑΣΣΙΝΌ ΑΛΆΤΙ),und,accepted,salt,"{""salt_class"":""sea""}","{""cohort"":"""",""provider_ref"":""com.vorwerk.ingredients.Ingredient-rpf-25"",""provider_review_key"":""d9a3a1cec5a2133a50f28d3307b17d96c602533ca2c485a5a86ee740a01191f2"",""title_hash"":""69a9d240344e1e06ae6fccbce4c8904dae23dddbed90deb01dc596a525b98089""}",frozen provider observations + curated eval ontology audit,operator-corrective-review-v2,Independent holdout surface-form review; not an ingest manifest row
independent-holdout-positive-296,positive,(ΝΕΡΌ),und,accepted,water,[],"{""cohort"":"""",""provider_ref"":""com.vorwerk.ingredients.Ingredient-rpf-54"",""provider_review_key"":""dd574e18c5cfa0214466f3a76dbd7b2ab84c19043c7967b6893fb160d929f601"",""title_hash"":""0f4168490e38b8447e11ba4bd656aa11b925bd22af30bac464bc153fdb608501""}",frozen provider observations + curated eval ontology audit,operator-corrective-review-v2,Independent holdout surface-form review; not an ingest manifest row
independent-holdout-positive-297,positive,(ΠΆΠΡΙΚΑ),und,accepted,paprika,[],"{""cohort"":"""",""provider_ref"":""com.vorwerk.ingredients.Ingredient-rpf-2765"",""provider_review_key"":""068307b3b0a9be3689b232538fa4e8920ea2110ddf773b7c25914cef928ee2b1"",""title_hash"":""67aa6b6c143c668356e0bf2568c44deafba7758bc84b5d53372d41cab0d5fa98""}",frozen provider observations + curated eval ontology audit,operator-corrective-review-v2,Independent holdout surface-form review; not an ingest manifest row
independent-holdout-positive-298,positive,(ΠΆΣΤΑ ΖΩΜΟΎ ΚΟΤΌΠΟΥΛΟΥ),und,accepted,stock-paste,"{""form"":""paste"",""species"":""chicken"",""variety"":""chicken""}","{""cohort"":"""",""provider_ref"":""com.vorwerk.ingredients.Ingredient-rpf-490"",""provider_review_key"":""a2988a184a5c3934f7a74ec7b8d4d4d30454fce1ab2100904d57d9922135ec49"",""title_hash"":""570da856e0100c159843eba8c056965f662551540b5a6026e987515b49ed4fdc""}",frozen provider observations + curated eval ontology audit,operator-corrective-review-v2,Independent holdout surface-form review; not an ingest manifest row
independent-holdout-positive-299,positive,(σκελίδες σκόρδο),und,accepted,garlic,"{""form"":""clove""}","{""cohort"":"""",""provider_ref"":""com.vorwerk.ingredients.Ingredient-rpf-352"",""provider_review_key"":""c4eb467db1f968027421d5e1da8a7d45b24ef05968d6bddd326948f7026d0c6e"",""title_hash"":""4452df579db4f1b15d9a759f28f41edd966aaa91e048f4c1f79d891e22bc3e25""}",frozen provider observations + curated eval ontology audit,operator-corrective-review-v2,Independent holdout surface-form review; not an ingest manifest row
independent-holdout-positive-300,positive,(ỚT BỘT PAPRIKA),und,accepted,paprika,[],"{""cohort"":"""",""provider_ref"":""com.vorwerk.ingredients.Ingredient-rpf-2765"",""provider_review_key"":""e4961285aff18cdb0921eb4a71d1db02089860ea00851b91f902124a2661e06e"",""title_hash"":""67aa6b6c143c668356e0bf2568c44deafba7758bc84b5d53372d41cab0d5fa98""}",frozen provider observations + curated eval ontology audit,operator-corrective-review-v2,Independent holdout surface-form review; not an ingest manifest row
critical-negative-001,negative,cardamom pods,en,unresolved,,{},{},corrective request mandatory negative set,operator-corrective-review-v2,Exact reviewed critical outcome
critical-negative-002,negative,green cardamom pods,en,unresolved,,{},{},corrective request mandatory negative set,operator-corrective-review-v2,Exact reviewed critical outcome
critical-negative-003,negative,black cardamom pods,en,unresolved,,{},{},corrective request mandatory negative set,operator-corrective-review-v2,Exact reviewed critical outcome
critical-negative-004,negative,whole cardamom pods,en,unresolved,,{},{},corrective request mandatory negative set,operator-corrective-review-v2,Exact reviewed critical outcome
critical-negative-005,negative,ground cardamom pods,en,unresolved,,{},{},corrective request mandatory negative set,operator-corrective-review-v2,Exact reviewed critical outcome
critical-negative-006,negative,crushed cardamom pods,en,unresolved,,{},{},corrective request mandatory negative set,operator-corrective-review-v2,Exact reviewed critical outcome
critical-negative-007,negative,dried cardamom pods,en,unresolved,,{},{},corrective request mandatory negative set,operator-corrective-review-v2,Exact reviewed critical outcome
critical-negative-008,negative,fresh cardamom pods,en,unresolved,,{},{},corrective request mandatory negative set,operator-corrective-review-v2,Exact reviewed critical outcome
critical-negative-009,negative,vanilla pod,en,accepted,vanilla,"{""form"":""pod""}",{},corrective request mandatory negative set,operator-corrective-review-v2,Exact reviewed critical outcome
critical-negative-010,negative,vanilla pods,en,unresolved,,{},{},corrective request mandatory negative set,operator-corrective-review-v2,Exact reviewed critical outcome
critical-negative-011,negative,vanilla bean pod,en,unresolved,,{},{},corrective request mandatory negative set,operator-corrective-review-v2,Exact reviewed critical outcome
critical-negative-012,negative,vanilla bean pods,en,unresolved,,{},{},corrective request mandatory negative set,operator-corrective-review-v2,Exact reviewed critical outcome
critical-negative-013,negative,whole vanilla pods,en,unresolved,,{},{},corrective request mandatory negative set,operator-corrective-review-v2,Exact reviewed critical outcome
critical-negative-014,negative,split vanilla pods,en,unresolved,,{},{},corrective request mandatory negative set,operator-corrective-review-v2,Exact reviewed critical outcome
critical-negative-015,negative,dried vanilla pods,en,unresolved,,{},{},corrective request mandatory negative set,operator-corrective-review-v2,Exact reviewed critical outcome
critical-negative-016,negative,fresh vanilla pods,en,unresolved,,{},{},corrective request mandatory negative set,operator-corrective-review-v2,Exact reviewed critical outcome
critical-negative-017,negative,tonka bean pods,en,unresolved,,{},{},corrective request mandatory negative set,operator-corrective-review-v2,Exact reviewed critical outcome
critical-negative-018,negative,cocoa bean pods,en,unresolved,,{},{},corrective request mandatory negative set,operator-corrective-review-v2,Exact reviewed critical outcome
critical-negative-019,negative,pea pods,en,unresolved,,{},{},corrective request mandatory negative set,operator-corrective-review-v2,Exact reviewed critical outcome
critical-negative-020,negative,okra pods,en,unresolved,,{},{},corrective request mandatory negative set,operator-corrective-review-v2,Exact reviewed critical outcome
critical-negative-021,negative,bitter chocolate,en,unresolved,,{},{},corrective request mandatory negative set,operator-corrective-review-v2,Exact reviewed critical outcome
critical-negative-022,negative,bitter dark chocolate,en,unresolved,,{},{},corrective request mandatory negative set,operator-corrective-review-v2,Exact reviewed critical outcome
critical-negative-023,negative,bittersweet chocolate,en,accepted,chocolate,"{""chocolate_class"":""bittersweet""}",{},corrective request mandatory negative set,operator-corrective-review-v2,Exact reviewed critical outcome
critical-negative-024,negative,bitter çikolata,en,unresolved,,{},{},corrective request mandatory negative set,operator-corrective-review-v2,Exact reviewed critical outcome
critical-negative-025,negative,zartbitter schokolade,en,unresolved,,{},{},corrective request mandatory negative set,operator-corrective-review-v2,Exact reviewed critical outcome
critical-negative-026,negative,chocolat amer,en,unresolved,,{},{},corrective request mandatory negative set,operator-corrective-review-v2,Exact reviewed critical outcome
critical-negative-027,negative,chocolate amargo,en,unresolved,,{},{},corrective request mandatory negative set,operator-corrective-review-v2,Exact reviewed critical outcome
critical-negative-028,negative,cioccolato amaro,en,unresolved,,{},{},corrective request mandatory negative set,operator-corrective-review-v2,Exact reviewed critical outcome
critical-negative-029,negative,chocolate meio amargo,en,unresolved,,{},{},corrective request mandatory negative set,operator-corrective-review-v2,Exact reviewed critical outcome
critical-negative-030,negative,gorzkiej czekolady,en,unresolved,,{},{},corrective request mandatory negative set,operator-corrective-review-v2,Exact reviewed critical outcome
critical-negative-031,negative,unsweetened bitter chocolate,en,unresolved,,{},{},corrective request mandatory negative set,operator-corrective-review-v2,Exact reviewed critical outcome
critical-negative-032,negative,dark bitter chocolate,en,unresolved,,{},{},corrective request mandatory negative set,operator-corrective-review-v2,Exact reviewed critical outcome
critical-negative-033,negative,70 percent bitter chocolate,en,unresolved,,{},{},corrective request mandatory negative set,operator-corrective-review-v2,Exact reviewed critical outcome
critical-negative-034,negative,bitter cocoa chocolate,en,unresolved,,{},{},corrective request mandatory negative set,operator-corrective-review-v2,Exact reviewed critical outcome
critical-negative-035,negative,bitter milk chocolate,en,unresolved,,{},{},corrective request mandatory negative set,operator-corrective-review-v2,Exact reviewed critical outcome
critical-negative-036,negative,soy sauce,en,accepted,soy-sauce,{},{},corrective request mandatory negative set,operator-corrective-review-v2,Exact reviewed critical outcome
critical-negative-037,negative,light soy sauce,en,unresolved,,{},{},corrective request mandatory negative set,operator-corrective-review-v2,Exact reviewed critical outcome
critical-negative-038,negative,dark soy sauce,en,unresolved,,{},{},corrective request mandatory negative set,operator-corrective-review-v2,Exact reviewed critical outcome
critical-negative-039,negative,fish sauce,en,accepted,fish-sauce,{},{},corrective request mandatory negative set,operator-corrective-review-v2,Exact reviewed critical outcome
critical-negative-040,negative,salsa de soja,en,unresolved,,{},{},corrective request mandatory negative set,operator-corrective-review-v2,Exact reviewed critical outcome
critical-negative-041,negative,salsa di soia,en,unresolved,,{},{},corrective request mandatory negative set,operator-corrective-review-v2,Exact reviewed critical outcome
critical-negative-042,negative,salsa di pesce,en,unresolved,,{},{},corrective request mandatory negative set,operator-corrective-review-v2,Exact reviewed critical outcome
critical-negative-043,negative,salsa de pescado,en,unresolved,,{},{},corrective request mandatory negative set,operator-corrective-review-v2,Exact reviewed critical outcome
critical-negative-044,negative,di salsa di soia,en,unresolved,,{},{},corrective request mandatory negative set,operator-corrective-review-v2,Exact reviewed critical outcome
critical-negative-045,negative,de salsa de soja,en,unresolved,,{},{},corrective request mandatory negative set,operator-corrective-review-v2,Exact reviewed critical outcome
critical-negative-046,negative,sauce soja,en,unresolved,,{},{},corrective request mandatory negative set,operator-corrective-review-v2,Exact reviewed critical outcome
critical-negative-047,negative,sauce de soja,en,unresolved,,{},{},corrective request mandatory negative set,operator-corrective-review-v2,Exact reviewed critical outcome
critical-negative-048,negative,sauce poisson,en,unresolved,,{},{},corrective request mandatory negative set,operator-corrective-review-v2,Exact reviewed critical outcome
critical-negative-049,negative,salsa inglesa,en,unresolved,,{},{},corrective request mandatory negative set,operator-corrective-review-v2,Exact reviewed critical outcome
critical-negative-050,negative,salsa teriyaki,en,unresolved,,{},{},corrective request mandatory negative set,operator-corrective-review-v2,Exact reviewed critical outcome
critical-negative-051,negative,salsa hoisin,en,unresolved,,{},{},corrective request mandatory negative set,operator-corrective-review-v2,Exact reviewed critical outcome
critical-negative-052,negative,salsa barbecue,en,unresolved,,{},{},corrective request mandatory negative set,operator-corrective-review-v2,Exact reviewed critical outcome
critical-negative-053,negative,salsa oyster,en,unresolved,,{},{},corrective request mandatory negative set,operator-corrective-review-v2,Exact reviewed critical outcome
critical-negative-054,negative,salsa Worcestershire,en,unresolved,,{},{},corrective request mandatory negative set,operator-corrective-review-v2,Exact reviewed critical outcome
critical-negative-055,negative,salsa de ostras,en,unresolved,,{},{},corrective request mandatory negative set,operator-corrective-review-v2,Exact reviewed critical outcome
critical-negative-056,negative,rice flour,en,unresolved,,{},{},corrective request mandatory negative set,operator-corrective-review-v2,Exact reviewed critical outcome
critical-negative-057,negative,brown rice flour,en,unresolved,,{},{},corrective request mandatory negative set,operator-corrective-review-v2,Exact reviewed critical outcome
critical-negative-058,negative,white rice flour,en,unresolved,,{},{},corrective request mandatory negative set,operator-corrective-review-v2,Exact reviewed critical outcome
critical-negative-059,negative,glutinous rice flour,en,unresolved,,{},{},corrective request mandatory negative set,operator-corrective-review-v2,Exact reviewed critical outcome
critical-negative-060,negative,rice wine,en,unresolved,,{},{},corrective request mandatory negative set,operator-corrective-review-v2,Exact reviewed critical outcome
critical-negative-061,negative,Chinese rice wine,en,unresolved,,{},{},corrective request mandatory negative set,operator-corrective-review-v2,Exact reviewed critical outcome
critical-negative-062,negative,Shaoxing rice wine,en,unresolved,,{},{},corrective request mandatory negative set,operator-corrective-review-v2,Exact reviewed critical outcome
critical-negative-063,negative,rice wine vinegar,en,unresolved,,{},{},corrective request mandatory negative set,operator-corrective-review-v2,Exact reviewed critical outcome
critical-negative-064,negative,rice paper,en,unresolved,,{},{},corrective request mandatory negative set,operator-corrective-review-v2,Exact reviewed critical outcome
critical-negative-065,negative,rice noodles,en,accepted,noodle,"{""form"":""noodle"",""variety"":""rice""}",{},corrective request mandatory negative set,operator-corrective-review-v2,Exact reviewed critical outcome
critical-negative-066,negative,rice milk,en,unresolved,,{},{},corrective request mandatory negative set,operator-corrective-review-v2,Exact reviewed critical outcome
critical-negative-067,negative,rice syrup,en,unresolved,,{},{},corrective request mandatory negative set,operator-corrective-review-v2,Exact reviewed critical outcome
critical-negative-068,negative,rice bran oil,en,unresolved,,{},{},corrective request mandatory negative set,operator-corrective-review-v2,Exact reviewed critical outcome
critical-negative-069,negative,rice starch,en,unresolved,,{},{},corrective request mandatory negative set,operator-corrective-review-v2,Exact reviewed critical outcome
critical-negative-070,negative,rice crackers,en,unresolved,,{},{},corrective request mandatory negative set,operator-corrective-review-v2,Exact reviewed critical outcome
critical-negative-071,negative,rice pudding,en,unresolved,,{},{},corrective request mandatory negative set,operator-corrective-review-v2,Exact reviewed critical outcome
critical-negative-072,negative,rice cake,en,unresolved,,{},{},corrective request mandatory negative set,operator-corrective-review-v2,Exact reviewed critical outcome
critical-negative-073,negative,rice seasoning,en,unresolved,,{},{},corrective request mandatory negative set,operator-corrective-review-v2,Exact reviewed critical outcome
critical-negative-074,negative,rice cooking wine,en,unresolved,,{},{},corrective request mandatory negative set,operator-corrective-review-v2,Exact reviewed critical outcome
critical-negative-075,negative,rice vermicelli,en,unresolved,,{},{},corrective request mandatory negative set,operator-corrective-review-v2,Exact reviewed critical outcome
critical-negative-076,negative,peanut oil,en,accepted,oil,"{""variety"":""peanut""}",{},corrective request mandatory negative set,operator-corrective-review-v2,Exact reviewed critical outcome
critical-negative-077,negative,refined peanut oil,en,unresolved,,{},{},corrective request mandatory negative set,operator-corrective-review-v2,Exact reviewed critical outcome
critical-negative-078,negative,roasted peanut oil,en,unresolved,,{},{},corrective request mandatory negative set,operator-corrective-review-v2,Exact reviewed critical outcome
critical-negative-079,negative,cold pressed peanut oil,en,unresolved,,{},{},corrective request mandatory negative set,operator-corrective-review-v2,Exact reviewed critical outcome
critical-negative-080,negative,groundnut oil,en,unresolved,,{},{},corrective request mandatory negative set,operator-corrective-review-v2,Exact reviewed critical outcome
critical-negative-081,negative,arachis oil,en,unresolved,,{},{},corrective request mandatory negative set,operator-corrective-review-v2,Exact reviewed critical outcome
critical-negative-082,negative,peanut cooking oil,en,unresolved,,{},{},corrective request mandatory negative set,operator-corrective-review-v2,Exact reviewed critical outcome
critical-negative-083,negative,peanut frying oil,en,unresolved,,{},{},corrective request mandatory negative set,operator-corrective-review-v2,Exact reviewed critical outcome
critical-negative-084,negative,peanut flavored oil,en,unresolved,,{},{},corrective request mandatory negative set,operator-corrective-review-v2,Exact reviewed critical outcome
critical-negative-085,negative,blended peanut oil,en,unresolved,,{},{},corrective request mandatory negative set,operator-corrective-review-v2,Exact reviewed critical outcome
critical-negative-086,negative,piment,en,unresolved,,{},{},corrective request mandatory negative set,operator-corrective-review-v2,Exact reviewed critical outcome
critical-negative-087,negative,ground piment,en,unresolved,,{},{},corrective request mandatory negative set,operator-corrective-review-v2,Exact reviewed critical outcome
critical-negative-088,negative,fresh piment,en,unresolved,,{},{},corrective request mandatory negative set,operator-corrective-review-v2,Exact reviewed critical outcome
critical-negative-089,negative,red piment,en,unresolved,,{},{},corrective request mandatory negative set,operator-corrective-review-v2,Exact reviewed critical outcome
critical-negative-090,negative,green piment,en,unresolved,,{},{},corrective request mandatory negative set,operator-corrective-review-v2,Exact reviewed critical outcome
critical-negative-091,negative,cornflour,en,unresolved,,{},{},corrective request mandatory negative set,operator-corrective-review-v2,Exact reviewed critical outcome
critical-negative-092,negative,fine cornflour,en,unresolved,,{},{},corrective request mandatory negative set,operator-corrective-review-v2,Exact reviewed critical outcome
critical-negative-093,negative,white cornflour,en,unresolved,,{},{},corrective request mandatory negative set,operator-corrective-review-v2,Exact reviewed critical outcome
critical-negative-094,negative,wheat cornflour,en,unresolved,,{},{},corrective request mandatory negative set,operator-corrective-review-v2,Exact reviewed critical outcome
critical-negative-095,negative,cornflour starch,en,unresolved,,{},{},corrective request mandatory negative set,operator-corrective-review-v2,Exact reviewed critical outcome
critical-negative-096,negative,tomato puree,en,unresolved,,{},{},corrective request mandatory negative set,operator-corrective-review-v2,Exact reviewed critical outcome
critical-negative-097,negative,tomato purée,en,unresolved,,{},{},corrective request mandatory negative set,operator-corrective-review-v2,Exact reviewed critical outcome
critical-negative-098,negative,smooth tomato puree,en,unresolved,,{},{},corrective request mandatory negative set,operator-corrective-review-v2,Exact reviewed critical outcome
critical-negative-099,negative,thick tomato puree,en,unresolved,,{},{},corrective request mandatory negative set,operator-corrective-review-v2,Exact reviewed critical outcome
critical-negative-100,negative,concentrated tomato puree,en,unresolved,,{},{},corrective request mandatory negative set,operator-corrective-review-v2,Exact reviewed critical outcome
critical-negative-101,negative,air,en,unresolved,,{},{},corrective request mandatory negative set,operator-corrective-review-v2,Exact reviewed critical outcome
critical-negative-102,negative,cold air,en,unresolved,,{},{},corrective request mandatory negative set,operator-corrective-review-v2,Exact reviewed critical outcome
critical-negative-103,negative,warm air,en,unresolved,,{},{},corrective request mandatory negative set,operator-corrective-review-v2,Exact reviewed critical outcome
critical-negative-104,negative,dry air,en,unresolved,,{},{},corrective request mandatory negative set,operator-corrective-review-v2,Exact reviewed critical outcome
critical-negative-105,negative,compressed air,en,unresolved,,{},{},corrective request mandatory negative set,operator-corrective-review-v2,Exact reviewed critical outcome
critical-negative-106,negative,garam,en,unresolved,,{},{},corrective request mandatory negative set,operator-corrective-review-v2,Exact reviewed critical outcome
critical-negative-107,negative,ground garam,en,unresolved,,{},{},corrective request mandatory negative set,operator-corrective-review-v2,Exact reviewed critical outcome
critical-negative-108,negative,fresh garam,en,unresolved,,{},{},corrective request mandatory negative set,operator-corrective-review-v2,Exact reviewed critical outcome
critical-negative-109,negative,garam powder,en,unresolved,,{},{},corrective request mandatory negative set,operator-corrective-review-v2,Exact reviewed critical outcome
critical-negative-110,negative,garam spice,en,unresolved,,{},{},corrective request mandatory negative set,operator-corrective-review-v2,Exact reviewed critical outcome
critical-negative-111,negative,legume,en,unresolved,,{},{},corrective request mandatory negative set,operator-corrective-review-v2,Exact reviewed critical outcome
critical-negative-112,negative,legumes,en,unresolved,,{},{},corrective request mandatory negative set,operator-corrective-review-v2,Exact reviewed critical outcome
critical-negative-113,negative,fresh legumes,en,unresolved,,{},{},corrective request mandatory negative set,operator-corrective-review-v2,Exact reviewed critical outcome
critical-negative-114,negative,mixed legumes,en,unresolved,,{},{},corrective request mandatory negative set,operator-corrective-review-v2,Exact reviewed critical outcome
critical-negative-115,negative,dried legumes,en,unresolved,,{},{},corrective request mandatory negative set,operator-corrective-review-v2,Exact reviewed critical outcome
critical-negative-116,negative,red capsicum,en,unresolved,,{},{},corrective request mandatory negative set,operator-corrective-review-v2,Exact reviewed critical outcome
critical-negative-117,negative,green capsicum,en,unresolved,,{},{},corrective request mandatory negative set,operator-corrective-review-v2,Exact reviewed critical outcome
critical-negative-118,negative,yellow capsicum,en,unresolved,,{},{},corrective request mandatory negative set,operator-corrective-review-v2,Exact reviewed critical outcome
critical-negative-119,negative,red bell pepper,en,accepted,bell-pepper,"{""variety"":""red""}",{},corrective request mandatory negative set,operator-corrective-review-v2,Exact reviewed critical outcome
critical-negative-120,negative,green bell pepper,en,accepted,bell-pepper,"{""variety"":""green""}",{},corrective request mandatory negative set,operator-corrective-review-v2,Exact reviewed critical outcome
critical-negative-121,negative,yellow bell pepper,en,accepted,bell-pepper,"{""variety"":""yellow""}",{},corrective request mandatory negative set,operator-corrective-review-v2,Exact reviewed critical outcome
critical-negative-122,negative,fresh red chilli,en,unresolved,,{},{},corrective request mandatory negative set,operator-corrective-review-v2,Exact reviewed critical outcome
critical-negative-123,negative,red chilli pepper,en,unresolved,,{},{},corrective request mandatory negative set,operator-corrective-review-v2,Exact reviewed critical outcome
critical-negative-124,negative,green chilli pepper,en,unresolved,,{},{},corrective request mandatory negative set,operator-corrective-review-v2,Exact reviewed critical outcome
critical-negative-125,negative,jalapeño pepper,en,accepted,jalapeno-pepper,"{""variety"":""jalapeno""}",{},corrective request mandatory negative set,operator-corrective-review-v2,Exact reviewed critical outcome
critical-negative-126,negative,banana pepper,en,unresolved,,{},{},corrective request mandatory negative set,operator-corrective-review-v2,Exact reviewed critical outcome
critical-negative-127,negative,sweet pepper,en,unresolved,,{},{},corrective request mandatory negative set,operator-corrective-review-v2,Exact reviewed critical outcome
critical-negative-128,negative,roasted red pepper,en,unresolved,,{},{},corrective request mandatory negative set,operator-corrective-review-v2,Exact reviewed critical outcome
critical-negative-129,negative,pickled red pepper,en,unresolved,,{},{},corrective request mandatory negative set,operator-corrective-review-v2,Exact reviewed critical outcome
critical-negative-130,negative,capsicum pepper,en,unresolved,,{},{},corrective request mandatory negative set,operator-corrective-review-v2,Exact reviewed critical outcome
critical-negative-131,negative,hazelnut milk,en,unresolved,,{},{},corrective request mandatory negative set,operator-corrective-review-v2,Exact reviewed critical outcome
critical-negative-132,negative,almond milk,en,accepted,milk-alternative,"{""variety"":""almond""}",{},corrective request mandatory negative set,operator-corrective-review-v2,Exact reviewed critical outcome
critical-negative-133,negative,oat milk,en,unresolved,,{},{},corrective request mandatory negative set,operator-corrective-review-v2,Exact reviewed critical outcome
critical-negative-134,negative,rice milk,en,unresolved,,{},{},corrective request mandatory negative set,operator-corrective-review-v2,Exact reviewed critical outcome
critical-negative-135,negative,soy milk,en,unresolved,,{},{},corrective request mandatory negative set,operator-corrective-review-v2,Exact reviewed critical outcome
critical-negative-136,negative,coconut milk,en,accepted,coconut-milk,"{""variety"":""coconut""}",{},corrective request mandatory negative set,operator-corrective-review-v2,Exact reviewed critical outcome
critical-negative-137,negative,cashew milk,en,unresolved,,{},{},corrective request mandatory negative set,operator-corrective-review-v2,Exact reviewed critical outcome
critical-negative-138,negative,pea milk,en,unresolved,,{},{},corrective request mandatory negative set,operator-corrective-review-v2,Exact reviewed critical outcome
critical-negative-139,negative,hemp milk,en,unresolved,,{},{},corrective request mandatory negative set,operator-corrective-review-v2,Exact reviewed critical outcome
critical-negative-140,negative,macadamia milk,en,unresolved,,{},{},corrective request mandatory negative set,operator-corrective-review-v2,Exact reviewed critical outcome
critical-negative-141,negative,food,en,unresolved,,{},{},corrective request mandatory negative set,operator-corrective-review-v2,Exact reviewed critical outcome
critical-negative-142,negative,ingredient,en,unresolved,,{},{},corrective request mandatory negative set,operator-corrective-review-v2,Exact reviewed critical outcome
critical-negative-143,negative,plant derived,en,unresolved,,{},{},corrective request mandatory negative set,operator-corrective-review-v2,Exact reviewed critical outcome
critical-negative-144,negative,animal derived,en,unresolved,,{},{},corrective request mandatory negative set,operator-corrective-review-v2,Exact reviewed critical outcome
critical-negative-145,negative,vegetable,en,unresolved,,{},{},corrective request mandatory negative set,operator-corrective-review-v2,Exact reviewed critical outcome
critical-negative-146,negative,fruit,en,unresolved,,{},{},corrective request mandatory negative set,operator-corrective-review-v2,Exact reviewed critical outcome
critical-negative-147,negative,herb,en,unresolved,,{},{},corrective request mandatory negative set,operator-corrective-review-v2,Exact reviewed critical outcome
critical-negative-148,negative,spice,en,unresolved,,{},{},corrective request mandatory negative set,operator-corrective-review-v2,Exact reviewed critical outcome
critical-negative-149,negative,nut,en,unresolved,,{},{},corrective request mandatory negative set,operator-corrective-review-v2,Exact reviewed critical outcome
critical-negative-150,negative,seed,en,unresolved,,{},{},corrective request mandatory negative set,operator-corrective-review-v2,Exact reviewed critical outcome
critical-negative-151,negative,grain,en,unresolved,,{},{},corrective request mandatory negative set,operator-corrective-review-v2,Exact reviewed critical outcome
critical-negative-152,negative,dairy,en,unresolved,,{},{},corrective request mandatory negative set,operator-corrective-review-v2,Exact reviewed critical outcome
critical-negative-153,negative,condiment,en,unresolved,,{},{},corrective request mandatory negative set,operator-corrective-review-v2,Exact reviewed critical outcome
critical-negative-154,negative,beverage,en,unresolved,,{},{},corrective request mandatory negative set,operator-corrective-review-v2,Exact reviewed critical outcome
critical-negative-155,negative,meal,en,unresolved,,{},{},corrective request mandatory negative set,operator-corrective-review-v2,Exact reviewed critical outcome
critical-negative-pt-legumes,negative,legumes,pt,unresolved,,{},"{""cohort"":""pt""}",corrective request PT legume,operator-corrective-review-v2,PT wording is not pulse identity
critical-negative-ro-legume,negative,legume,ro,unresolved,,{},"{""cohort"":""ro""}",corrective request RO legume,operator-corrective-review-v2,RO wording is not pulse identity
critical-negative-salsa-no-owner-evidence,negative,salsa,pt,unresolved,,{},"{""cohort"":""pt""}",corrective request provider scope,operator-corrective-review-v2,Cohort alone cannot accept salsa
critical-negative-salsa-wrong-owner-evidence,negative,salsa,pt,unresolved,,{},"{""cohort"":""pt"",""provider_review_key"":""wrong-owner""}",corrective request provider scope,operator-corrective-review-v2,Another owner's provider evidence cannot leak
critical-denied-rule-19,negative,salsa de soja,en,unresolved,,{},{},taxonomy_match_rules.id=19,operator-corrective-review-v2,Denied v3 identity mechanism must not resolve
critical-denied-rule-27,negative,fresh jalapeño chilli,en,unresolved,,{},{},taxonomy_match_rules.id=27,operator-corrective-review-v2,Denied v3 identity mechanism must not resolve
critical-denied-rule-57,negative,rice flour,en,unresolved,,{},{},taxonomy_match_rules.id=57,operator-corrective-review-v2,Denied v3 identity mechanism must not resolve
critical-denied-rule-71,negative,spring onions shallots,en,unresolved,,{},{},taxonomy_match_rules.id=71,operator-corrective-review-v2,Denied v3 identity mechanism must not resolve
critical-denied-rule-98,negative,bitter çikolata,en,unresolved,,{},{},taxonomy_match_rules.id=98,operator-corrective-review-v2,Denied v3 identity mechanism must not resolve
critical-denied-rule-99,negative,cardamom pods,en,unresolved,,{},{},taxonomy_match_rules.id=99,operator-corrective-review-v2,Denied v3 identity mechanism must not resolve
